country_name,country_id,year,Inflation (CPI %),GDP (Current USD),GDP per Capita (Current USD),Unemployment Rate (%),"Inflation (GDP Deflator, %)",GDP Growth (% Annual),Current Account Balance (% GDP),Gross National Income (USD)
Aruba,aw,2010,2.07814071860787,2453597206.70391,24093.1401510626,,-1.22340655068425,-2.73345679250639,-18.7525373189382,2313385195.53073
Aruba,aw,2011,4.31629742195203,2637859217.87709,25712.3843015186,,4.00567421402882,3.36923718421511,-9.8776559966521,2391841396.64804
Aruba,aw,2012,0.627471992893373,2615208379.88827,25119.6655449838,,0.184032701346126,-1.04079988436683,3.47345127544661,2499117877.09497
Aruba,aw,2013,-2.37206524252261,2727849720.67039,25813.5767274227,,-1.99594849465619,6.43148260418822,-11.8132064186599,2563517262.56983
Aruba,aw,2014,0.421440918881214,2790849720.67039,26129.8390617693,,3.95889741019282,-1.58657513817235,-4.65857687581846,2688102402.23464
Aruba,aw,2015,0.474763597342641,2962907262.56983,27458.2253310273,,6.831286936157,-0.623625902371245,3.99414168614573,2838143910.61453
Aruba,aw,2016,-0.931195987079561,2983635195.53073,27441.5296617282,,-1.00279969703662,1.71962497989442,4.73177774121448,2848406201.11732
Aruba,aw,2017,-1.02828178762012,3092429050.27933,28440.051963759,,-3.17816679833555,7.04853338603499,1.11979544978693,2921801005.58659
Aruba,aw,2018,3.62604141352961,3276184357.5419,30082.1276448186,,3.46202953211427,2.39708527621045,-0.591367072740339,3061556895.54345
Aruba,aw,2019,4.25746204335428,3395798882.68156,31096.2050738676,,6.01781611792313,-2.23244039160568,2.49710965476204,3242394120.10797
Aruba,aw,2020,,2481857122.8401,22855.9323200761,,-0.951473042327038,-26.2118207828803,-12.7507541445433,2413701726.62848
Aruba,aw,2021,,2929446578.25104,27200.0610793969,,-4.91262490390014,24.1326273569798,2.70553036523941,2824767104.28028
Aruba,aw,2022,,3279343543.60416,30559.5335346581,,3.15727939363973,8.51791810517545,7.03054716243499,3154132445.31878
Aruba,aw,2023,,3648573136.15155,33984.7906198041,,6.70946117676064,4.26371941452948,5.33080727344514,3332806320.74332
Afghanistan,af,2010,2.17853752389419,15856668555.8336,560.621505463146,7.753,3.81463031545211,14.3624414710737,-3.64331388234628,15885775064.3022
Afghanistan,af,2011,11.8041858089129,17805098206.3141,606.694676337726,7.784,16.5933467401627,0.426354776777345,-12.6195382087159,17781511431.23
Afghanistan,af,2012,6.44121280934117,19907329777.5872,651.417134470046,7.856,7.30175646760432,12.7522870926697,-25.8706814974751,19961261595.0253
Afghanistan,af,2013,7.38577178397855,20146416757.5987,637.087099117099,7.93,4.82278547876986,5.60074465863221,-25.290058564309,20209353657.8054
Afghanistan,af,2014,4.67399603536345,20497128555.6972,625.054941813938,7.915,0.56694454253261,2.72454336219565,-15.7724198274304,20559672324.9094
Afghanistan,af,2015,-0.661709164713742,19134221644.7325,565.569730408751,9.052,2.44756300147404,1.45131466066431,-21.9126573355151,19249499438.7455
Afghanistan,af,2016,4.38389195513915,18116572395.0772,522.082215583898,10.133,-2.19752646733461,2.26031420279821,-14.9501951919169,18350475875.2999
Afghanistan,af,2017,4.97595150553833,18753456497.8159,525.469770891619,11.184,2.40365618765746,2.6470032027451,-18.9559612272258,18961769787.4548
Afghanistan,af,2018,0.626149149168847,18053222687.4126,491.337221382603,11.196,2.07134857783487,1.18922812944517,-21.5852741164653,18294513957.5523
Afghanistan,af,2019,2.30237251516834,18799444490.1128,496.6025042585,11.185,6.52147984832531,3.91160341625552,-20.1704643881064,19080662010.7479
Afghanistan,af,2020,5.60188791482224,19955929052.1496,510.787063366811,11.71,6.9629462552564,-2.35110067203466,-15.7183027911684,20105156769.1907
Afghanistan,af,2021,5.13320340824963,14259995441.0759,356.496214115892,11.994,2.83899625081041,-20.7388393676343,,14346089107.5906
Afghanistan,af,2022,13.7121023720065,14497243872.1337,357.261152798144,14.1,9.40623933931322,-6.24017199240269,,14540297385.7235
Afghanistan,af,2023,-4.64470870797775,17233051620.1117,415.707417059086,13.991,2.9616535410169,2.71088679128353,,17315384702.8949
Angola,ao,2010,14.4696564932577,83799474069.7315,3597.34293216332,16.618,32.2704691224412,4.39837593810763,8.95704217526965,75712612170.385
Angola,ao,2011,13.4824679218511,111789747670.59,4615.91059831778,16.77,31.7714601558986,3.47205314798103,11.7046835510956,102092420981.586
Angola,ao,2012,10.2779049218839,128052915766.343,5086.02740086376,16.562,7.25574990943825,8.54210707584141,10.80895743621,117631162045.945
Angola,ao,2013,8.77781429332624,132339109040.232,5057.74787833163,16.492,2.83972412637765,4.95461303112738,6.15469619733807,122755567485.072
Angola,ao,2014,7.28038730361121,135966802586.713,5005.9997412707,16.406,3.56088477205805,4.82255926962156,-2.75620042901358,127708790750.385
Angola,ao,2015,9.35597215533784,90496420506.5957,3213.90261080059,16.49,-3.51838534598478,0.943571561325001,-11.351655507595,85895384573.1888
Angola,ao,2016,30.6944150806719,52761617225.9253,1807.95294072643,16.575,21.7742355863884,-2.58004964404932,-5.84742399005694,50010057163.2154
Angola,ao,2017,29.8444799015679,73690154990.7312,2437.25971190821,16.61,22.6145140271114,-0.147212941085755,-0.858821843953161,69161228469.8929
Angola,ao,2018,19.6289379701521,79450688259.3664,2538.59139143371,16.594,28.1670932554891,-1.31636168896895,9.31723397425301,73313113234.0482
Angola,ao,2019,17.080954143438,70897962732.0277,2189.85571407618,16.497,19.1870038271785,-0.702272957616017,7.24618124732477,64488157749.3216
Angola,ao,2020,22.271539247051,48501561203.5686,1449.92286669308,16.69,10.7631052824799,-5.63821471714934,1.797710856441,44145038180.9309
Angola,ao,2021,25.7542948841891,66505129987.7235,1925.87466082167,15.799,38.8237218374918,1.19921052145153,12.6297800641592,61051288255.8458
Angola,ao,2022,21.3552901320822,104399746853.401,2929.69445467272,14.602,13.7105940226231,3.04472652391918,11.2671532788355,96358693004.0163
Angola,ao,2023,13.6441017767715,84824654481.7249,2308.15976731274,14.537,17.6195377226942,1.00128936028298,4.93369978468039,76758270166.8651
Albania,al,2010,3.6271009151748,11926926615.8015,4094.34968570481,14.086,4.49314320031891,3.70693815255319,-11.3658658518304,11807769437.1323
Albania,al,2011,3.42807130141503,12890760315.146,4437.14116097061,13.481,2.31474379699794,2.54540614450104,-12.9331014515688,12894099798.9481
Albania,al,2012,2.03159268395296,12319834195.331,4247.63134315945,13.376,1.04271460643407,1.4172427999078,-10.2001762330966,12228069196.1144
Albania,al,2013,1.93762080205223,12776224496.9718,4413.06338346821,15.866,0.288745964127756,1.00201754071108,-9.27418778932724,12996543353.0861
Albania,al,2014,1.62586504402604,13228147516.1168,4578.63320812155,18.055,1.54991706986272,1.77444885260394,-10.7753990397848,13349419700.4171
Albania,al,2015,3.50120835492657,11386853113.0189,3952.80357364813,17.193,0.563991350160876,2.21872637517804,-8.60488046763521,11521811393.6203
Albania,al,2016,-0.367317209784652,11861199830.8396,4124.05538986272,15.418,-0.632653419095547,3.31498068384137,-7.59082599857198,12053832974.203
Albania,al,2017,2.06059845920226,13019726211.7369,4531.03220675893,13.616,1.45073158124514,3.80259872019053,-7.54422875202925,13051517643.6213
Albania,al,2018,2.02805963071135,15379509891.7196,5365.48934672897,12.304,2.9665236560994,4.01934561695576,-6.60766413996776,15361070727.3542
Albania,al,2019,1.41109078954251,15585105131.0644,5460.42823730592,11.466,1.00059083830071,2.06256753999989,-7.82064680790707,15383523591.8511
Albania,al,2020,1.62088661717004,15241458744.8688,5370.77862312929,11.69,0.0410649973272115,-3.31371614712083,-8.62504716701021,14991229141.5555
Albania,al,2021,2.04147163139545,18032010563.7558,6413.28328605026,11.474,3.44439880912799,8.96955339178935,-7.59590759205624,17780838454.9845
Albania,al,2022,6.7252027153006,19017242585.7803,6846.42614266044,10.137,9.86157415467682,4.82668831434437,-5.87243640069213,18686023829.0718
Albania,al,2023,4.75976421930106,23547179830.4413,8575.17113446213,10.108,6.06604947510885,3.93662525742167,-1.19632174783293,23246482646.2791
Andorra,ad,2010,,3449925738.86069,42746.8309526019,,0.374313758110119,-1.97495799965345,,
Andorra,ad,2011,,3629133574.27783,46657.1561173756,,0.196764152031051,-0.0080697534113909,,
Andorra,ad,2012,,3188652765.36184,41500.5435791686,,0.174556905779482,-4.97444371853503,,
Andorra,ad,2013,,3193512950.02419,42470.3161159692,,0.448492200194735,-3.54759651549344,,
Andorra,ad,2014,,3271685596.66321,44369.659691379,,-0.0840193165570753,2.50446552114518,,
Andorra,ad,2015,,2789881258.50362,38654.9347203095,,0.660588959137868,1.43414039522716,,
Andorra,ad,2016,,2896610479.73077,40129.8192007698,,0.347795381575793,3.70967806978986,,
Andorra,ad,2017,,3000162081.11976,40672.9943348258,,1.13650934319639,0.346071889630295,,
Andorra,ad,2018,,3218419896.9641,42819.7745797624,,1.01247848005298,1.58876549046354,,
Andorra,ad,2019,,3155149347.80639,41257.8045846483,,1.37475350829189,2.01554763848308,18.0104704758856,3462352923.13403
Andorra,ad,2020,,2891001149.3611,37361.0900666982,,1.11378607410401,-11.1839399355384,15.5264308539605,3268595543.70399
Andorra,ad,2021,,3324647529.381,42425.6996756291,,2.5588606935971,8.28677879049404,15.0218009387808,3576595365.25519
Andorra,ad,2022,,3380612573.32922,42414.0590092117,,4.23665226454663,9.56461225648184,11.643445126406,3715466876.22408
Andorra,ad,2023,,3785067331.7625,46812.4484486309,,6.29560082401824,2.58355480961319,14.2213228058781,
United Arab Emirates,ae,2010,0.877983288285867,300189052694.029,43696.6712597922,2.811,16.5278863640702,1.60285004844802,,300105186118.127
United Arab Emirates,ae,2011,0.87734659568512,360832739558.385,50789.0505418347,2.596,13.1672193765795,6.21612181337187,,360968069714.954
United Arab Emirates,ae,2012,0.662268900269009,384610125384.033,52034.4762466073,2.327,4.67972511760814,1.82448078870188,,384909648869.397
United Arab Emirates,ae,2013,1.1011183637571,400218529747.597,52023.5170958751,2.126,-0.94932531950414,5.05555965425988,,400681429679.523
United Arab Emirates,ae,2014,2.34626865671643,414105366758.911,51381.4069909213,2.002,-0.668049355939203,4.16569184256178,,414764318426.712
United Arab Emirates,ae,2015,4.06996608361593,370275469560.166,43534.9972681733,1.793,-16.2670060316676,6.78677287945216,,372018151656.831
United Arab Emirates,ae,2016,1.61748808904198,369255326235.771,41326.4018161834,1.64,-5.52947860546242,5.56149075496799,,371351990633.321
United Arab Emirates,ae,2017,1.96682557818842,390516804016.501,42340.5917145576,2.462,4.98621314114183,0.735068713165646,,393294203608.06
United Arab Emirates,ae,2018,3.06863379251997,427049432149.345,45689.8570040215,2.236,7.93674803487896,1.31391388141118,,428473530175.213
United Arab Emirates,ae,2019,-1.93108114782173,417989721734.494,44251.4541390148,2.331,-3.19440940863002,1.10834813893099,,420051262918.973
United Arab Emirates,ae,2020,-2.07940317940944,349473015336.939,37173.8754100281,4.294,-12.0313052945464,-4.95705243652739,,347594186201.473
United Arab Emirates,ae,2021,0.179935336174431,415178792769.884,43360.0211014806,3.105,13.8437703394455,4.35475529921305,,414443598760.354
United Arab Emirates,ae,2022,5.29122604376849,502731935197.487,49899.0652978649,2.872,12.6298936875673,7.50969703221836,,502786394013.008
United Arab Emirates,ae,2023,1.62670837213248,514130432653.081,49040.6947525825,2.151,-1.30420016236501,3.61870653547174,,517969779147.295
Argentina,ar,2010,,423627422092.49,10260.1313108254,7.714,20.915124272047,10.1253981561002,-0.383118699737132,409192468872.686
Argentina,ar,2011,,530158122010.442,12704.2831819684,7.18,23.7034721839593,6.00395169280579,-1.00728084144866,515004538945.145
Argentina,ar,2012,,545982375701.128,12949.717486654,7.217,22.3148806733049,-1.0264204544321,-0.39159512386959,533073608485.977
Argentina,ar,2013,,552025140252.246,12963.675773326,7.1,23.9487984162746,2.40532378079436,-2.37749566620574,540185748561.537
Argentina,ar,2014,,526319673731.638,12233.1444119186,7.268,40.2829716315506,-2.51261532081394,-1.74400211981355,515532241212.846
Argentina,ar,2015,,594749285413.212,13679.6264980954,7.579,26.5799916024707,2.73115982828944,-2.96292666513535,583615452086.538
Argentina,ar,2016,,557532320662.955,12699.9623137756,8.085,41.1193799882279,-2.08032784377811,-2.70922168361454,545251641127.714
Argentina,ar,2017,,643628393281.364,14532.5009308511,8.347,26.0063792819079,2.81850297775918,-4.83995921807391,627200463933.824
Argentina,ar,2018,,524819892360.176,11752.7998922979,9.22,42.0336689575031,-2.61739646282038,-5.16055257152294,506094045059.703
Argentina,ar,2019,,447754683615.225,9955.97478680428,9.843,49.1955790596612,-2.00086100285785,-0.779998447561849,430166792070.565
Argentina,ar,2020,,385740508436.965,8535.59938004389,11.461,40.0830878011993,-9.9004848136464,0.696935361136032,375344057341.93
Argentina,ar,2021,,486564085480.036,10738.0179223384,8.736,53.8020877665554,10.4418119882506,1.36154422203441,476802271007.631
Argentina,ar,2022,,632790070063.124,13935.6811110049,6.805,69.8760842459268,5.26987967384072,-0.640820188045601,621165221747.635
Argentina,ar,2023,,646075277525.125,14187.4827252965,6.139,135.368876310592,-1.61100162090189,-3.24351254822955,632729881149.353
Armenia,am,2010,8.17636138473952,9260285755.62424,3041.34450723339,19.523,7.76871548067652,2.2000000002151,-13.6219482985734,9718566996.01031
Armenia,am,2011,7.65000807859294,10142111824.5835,3349.55309771906,18.884,4.28154999826118,4.69999999867412,-10.4403281934474,10502185416.5704
Armenia,am,2012,2.55802007757907,10619320682.9474,3511.56399687426,17.511,5.34580441814725,7.20000000096486,-9.96233164214969,11042356845.1045
Armenia,am,2013,5.78966778544651,11121464437.0415,3680.16692158886,16.576,3.36682464224465,3.3,-7.31624657065382,11804011412.1342
Armenia,am,2014,2.98130868933672,11609513246.7958,3852.11800610384,17.498,2.30918242990974,3.60000000058993,-7.76786633240124,12131729269.7992
Armenia,am,2015,3.73169119261693,10553337518.414,3512.39350276709,18.261,1.21390990471085,3.19999999896625,-2.66180705584758,10981745035.9775
Armenia,am,2016,-1.403607559009,10546136235.5219,3524.42476874707,17.617,0.268575076501392,0.199999999825991,-0.956577968660235,10791195836.7939
Armenia,am,2017,0.969553268816138,11527458709.0158,3869.05373867752,17.704,2.15064189848613,7.50000000164144,-1.260724020147,11933013892.6253
Armenia,am,2018,2.52023382001638,12457940694.7395,4196.00562301769,18.966,2.78770951425761,5.19999999965324,-7.2281230237955,12658281183.7745
Armenia,am,2019,1.44344660770698,13619290539.2116,4597.22887399548,18.304,1.06562263923419,7.59999999853918,-7.05686573000043,13807148386.5538
Armenia,am,2020,1.21143577838465,12641698583.2152,4268.68093304583,18.175,1.80659270159933,-7.19999999920631,-3.99777390668494,12439008672.029
Armenia,am,2021,7.18483629443371,13878908628.9378,4685.17997128509,15.469,6.90051365787157,5.80000000065645,-3.47997395796116,13479935696.4488
Armenia,am,2022,8.64091108973855,19513506553.1251,6571.97445545099,13.379,7.98587852828175,12.5999999997766,0.331693235139525,18991671827.7595
Armenia,am,2023,1.98041877615554,24085749592.3359,8053.01066312345,13.245,2.67300354889213,8.29999999959539,-2.3097864408313,23434106610.7827
American Samoa,as,2010,,573000000.0,10375.1720141957,,-15.3648895532304,0.299850074962521,,
American Samoa,as,2011,,570000000.0,10383.459331451,,-0.52356020942409,0.0,,
American Samoa,as,2012,,640000000.0,11745.4899153958,,17.3684210526316,-4.33482810164425,,
American Samoa,as,2013,,638000000.0,11813.5022034589,,2.24358974358974,-2.5,,
American Samoa,as,2014,,643000000.0,12026.3344929488,,-0.962160294226521,1.76282051282051,,
American Samoa,as,2015,,673000000.0,12727.4102651386,,1.4697327650683,3.14960629921259,,
American Samoa,as,2016,,671000000.0,12843.3342903627,,1.40582171236608,-1.67938931297709,,
American Samoa,as,2017,,612000000.0,11863.6839452565,,-1.94089005769675,-6.98757763975155,,
American Samoa,as,2018,,639000000.0,12552.0546868861,,1.69536107125778,2.6711185308848,,
American Samoa,as,2019,,647000000.0,12886.1359517218,,1.74828930007058,-0.487804878048777,,
American Samoa,as,2020,,721000000.0,14489.2586563775,,6.72878072142282,4.41176470588236,,
American Samoa,as,2021,,750000000.0,15236.1604875571,,4.8425556863277,-0.782472613458523,,
American Samoa,as,2022,,871000000.0,18017.4589383973,,14.1527648578811,1.73501577287065,,
American Samoa,as,2023,,,,,,,,
Antigua and Barbuda,ag,2010,3.37002540220148,1298255555.55556,15216.3098400792,,1.60551428909972,-7.84043006330508,-10.8746896905601,1230670370.37037
Antigua and Barbuda,ag,2011,3.4567496723461,1281337037.03704,14841.9709613705,,0.668645512053459,-1.95872181050282,-5.09688220358304,1211055555.55556
Antigua and Barbuda,ag,2012,3.37688044338874,1327107407.40741,15208.6569723517,,0.192742785601624,3.37283525153347,-8.34018612878931,1240344444.44444
Antigua and Barbuda,ag,2013,1.05949782356169,1325425925.92593,15050.7122765935,,0.476877446195644,-0.600715511931753,-8.78109406191867,1255111111.11111
Antigua and Barbuda,ag,2014,1.08944157435355,1378829629.62963,15533.4831254394,,1.77839219993881,2.21145251322996,-0.0378931718702426,1318096296.2963
Antigua and Barbuda,ag,2015,0.968993458825638,1437755555.55556,16080.6580495873,,2.78817037438111,1.44515529873077,2.03355375207685,1353218518.51852
Antigua and Barbuda,ag,2016,-0.489437796230499,1489692592.59259,16557.843174789,,-0.468201309637678,4.09976553877765,-2.38746823038994,1392288888.88889
Antigua and Barbuda,ag,2017,2.43248789041363,1531151851.85185,16924.7894487758,,0.312054499370376,2.46333336590416,-7.7154739119248,1455000000.0
Antigua and Barbuda,ag,2018,1.20715793367008,1661529629.62963,18273.4270684912,,1.46029012290431,6.95318609219737,-13.9937660480859,1584474074.07407
Antigua and Barbuda,ag,2019,1.43135598182984,1725351851.85185,18884.3729680383,,0.718452311457611,3.10044514982847,-6.50941783211153,1653655555.55556
Antigua and Barbuda,ag,2020,0.625989707046719,1410796296.2963,15360.4544160475,,0.800069551909715,-18.8803992026325,-15.5756632582072,1404996296.2963
Antigua and Barbuda,ag,2021,2.06299638545334,1601366666.66667,17340.3790692554,,4.91376057826946,8.1917184618173,-17.7899425259443,1546348148.14815
Antigua and Barbuda,ag,2022,7.53107834634288,1867733333.33333,20117.7653310355,,6.49885619566375,9.51639564359461,-15.6164808799734,1777470370.37037
Antigua and Barbuda,ag,2023,5.06713865364213,2033085185.18518,21787.1017315914,,4.80547577274675,3.86201218730389,-13.33181701592,1940100000.0
Australia,au,2010,2.91834002677376,1148838233480.72,52144.6654705468,5.214,1.15377249328591,2.21998026536549,-4.00506862277956,1104203146194.09
Australia,au,2011,3.3038501560874,1398610616772.97,62605.600458306,5.083,6.20197668065047,2.40708018291988,-3.26400930085158,1342423020459.19
Australia,au,2012,1.76278015613196,1547532281116.4,68072.8732340801,5.225,1.8056989221342,3.91670942454073,-4.44404469042498,1500404222891.8
Australia,au,2013,2.4498886414254,1577123329410.88,68190.7010035651,5.663,-0.163600551424906,2.60219339436559,-3.25799888383101,1537801711446.54
Australia,au,2014,2.48792270531404,1468265356427.76,62544.0873773726,6.078,1.40539601622476,2.59528411594042,-3.09266163288854,1429834007640.0
Australia,au,2015,1.50836672165921,1351296372254.31,56739.0265346593,6.055,-0.623858470510584,2.19016928695221,-4.31257611103591,1323697450186.41
Australia,au,2016,1.27699094497324,1206836962281.84,49888.0410842736,5.711,-0.663157619625991,2.7593859723839,-3.6163121880746,1178195299351.86
Australia,au,2017,1.94864740944527,1325582658156.54,53901.7145392154,5.592,3.65318441813451,2.27959179820343,-3.00161155039194,1289235106327.62
Australia,au,2018,1.91140094445691,1427809041019.44,57196.4220783778,5.3,1.86901478899458,2.87846971467883,-2.56116066582786,1382739590115.65
Australia,au,2019,1.61076787290379,1392723834562.64,54972.7017885437,5.159,3.46820261012924,2.17154505737176,-0.0207105142276053,1345853874492.3
Australia,au,2020,0.846905537459305,1328414058378.38,51791.540179984,6.456,1.88550119010648,-0.119590735829973,1.87433748291951,1298368829650.52
Australia,au,2021,2.86391042204994,1556735770437.26,60607.7788605166,5.116,3.0799498600023,2.11116814768786,2.61066078948374,1539273615554.95
Australia,au,2022,6.59409671341846,1690858246994.43,64997.0136536475,3.728,7.17553361510235,4.24238555336139,0.337521409077968,1626539969365.68
Australia,au,2023,5.5970149253731,1728057316695.61,64820.9117890026,3.668,6.51199894950456,3.44199220009025,-0.300085449771847,1653703105439.57
Austria,at,2010,1.81353438995062,389827789217.634,46611.1393420232,4.883,0.891338457893553,1.8089826696085,2.94294851772084,395556468123.334
Austria,at,2011,3.2865791487538,428954737064.057,51116.8953522042,4.637,1.81993753082695,2.92746790789693,1.58501011759763,433140701458.172
Austria,at,2012,2.48567562177015,406750487603.59,48250.4059142637,4.909,2.09166482584344,0.628246179413949,1.51000017550336,409815209653.594
Austria,at,2013,2.00015616900597,426580502769.417,50305.3545774973,5.367,1.70872300692841,-0.250726545926739,1.75299233450364,431351356436.825
Austria,at,2014,1.60581182954474,438556021078.034,51314.9722616322,5.674,2.00674390270015,0.755799076892799,2.31393875506261,443168199835.449
Austria,at,2015,0.89656333526032,379546097300.633,43915.228020857,5.802,2.29263492397251,1.30352309798889,1.58832680063968,378210199399.805
Austria,at,2016,0.891591752655362,393687359770.273,45061.4993920192,6.064,1.81475079739224,2.11721967096108,2.57148776968201,395807521992.608
Austria,at,2017,2.08126911385587,414926138132.691,47163.7425775142,5.561,0.975317709275998,2.27225012037459,1.24444591726667,413348647948.824
Austria,at,2018,1.9983798142954,452582294972.775,51194.0749841299,4.933,1.81048023343624,2.48422086689928,0.908176708238319,450535680731.058
Austria,at,2019,1.53089564152644,442983642371.842,49885.9947355204,4.56,1.47368476959242,1.7549764558533,2.38423045289808,443323100627.45
Austria,at,2020,1.38191063351862,434397601557.696,48716.4098900349,5.201,2.59313274910787,-6.31825528670208,3.3513779974929,439547216701.013
Austria,at,2021,2.7666666666667,480467037338.783,53648.7190742245,6.459,1.92612910926519,4.79532910551458,1.71589946789047,486755828420.147
Austria,at,2022,8.5468699318845,471773629830.381,52176.6649141178,4.992,4.75477834804261,5.27789421203715,-0.829086609771728,470636395218.873
Austria,at,2023,7.81413417002832,511685203845.001,56033.573792065,5.264,6.64765341628686,-0.954962366849259,1.32556377170149,510079146471.293
Azerbaijan,az,2010,5.72687224669605,52909294791.9262,5843.5337683582,5.63,13.5458167908374,5.04894451349574,28.4268313519369,49741091452.7785
Azerbaijan,az,2011,7.8583333333334,65952796427.9473,7189.81869211976,5.42,22.524361140543,0.10000013782458,25.9957665612112,61441003132.8908
Azerbaijan,az,2012,1.06621339720303,69679944504.1972,7495.86527658099,5.19,2.88293295403217,2.1652394748416,21.4925357741895,65735414850.2186
Azerbaijan,az,2013,2.41571745279419,74160560123.6902,7875.34536661549,4.97,0.445064509020867,5.80980084268208,16.4935876692396,70472288892.4862
Azerbaijan,az,2014,1.37344181533176,75239785452.1022,7890.84028062087,4.91,-1.28499552026639,2.75050681535518,13.5683574038086,73082959455.4451
Azerbaijan,az,2015,4.02768573742726,53076235354.746,5500.50364628486,4.96,-8.84969256895297,1.09397591627469,-0.419198909856565,51379123217.2905
Azerbaijan,az,2016,12.4433748584372,37866996882.9157,3880.6852276838,5.0,14.6714002511137,-3.09999988037266,-3.60050733417184,35591412539.2769
Azerbaijan,az,2017,12.9359184187335,40866627351.9817,4147.1981423222,5.0,16.1724003104411,0.199999938958655,4.12208960991814,39321618331.876
Azerbaijan,az,2018,2.26854690373999,47112470051.7701,4739.7943123408,4.9,12.1848769569655,1.49999999999999,12.6823769245212,44853080880.9559
Azerbaijan,az,2019,2.61057182799215,48174235294.1176,4805.75371765917,5.0,-0.241307927446329,2.50000006743734,8.70455620187564,46318529411.7647
Azerbaijan,az,2020,2.75980947008127,42693000000.0,4229.91064904503,7.24,-7.39596582740913,-4.30000010230737,-0.740874280795449,42422882352.9412
Azerbaijan,az,2021,6.65029912708779,54825411764.7059,5408.04535175023,6.04,21.5888241949245,5.61645102853028,14.9620003998682,53687352941.1765
Azerbaijan,az,2022,13.8522590144267,78807470588.2353,7770.594223351,5.65,37.2705611565603,4.71480236521231,29.7916946512237,73522647058.8235
Azerbaijan,az,2023,8.78543049849081,72356176470.5882,7125.90858368611,5.636,-9.20663944963042,1.12397432709641,11.5116198869156,69275529411.7647
Burundi,bi,2010,6.49326591473993,2032135192.01248,216.727705301976,1.616,8.56155516425477,5.12415999439806,-14.8111210984709,2021267251.23096
Burundi,bi,2011,9.5921660597967,2235820809.32006,230.070577369084,1.602,8.36425019828808,4.03259998844415,-12.6836314052419,2218331580.56321
Burundi,bi,2012,18.1610453065451,2333341334.45753,231.688496393569,1.593,14.294071682425,4.44670633111495,-11.1924151286239,2326835709.91274
Burundi,bi,2013,7.93795807492418,2451606632.29246,234.843045388828,1.584,7.9531039994456,4.92418989834684,-10.5412211637507,2453391158.27712
Burundi,bi,2014,4.40535234185293,2705783329.80483,250.540481111877,1.572,5.30565602774391,4.24065021402657,-15.8466721557505,2698322225.8552
Burundi,bi,2015,5.54468891259779,3104003546.26497,280.966831311923,1.442,21.3187470230149,-3.9000000804855,-11.530480718165,3104359892.4664
Burundi,bi,2016,5.55768961400965,2644487776.50077,235.286205393908,1.347,0.97317644189674,-0.600000909116389,-12.3789527310826,2643216720.51299
Burundi,bi,2017,16.0525353030392,2723586962.84034,236.694472592753,1.247,11.4491826066034,0.500001262429279,-13.7155221555246,2725061087.87066
Burundi,bi,2018,-2.81469807668465,2667182199.51333,224.89939239264,1.146,-2.85085930198137,1.60993542127714,-14.5912293655985,2672837528.12331
Burundi,bi,2019,-0.686772170797359,2576518879.82353,210.236494521532,1.043,0.851867434051655,1.81256532401552,-15.2431972553408,2583934017.97374
Burundi,bi,2020,7.32110643415521,2649680261.44299,210.008139902508,1.03,5.9665023314011,0.327156892638385,-13.008651673299,2664225062.41347
Burundi,bi,2021,8.40453845076341,2775798697.46022,214.091455416133,1.118,8.51671971494707,3.09999999870627,-14.1897728146803,2783915268.94475
Burundi,bi,2022,18.8008786664945,3338722827.65691,250.634225368744,0.915,18.3317223148693,1.84899943948213,-18.6289555009173,3352709390.52411
Burundi,bi,2023,26.9414835762453,2642161668.85211,193.007145564804,0.921,11.3760314899613,2.70000059705133,-23.6774820885107,2647964583.69545
Belgium,be,2010,2.18929920422457,481556503720.001,44197.393671162,8.293,1.70310453341449,2.71031141346458,1.52379368667185,488810029890.001
Belgium,be,2011,3.53208210722742,527196649048.639,47760.8298776546,7.14,2.29252176896657,1.93115497859051,-1.92887747556171,524167615222.764
Belgium,be,2012,2.83966343445899,498414364944.961,44874.1709182123,7.542,2.20573636168733,0.215803673220449,-0.0829864949097406,507665999692.266
Belgium,be,2013,1.1130959402754,524097026598.55,46964.5946777056,8.425,1.41248972600334,0.30549447856238,0.969084734716926,534645338501.413
Belgium,be,2014,0.340002833356922,537987419164.351,47995.7786961339,8.523,0.840395739536802,1.76554038203088,0.751219410488652,546624135613.253
Belgium,be,2015,0.561429152790065,461044767544.531,40893.804537772,8.482,1.12183847077587,1.47416438588013,1.38017908454948,468878816162.656
Belgium,be,2016,1.97385264653181,474271566739.729,41854.5498296444,7.83,1.89528922644591,1.19350263995111,0.558076934849913,480629064768.328
Belgium,be,2017,2.12597086002607,500908767351.53,44035.3239358548,7.09,1.98316339488014,1.47446765653092,0.702363722625537,507373706788.236
Belgium,be,2018,2.05316499865186,542638913427.921,47487.2100392561,5.941,1.71728226802716,1.87796857219402,-0.874098516086552,548107677571.921
Belgium,be,2019,1.43681956996429,536726344405.489,46716.6227467964,5.364,1.85424074414335,2.44289006648609,0.123098549898876,541049419119.999
Belgium,be,2020,0.740791812220344,529694473501.791,45906.2875805246,5.545,1.59611666393067,-4.79298389726264,0.874586400402743,531671614966.383
Belgium,be,2021,2.44024851144084,598494036474.409,51655.7883303715,6.248,2.7426355945688,6.20255401586081,1.86556031631373,607143534636.037
Belgium,be,2022,9.597511728725,593438820508.173,50807.2047084918,5.57,6.84397975156924,4.2334318336917,-1.18476181705959,592448849483.465
Belgium,be,2023,4.04901077613941,644782756682.756,54700.9093236712,5.528,4.508102848783,1.25170063203595,-0.698394105629197,648332611927.33
Benin,bj,2010,2.20783532536523,9535345011.48797,973.244254493089,1.04,0.880885670477909,2.11406472648392,-5.56723414879971,9481809629.16362
Benin,bj,2011,2.7042390774728,10693321370.036,1059.41358915783,2.647,3.73308304042652,2.96375291904201,-4.83328626910556,10677821370.036
Benin,bj,2012,6.74468253340712,11141358105.9853,1071.52583567484,2.406,7.69890807691425,4.811223315688,-5.17832684720293,11074623453.1493
Benin,bj,2013,0.428888888888792,12517845127.6775,1168.92699314206,2.099,1.39729839455183,7.19143372144946,-5.37925541834664,12448828492.8112
Benin,bj,2014,-0.548757550948091,13284527850.2632,1204.39918700511,1.872,-0.247782653882282,6.35767909791932,-6.66790663014034,13223585565.0973
Benin,bj,2015,0.218785923536154,11388160997.1089,1002.41886882564,1.82,0.85150426118021,1.77815106030278,-5.96409317114647,11322499745.5937
Benin,bj,2016,-0.793310145785534,11821065852.1271,1010.53389609187,1.784,0.683591111274652,3.33967342629693,-2.99669454901549,11783269382.7203
Benin,bj,2017,0.0432648555103608,12701655845.9612,1054.97408141687,1.659,-0.367897725119164,5.67156195150444,-4.18078963717339,12669871043.6437
Benin,bj,2018,0.919170717886054,14262408079.7014,1151.74096952152,1.41,0.670447614217636,6.69725362180888,-4.54919534814523,14207330367.8221
Benin,bj,2019,0.732849371240975,14391686309.033,1130.82135304977,1.214,-0.39755379308734,6.86568662848335,-3.99948140523511,14320887673.9726
Benin,bj,2020,3.02272119663769,15651545208.8783,1197.50136428063,1.502,2.87803228859791,3.84879240030133,-1.75041319714608,15530454408.4527
Benin,bj,2021,1.73353962694036,17690083519.9323,1318.83497843483,1.779,1.61872506665755,7.1554516457574,-4.15294312049827,17500751811.6482
Benin,bj,2022,1.35077863583527,17401746309.2655,1264.70765976655,1.685,4.13878000011482,6.25324491401346,-6.00907083608035,17221911302.5535
Benin,bj,2023,2.73102465280233,19676049075.7011,1394.37330217623,1.657,3.38546435195668,6.35282160914288,,19472109623.1218
Burkina Faso,bf,2010,-0.764230734676758,10109619740.6994,624.957252224766,3.723,3.77961872815705,8.44628157707625,-1.79655604009114,9807542782.09475
Burkina Faso,bf,2011,2.75976724854523,12080295977.5632,725.024767725475,3.827,6.73800480732596,6.62256261306693,-1.32772267157687,11592644774.9473
Burkina Faso,bf,2012,3.818152402524,12561015156.5683,731.470138867833,3.856,5.82399948795916,6.45267237953146,-1.29204165999457,12243495087.5098
Burkina Faso,bf,2013,0.533738507090536,13444300485.8412,759.762065168498,4.055,-2.12917117768745,5.79258484509867,-10.0082857458856,13080707616.4124
Burkina Faso,bf,2014,-0.258089517535384,13943016076.7436,764.861675106225,4.251,-0.620386925840478,4.32684561452976,-7.16454946786702,13337500892.7969
Burkina Faso,bf,2015,0.724838981070517,11832159315.6298,630.124750752312,4.461,-2.22395417919314,3.9212287937935,-7.56751200933841,11293125664.7767
Burkina Faso,bf,2016,0.441041448058902,12833363045.3367,663.742364842886,4.587,2.60429919226561,5.95797670754024,-6.0796386850131,12261728232.1903
Burkina Faso,bf,2017,1.48299897161325,14106955615.3442,709.091535894695,4.656,1.41629727998107,6.20348941121868,-6.35349497520963,13577334630.1408
Burkina Faso,bf,2018,1.95594302672523,15890066221.2882,777.465618514048,4.695,1.07396688968345,6.60456906812341,-4.18372491409563,15387936815.3249
Burkina Faso,bf,2019,-3.2333893398333,16032813503.3707,764.853077774946,4.71,0.51290051556127,5.88920497068135,-3.26728197882863,15326465624.9088
Burkina Faso,bf,2020,1.88443993781991,17725010532.5268,825.237038782475,5.04,6.46559578788029,2.01077262406221,4.1931251239965,17105876297.3224
Burkina Faso,bf,2021,3.65353287214209,19697516284.3787,895.535288442991,5.2,0.112863112943955,6.94252492572348,0.392208859644244,18774177401.4576
Burkina Faso,bf,2022,14.2902354303358,18820218690.5948,836.118304593682,5.389,5.88896511236759,1.4972397409897,-7.45988627329846,18029664976.7055
Burkina Faso,bf,2023,0.742910428668841,20324617844.5265,882.689810086163,5.348,1.99804752407688,2.96018147384929,-5.00471780899738,19484760476.5981
Bangladesh,bd,2010,8.12667639169917,115275540051.262,757.385280361508,3.379,7.14466302810841,5.57178818533122,1.82909794723498,124613272943.348
Bangladesh,bd,2011,11.3951651552399,128607482310.357,837.336944695647,3.736,7.85945085272492,6.46437912497728,-0.125842241657655,138790366566.139
Bangladesh,bd,2012,6.21750422069284,133310747603.483,859.680536375497,4.071,8.16457367624635,6.52145877906443,1.93195276968292,144592846556.493
Bangladesh,bd,2013,7.53040640913172,149998957434.186,958.262989798283,4.426,7.17495343232414,6.01360565834344,1.3723251518825,162063337208.742
Bangladesh,bd,2014,6.99163889220849,172886611653.786,1094.46199702838,4.416,5.66878852513904,6.0610593588495,0.437159797644511,184408668144.279
Bangladesh,bd,2015,6.19428022984984,195146608978.131,1224.38647668165,4.396,5.87277704102323,6.55263987816197,1.32188871858147,207815026631.717
Bangladesh,bd,2016,5.51352572692995,265224515675.034,1649.28380858601,4.35,27.8507377248339,7.11347821270093,0.351171861174517,277650511849.492
Bangladesh,bd,2017,5.70207015717239,293732446624.596,1811.08221668646,4.372,5.04759758203714,6.59024999794057,-2.03756600416726,303873962973.372
Bangladesh,bd,2018,5.54362139486476,321362752441.78,1965.24372731467,4.407,5.80553876704575,7.31941263014136,-2.20783912081883,334213984192.582
Bangladesh,bd,2019,5.59199639930629,351231654603.692,2129.79896954606,4.441,3.65813755162172,7.88191515117722,-0.839485005371137,365618637342.157
Bangladesh,bd,2020,5.69107474746211,373979442362.193,2248.85078828233,5.436,3.84106338588026,3.44801755122445,0.31894044196432,389459167662.235
Bangladesh,bd,2021,5.54565430773473,416271647911.014,2482.84917843357,5.327,4.1211747067957,6.93867912442445,-3.78969259910934,438182167775.955
Bangladesh,bd,2022,7.69695437176898,460131688909.301,2716.48592677835,4.593,5.04902187883131,7.09982877575158,-3.81010813185136,478360553569.206
Bangladesh,bd,2023,9.8835030377921,437415331040.994,2551.01772674142,4.454,6.89712404003441,5.77511237007889,-1.64602615306365,454873454272.724
Bulgaria,bg,2010,2.43899060504113,50760929302.5147,6863.66706774052,10.279,0.764129878916592,1.55535963462032,-1.9003198193068,49698376601.3692
Bulgaria,bg,2011,4.21990346601873,57737040780.0157,7857.16706984441,11.26,6.11283035981589,2.09017527015538,0.47195006241871,55929518183.7592
Bulgaria,bg,2012,2.95456829831022,54288135058.7926,7430.7373804242,12.27,1.11217885256747,0.748814896796574,-0.973730262473593,53568146883.006
Bulgaria,bg,2013,0.890093540913002,55852123989.9504,7687.71368243317,12.941,0.0719518095394278,-0.542751603030155,1.2150656976306,54615902084.6065
Bulgaria,bg,2014,-1.4181838026484,57157782909.9307,7912.27484371138,11.424,1.34078287386647,0.949448985090484,2.18953559128089,56529038853.4167
Bulgaria,bg,2015,-0.104633261008385,50811995688.6771,7078.86032298969,9.143,2.94774648723617,3.39755325869422,0.0183814862482981,49160388019.0606
Bulgaria,bg,2016,-0.79864988645371,53964253211.84,7570.93165511708,7.575,3.32355920411145,3.02662893138918,3.10025600360375,52164956703.8316
Bulgaria,bg,2017,2.06159619443141,59309748166.1179,8381.88134621669,6.164,4.81312131224342,2.74592644707793,3.23867502289839,57855803153.6995
Bulgaria,bg,2018,2.81454473824829,66289266348.6504,9436.14479876055,5.211,4.25525729817191,2.5494643471818,0.572868008529003,63875378298.4119
Bulgaria,bg,2019,3.10372944796781,68631726289.2794,9838.60058985384,4.23,5.23548704810747,3.78885036478003,1.65493433053486,66479976532.5396
Bulgaria,bg,2020,1.67244096855756,70716821234.5967,10198.5388313404,5.125,4.34103862385629,-3.21573743445016,0.362007221946166,68161899199.9066
Bulgaria,bg,2021,3.29774435299515,84417951260.8091,12274.0775950496,5.267,6.96662433933332,7.78061481406978,-1.03358348191171,81048510007.8612
Bulgaria,bg,2022,15.3252589264366,90642851835.8996,13644.201582807,4.268,15.9183596891222,4.03877758301681,-2.60246666143146,85735292882.524
Bulgaria,bg,2023,9.44284140088564,102407653020.606,15885.5391311331,4.319,7.98419924336682,1.88681483907177,0.90586003354001,97396787109.0727
Bahrain,bh,2010,1.96188468334623,26805984042.5532,21819.3291098099,1.13,12.0069506981357,4.33429917283135,2.8727610009228,24432970744.6809
Bahrain,bh,2011,-0.40004069748808,29914680851.0638,25032.7867743333,1.21,9.48596325068939,1.92815791170796,10.8553403651519,26150319148.9362
Bahrain,bh,2012,2.75739669962979,31963404255.3191,26438.6733230428,1.2,2.93394725551211,3.80302899043062,8.06539982681225,30955957446.8085
Bahrain,bh,2013,3.30001156888442,33823324468.0851,26989.7601148469,1.182,0.499828956383851,5.29262224906203,7.12443578913414,32627579787.234
Bahrain,bh,2014,2.64755321246189,34772526595.7447,26451.7965647453,1.141,-1.44043683471969,4.30885692657077,4.38061668747352,33139813829.7872
Bahrain,bh,2015,1.84862742374977,32523297872.3404,23734.0551143019,1.16,-8.75667340246945,2.50787205267615,-2.31252912932776,30787393617.0213
Bahrain,bh,2016,2.78679347602044,33884680851.0638,23800.001440631,1.192,0.35724777804711,3.81499327422425,-4.40558716045662,32089202127.6596
Bahrain,bh,2017,1.38671830576406,37204813829.7872,24784.7693514607,1.194,4.61583421430929,4.95383534123657,-4.30051876437292,35215186170.2128
Bahrain,bh,2018,2.08766938046978,39567978723.4043,26324.4066549559,1.2,4.21271352571605,2.05258864979861,-6.15289066217848,37491914893.617
Bahrain,bh,2019,1.00582004702137,40446808510.6383,27259.7438599327,1.223,0.164802199458762,2.05287774418655,-1.96409784324041,38186170212.766
Bahrain,bh,2020,-2.31770629331379,35837632978.7234,24342.8444554718,1.781,-5.8288484641256,-5.9113629524152,-9.05383693445987,33378590425.5319
Bahrain,bh,2021,-0.60631938514085,40840212765.9574,27147.8083882286,1.541,9.20840263580602,4.35004091668986,6.37213530677418,38312287234.0426
Bahrain,bh,2022,3.62574104304482,46680398936.1702,30616.2610677495,1.326,7.84929462083215,5.98130282177125,14.6497544700467,44717632978.7234
Bahrain,bh,2023,0.0746206782192256,46079867021.2766,29218.8605634137,1.154,-4.14375165818939,2.9807927665851,5.85823757664046,43472420212.766
"Bahamas, The",bs,2010,1.34402738392836,10095760000.0,27473.100430502,14.432,-0.392565565624793,1.53866248693835,-8.0632166374795,9860860000.0
"Bahamas, The",bs,2011,3.1987814166032,10070450000.0,27090.8376801379,14.52,-0.858605322784499,0.613170735890648,-11.9472714724764,9834450000.0
"Bahamas, The",bs,2012,1.97336755976254,10720400000.0,28552.0242683151,14.02,3.35553252540916,2.99790320655973,-14.0368120592515,10441120000.0
"Bahamas, The",bs,2013,0.722414784530551,10395800000.0,27432.9534269421,16.18,-0.169413674488652,-2.86330925726089,-14.3704765386021,10098220000.0
"Bahamas, The",bs,2014,1.51375643050831,10974100000.0,28705.6170840548,13.8,3.64817136334401,1.84726084348846,-17.1793879299618,10537940000.0
"Bahamas, The",bs,2015,1.86148302863371,11671900000.0,30289.4022514831,12.0,5.30893214629577,0.996758610594114,-10.3082218220564,11177020000.0
"Bahamas, The",bs,2016,-0.346376929989397,11745100000.0,30266.5859220987,12.7,1.60448975573296,-0.961908776858536,-6.0517621951897,11189060000.0
"Bahamas, The",bs,2017,1.51820700736147,12236700000.0,31337.1832464755,9.8,1.34831042029538,2.79951863934495,-12.8682246348301,11691150000.0
"Bahamas, The",bs,2018,2.26586346678736,12615800000.0,32124.4051059669,10.0,0.456170832413122,2.62988985993933,-8.84029408152681,11780700000.0
"Bahamas, The",bs,2019,2.49123527368046,13016200000.0,32979.5401279534,9.336,4.59340787218045,-1.35726520928898,-2.65423795994222,12394010000.0
"Bahamas, The",bs,2020,0.0385210980054558,9958200000.0,25155.6725432789,12.027,-2.6348030197491,-21.4234630658488,-22.9408947412774,9425610000.0
"Bahamas, The",bs,2021,2.90491262928478,11368900000.0,28682.3270000732,11.032,-1.07183744667745,15.4031489427848,-21.4091678759537,10657360000.0
"Bahamas, The",bs,2022,5.60540633583044,13136400000.0,33044.388209429,9.272,4.30104615816353,10.7820132001503,-9.3830328201543,12383370000.0
"Bahamas, The",bs,2023,3.05291578969743,14338500000.0,35896.50510715,8.643,6.34442014479342,2.63905598075102,-7.49437662164348,13740990000.0
Bosnia and Herzegovina,ba,2010,1.99621236745887,17176315803.7298,4506.47828548389,27.312,1.40629396620604,0.865669260237084,-6.00046399403912,17455986158.7009
Bosnia and Herzegovina,ba,2011,3.67125,18644233537.1093,4982.69375768263,27.582,2.43252790824482,0.959511247241267,-9.47919944225313,18794204715.634
Bosnia and Herzegovina,ba,2012,2.05267452001717,17226735995.6905,4693.78899115381,28.01,0.795773347301477,-0.821836474216894,-8.62595020271337,17361422536.9693
Bosnia and Herzegovina,ba,2013,-0.0930456838317588,18179108530.5261,5034.56616016469,27.49,-0.224122003175367,2.3498566632458,-5.3258583032982,18421211485.5494
Bosnia and Herzegovina,ba,2014,-0.897194054194333,18558733564.4692,5206.06558252,27.517,1.00033721930362,1.15385109200403,-7.35085841133572,18710534545.2251
Bosnia and Herzegovina,ba,2015,-1.03602303425474,16404348871.4437,4662.25883724069,27.695,1.36573070914964,4.31475061116335,-5.03540520266748,16514883084.2442
Bosnia and Herzegovina,ba,2016,-1.58410000000002,17116926327.6247,4928.5665251728,25.408,1.33330596746471,3.24225521171914,-4.69867094642486,17139875880.799
Bosnia and Herzegovina,ba,2017,0.810133321953039,18326373366.1105,5345.01985489192,20.527,1.77870702677497,3.24410095889466,-4.77878210545296,18174627640.6011
Bosnia and Herzegovina,ba,2018,1.41710814018034,20484053868.9246,6047.84584261133,18.4,2.79162490401892,3.82749920546897,-3.23063057976363,20366478392.9849
Bosnia and Herzegovina,ba,2019,0.56278215406123,20482608755.379,6122.3753450882,15.692,2.47150468459363,2.88734334414875,-2.59691882108326,20448097002.6662
Bosnia and Herzegovina,ba,2020,-1.0512960076349,20226036564.4129,6130.31133245161,15.868,0.0621425496305932,-3.01509514759861,-2.83951861702088,20112988928.17
Bosnia and Herzegovina,ba,2021,1.98163900587622,23672712242.2149,7295.3438240957,14.897,4.96460441570017,7.38996234012757,-1.47528685104269,23371644756.9735
Bosnia and Herzegovina,ba,2022,14.0208440826771,24534663636.1778,7655.59421024383,12.657,11.8088401064015,4.22681101095546,-4.39236523811558,24213156434.1057
Bosnia and Herzegovina,ba,2023,6.1059011284828,27514782476.0406,8638.66620201187,10.668,6.76270435629395,2.21112447211205,-2.32154773990836,27355539704.4997
Belarus,by,2010,7.73574804312508,57231904542.8755,6034.67885177216,6.045,11.3403098820796,7.75001706649184,-14.4678043936086,56069265840.9742
Belarus,by,2011,53.2286983118173,61762382327.9319,6527.6593428786,6.022,70.7612909673781,5.5499747229649,-8.18054584289412,61079871266.8078
Belarus,by,2012,59.2197360232517,65685890438.8922,6953.21591683101,5.946,75.2416666493216,1.707852569854,-2.8350076212066,64215516438.9641
Belarus,by,2013,18.3122610377874,75527558966.4473,7998.0802045456,5.937,21.263000253545,0.998719278658683,-10.0192566839897,72875339440.6563
Belarus,by,2014,18.1195543526734,78812805039.0743,8341.29014337961,5.902,18.1922024446735,1.65112468524535,-6.63305918043161,76448782777.9462
Belarus,by,2015,13.5344897649735,56454889146.6088,5967.06856034227,5.881,16.0231277230064,-3.82957055828389,-3.24347461784006,54061945285.662
Belarus,by,2016,11.8365807653497,47723545321.259,5039.77560949445,5.844,8.34168809944582,-2.52644643552371,-3.37736852773594,45473302428.7243
Belarus,by,2017,6.03183725177793,54725302249.8088,5785.53397723676,5.648,8.62294196692545,2.53218350022975,-1.74032844195636,52669765496.9979
Belarus,by,2018,4.87230220550684,60031173807.7196,6360.05310087258,4.763,12.1397170957777,3.14919759375005,0.0381468469587966,57861187726.0003
Belarus,by,2019,5.59815595039854,64410122847.3508,6837.76832136779,4.165,8.57664221529303,1.44645547691826,-1.93416802348366,62499831005.415
Belarus,by,2020,5.54814357456511,61371755326.2351,6542.8645398436,4.049,11.8776975676281,-0.672742950624155,-0.290687465352215,58875118002.111
Belarus,by,2021,9.46028389623103,69673747131.87,7489.71894713888,3.9,15.3264196397445,2.43886212396819,3.0672484923844,67115938432.45
Belarus,by,2022,15.209675274081,73775179924.603,7994.64806074889,3.574,14.8848623664839,-4.65839591573591,3.56177663896649,70678268154.2972
Belarus,by,2023,5.0005990309131,71857382745.6066,7829.05313660622,3.461,7.36823053571227,3.88624214456901,-1.53623779859627,69352182752.257
Belize,bz,2010,0.917977378808888,1745700000.0,5451.13897172477,8.416,2.2485368571529,1.11403578740261,-2.61996122117629,1607200762.38903
Belize,bz,2011,1.602056156402,1827050000.0,5582.22170621269,8.43,4.91658876106118,-0.244543781225346,-1.0918621898446,1729864700.0
Belize,bz,2012,1.30058074547858,1909400000.0,5709.68918765363,8.379,0.741764529847956,3.73777578617181,-1.7342159764007,1789236950.0
Belize,bz,2013,0.50974776898322,2032750000.0,5950.20299917747,8.349,1.92028288137456,4.45432600686063,-3.57083937981071,1913514450.0
Belize,bz,2014,1.20139964481058,2138250000.0,6128.14288539305,8.244,1.11425408928791,4.03084557750317,-6.35386054940414,2000450700.0
Belize,bz,2015,-0.861584009427748,2193050000.0,6154.49593498217,7.578,-0.304580065916582,2.87618379515959,-7.9676955998834,2097584100.0
Belize,bz,2016,0.663427167917601,2240200000.0,6142.49873185177,7.0,2.09427966302344,0.0545516535970023,-7.29650492928029,2129392150.0
Belize,bz,2017,1.14765339305816,2266300000.0,6072.58267640581,6.596,3.03291030935591,-1.81285354051658,-6.97326171926515,2141050850.0
Belize,bz,2018,0.269982622646335,2293250000.0,6031.28139580144,7.896,0.0777284726732006,1.11057125008675,-6.57557614826683,2137006450.0
Belize,bz,2019,0.187069385181424,2388300000.0,6190.04792278445,9.053,-0.11783540640397,4.26763689618086,-7.73126092549567,2224796150.0
Belize,bz,2020,0.121434644614894,2042850000.0,5227.19363786168,10.784,-0.652000223707887,-13.9029100645218,-6.26182966146403,1984213900.0
Belize,bz,2021,3.23563659237071,2420550000.0,6122.61158580079,10.322,0.630768469073601,17.7461701205679,-6.52200388988279,2342620000.0
Belize,bz,2022,6.27689319447544,2846700000.0,7068.45478269722,8.763,7.25244797063618,9.65297772389758,-8.27503903869997,2712767600.0
Belize,bz,2023,4.38984017487675,3066850000.0,7459.99815132837,8.267,6.50970161380764,1.14901682065862,-0.644343657641841,2955666850.0
Bermuda,bm,2010,,6634526000.0,104111.824244802,,2.23622200255707,-2.50287828947368,10.4899591972884,6780700000.0
Bermuda,bm,2011,,6312691000.0,99049.0169927667,,-1.15125598094265,-3.74274431740703,13.7436914712344,6474269000.0
Bermuda,bm,2012,,6378188000.0,100213.493385287,,6.69820369155734,-5.30529910675297,14.5337206234213,6661617000.0
Bermuda,bm,2013,,6465756000.0,101704.40746217,,1.65727319420499,-0.279708545423034,13.0015680806387,6764352000.0
Bermuda,bm,2014,,6413988000.0,100961.576602811,,3.01189087721518,-3.70106759364258,12.7467918685619,6657829000.0
Bermuda,bm,2015,,6654541000.0,104855.366822135,,2.95202006984243,0.775529699568978,14.1692141819505,6893729000.0
Bermuda,bm,2016,,6899911000.0,108747.356144305,,4.37320384221451,-0.657206304259205,12.2608303872275,7095783000.0
Bermuda,bm,2017,,7142316000.0,112339.425587467,,-0.094833735989738,3.61141983706115,13.1637987135115,7435279000.0
Bermuda,bm,2018,,7225977000.0,113204.82210838,,1.6111169764896,-0.432801300339307,12.3021020474022,7460410000.0
Bermuda,bm,2019,,7423465000.0,115798.040775578,,2.41935194490377,0.306266735233933,11.2979726598327,7524540000.0
Bermuda,bm,2020,,6887147000.0,106973.175732348,,-0.409804359592485,-6.84286964270544,12.3977262345857,7090229000.0
Bermuda,bm,2021,,7286607000.0,112712.025120653,,0.361400030497762,5.41909484048358,13.2058418881567,7597926000.0
Bermuda,bm,2022,,7827980000.0,120897.311155385,,0.938226826481198,6.43113399633694,,8251538000.0
Bermuda,bm,2023,,8141700000.0,125841.602522489,,4.10639245421443,-0.0948235929642749,,8484520219.03967
Bolivia,bo,2010,2.50327605844241,19649723722.1034,1929.78373077158,2.608,8.77750811554523,4.1267225910567,4.44660536937585,18760785455.5446
Bolivia,bo,2011,9.88446419823883,23963164696.592,2315.52121930607,2.255,14.6023542400665,5.204092443086,2.24179461328449,22977403393.5893
Bolivia,bo,2012,4.51560291399376,27084497481.9103,2575.59857098084,2.066,7.10027550115058,5.12227558091757,7.2736779094105,25455219536.903
Bolivia,bo,2013,5.73640023719607,30659338885.6729,2870.02377000756,2.437,5.99538836854924,6.79601142810841,3.4377206274777,28751567785.8177
Bolivia,bo,2014,5.76660074579144,32996188012.5599,3041.43503118107,2.021,2.04949764468354,5.46056957461593,1.71604883673797,31298228316.4673
Bolivia,bo,2015,4.05961041135645,33000198248.1292,2996.01289804214,3.111,-4.62060229480602,4.85718723245387,-5.86726594440418,31873100505.7269
Bolivia,bo,2016,3.62321431764138,33941126200.0606,3035.8734778704,3.498,-1.3548705355405,4.26392083754456,-5.61927215827459,33320230252.159
Bolivia,bo,2017,2.8227580554717,37508642165.3366,3306.30301176558,3.655,6.06139996076533,4.1952063010676,-5.06081178823831,36398995783.2816
Bolivia,bo,2018,2.27205987230155,40287647930.4761,3500.72642189371,3.519,3.05626590816588,4.22362351118875,-4.28165522079254,39311992850.8813
Bolivia,bo,2019,1.83954504969026,40895322843.7851,3503.8960106182,3.682,-0.693003422953112,2.21670577750359,-3.34046725209088,40059428632.4971
Bolivia,bo,2020,0.940742153381849,36629843805.0216,3099.94219044572,7.903,-1.85438658655737,-8.73788443399127,-0.0434502183251208,36212943805.0216
Bolivia,bo,2021,0.737383721452275,40406111695.179,3384.84486479247,5.089,3.95611963961919,6.11137275205746,3.91243044868311,39377011695.179
Bolivia,bo,2022,1.74632872945969,44008282877.9606,3643.92826968677,3.552,5.12446446625671,3.60568038279472,2.13388054975564,42744582877.9606
Bolivia,bo,2023,2.57688800489192,45135398008.8166,3686.27996490544,3.024,-0.505250428968196,3.08196524087036,-2.54708565785584,43866498008.8167
Brazil,br,2010,5.03872690108075,2208837745214.23,11403.2821284616,8.422,8.42333833667878,7.52822581815364,-3.92594604434557,2140606260704.28
Brazil,br,2011,6.6364496221309,2616156223977.47,13396.6243566047,7.578,8.3185922188201,3.97442307944702,-3.19461831898174,2548928943603.92
Brazil,br,2012,5.40349914036997,2465227803011.57,12521.7213530369,7.251,7.9431269413538,1.92117598576537,-3.75941611656142,2403719409196.5
Brazil,br,2013,6.20431066640101,2472819535742.73,12458.891214816,7.071,7.50456453292993,3.00482266944432,-3.57422079596048,2438459283730.87
Brazil,br,2014,6.32904015516139,2456043727198.85,12274.9939689363,6.755,7.84670974352809,0.503955740242247,-4.4988303801852,2410276964680.96
Brazil,br,2015,9.02990102416136,1802212206904.68,8936.19661756825,8.538,7.56617501207116,-3.54576339269425,-3.51839166782255,1768300112266.54
Brazil,br,2016,8.73914352329393,1795693482652.52,8836.28652636996,11.58,8.10360435870246,-3.27591690782192,-1.70011339695482,1757597118247.49
Brazil,br,2017,3.44637335032669,2063514977334.32,10080.5092817775,12.792,3.67138451275035,1.32286905404399,-1.22429925770861,2024937440938.73
Brazil,br,2018,3.66485028376729,1916933898038.36,9300.66164936497,12.329,4.49353433137021,1.783666761634,-2.8075200859069,1863630987992.04
Brazil,br,2019,3.73297621216894,1873288205186.45,9029.83326742175,11.936,4.22425886899158,1.22077782360842,-3.46989581411662,1822994396029.28
Brazil,br,2020,3.21176803803376,1476107231194.11,7074.19378281866,13.697,6.47249960755747,-3.2767587964736,-1.68778805337408,1445311140486.1
Brazil,br,2021,8.30165975585673,1670647399034.67,7972.53665048385,13.158,13.047270877833,4.76260437908608,-2.41876568208583,1618525227638.81
Brazil,br,2022,9.28010608956873,1951923942083.32,9281.33334441234,9.231,8.5702819532232,3.01669435393015,-2.15975658541159,1897850563345.64
Brazil,br,2023,4.59356282283204,2173665655937.27,10294.866680778,7.947,4.65899475870381,2.90848048667777,-1.28505422213659,2107810132248.65
Barbados,bb,2010,5.82421853311866,5191188500.0,18860.3833703309,10.69,18.8527284822355,-2.21771043677785,-5.24644752037007,5079238850.0
Barbados,bb,2011,9.43220240177221,5342183800.0,19345.9953139542,11.19,3.66694041932899,-0.731434558650108,-3.24982279392014,5042037400.0
Barbados,bb,2012,4.53334753888766,5271257500.0,19034.0708028512,11.59,-1.01754183582014,-0.313311151079603,-8.50835280061712,5098854100.0
Barbados,bb,2013,1.81410436049105,5361158350.0,19308.0091116993,11.55,2.74359414985743,-1.01038184618172,-4.70953069139193,5166558900.0
Barbados,bb,2014,1.76950322089729,5365976700.0,19277.9423599235,12.17,0.007463538444739,0.0824054778140209,-12.0306623984079,5168535350.0
Barbados,bb,2015,-1.11278992510967,5288057750.0,18954.2913724506,9.803,-0.611165126966512,-0.846098521356325,-1.86708346142229,5075115400.0
Barbados,bb,2016,1.28192813061895,5330761500.0,19065.8069800213,8.247,-0.967050709686362,1.79193033431267,-8.48641052893695,5109325650.0
Barbados,bb,2017,4.66018463955996,5517340450.0,19692.7606711615,8.622,3.36727197112887,0.12844600157031,-5.37207753716545,5293593650.0
Barbados,bb,2018,3.67381410406801,5629916200.0,20055.915870771,8.322,3.25265217777908,-1.17406509373819,,5389916200.0
Barbados,bb,2019,4.10028964518461,5788288000.0,20583.7265786414,8.412,2.14644727501501,0.652585417698418,,5521288000.0
Barbados,bb,2020,,5168344450.0,18347.1109131055,9.777,5.1139219922773,-15.0543629495892,,5101344450.0
Barbados,bb,2021,,5275242050.0,18696.7858952957,9.433,2.32921875143295,-0.254965880216531,,5179242050.0
Barbados,bb,2022,,6257303500.0,22164.0260273876,8.365,0.664976976473824,17.8328630251327,,6091303500.0
Barbados,bb,2023,9.79207077126447,6720733200.0,23804.0249914995,7.878,3.18212980720116,4.09382010970572,,6453733200.0
Brunei Darussalam,bn,2010,0.356869132017561,13707121031.2552,34937.5555174068,6.455,4.98008956509719,2.74136433514822,36.5956039713662,13606836277.3886
Brunei Darussalam,bn,2011,0.13791156316954,18524791070.6802,46382.8274456238,6.442,20.1807686846284,3.74440638728039,34.7106649473496,18026808826.8208
Brunei Darussalam,bn,2012,0.111766261400307,19048443339.9457,46968.5971144517,6.482,1.22025197904199,0.913135324414256,29.8383189696267,18591292983.062
Brunei Darussalam,bn,2013,0.389205053123632,18094148099.4922,44003.0644293856,6.655,-2.82348952713912,-2.12478318620758,20.8809881751641,17893858129.9758
Brunei Darussalam,bn,2014,-0.207108731719822,17097797371.9718,41026.508391054,6.862,-1.84601542355594,-2.50788721630481,30.7091836772045,17082574490.2948
Brunei Darussalam,bn,2015,-0.488347420743522,12930296852.4882,30625.128732694,7.726,-17.6127432412634,-0.392383487933529,16.6790433078393,13580876417.2746
Brunei Darussalam,bn,2016,-0.278693265753083,11400266055.3232,26663.2973199878,8.574,-9.16949513646259,-2.47791776520457,12.8939057283535,12235340080.8939
Brunei Darussalam,bn,2017,-1.2605056462896,12128168046.7827,28024.3824618568,9.316,4.95526868232284,1.32872651318183,16.362218549166,12848588413.0535
Brunei Darussalam,bn,2018,1.02505179290212,13566908401.1864,30988.1190497851,8.7,9.21562481534343,0.0523710544736673,6.92823103255275,13650753317.0042
Brunei Darussalam,bn,2019,-0.390522069165529,13469235348.2211,30426.5730284202,6.6,-3.33372764830381,3.86884416432889,6.6355550353942,13830321068.3291
Brunei Darussalam,bn,2020,1.94031996607184,12005799664.2691,26834.3592463839,7.409,-10.8637594994,1.13357340605403,4.27887461849894,12367544184.6478
Brunei Darussalam,bn,2021,1.73341388450593,14006496614.3195,31006.9636220576,4.905,15.4659284363945,-1.59076248075436,11.2102930222649,14096167229.2218
Brunei Darussalam,bn,2022,3.68225030604216,16681536442.5498,36632.9280421411,5.191,24.2367266802876,-1.62833154022366,19.5667136669754,16311908985.256
Brunei Darussalam,bn,2023,0.35706431153689,15128292980.8638,32962.9065121916,5.183,-12.8961956287324,1.40706832327938,12.8504475659062,15322324609.6574
Bhutan,bt,2010,7.03638316073019,1708880730.87271,2435.57980661188,3.32,8.32696239631917,11.9318739003886,-18.9069431386518,1620906892.01776
Bhutan,bt,2011,8.848985699468,1977728659.25621,2787.97967689425,3.23,8.88020593346201,8.48925846151491,-26.6070201962457,1863823017.18908
Bhutan,bt,2012,10.919656944683,1973387228.03924,2751.21288653263,2.05,8.63679344825027,5.164820108181,-19.1060720871467,1831270593.61742
Bhutan,bt,2013,8.77638345268213,1943696951.76613,2679.95217216983,2.87,6.16413159831512,1.73634039690423,-24.293493246944,1820262695.86424
Bhutan,bt,2014,8.27106093949328,2089079570.67546,2849.49998659935,2.63,5.72222883359687,5.88108549131117,-23.4688052609704,1954089382.70764
Bhutan,bt,2015,4.54814395082205,2187815803.82922,2954.04081973327,2.45,3.20977724189126,6.66080134005369,-25.0627177300499,2045040204.14683
Bhutan,bt,2016,3.21988689395718,2357504760.5975,3152.30905081592,2.705,4.0489129986434,8.47594335542423,-26.4131091663954,2172018216.53863
Bhutan,bt,2017,4.95508366985129,2591358009.79792,3435.28804814561,3.016,4.34963395991817,2.08684525771005,-20.8546965569122,2378534601.6088
Bhutan,bt,2018,2.72396386183713,2583335721.20625,3400.20417159422,3.35,1.15086273454624,3.50187183723874,-18.5091514022686,2363147137.61236
Bhutan,bt,2019,2.72643037388832,2735683570.28851,3576.87987077877,2.72,3.10800839980718,5.75514850618227,-18.3062679873896,2506135794.93877
Bhutan,bt,2020,5.62936522632508,2457604334.15915,3191.66907031782,5.03,5.28737431504244,-10.2183974073689,-15.5091108675254,2314749742.56461
Bhutan,bt,2021,7.3468144053353,2768802959.60794,3570.61257915864,4.803,7.62801338690346,4.42136740220592,-11.5313120563647,2612193375.43686
Bhutan,bt,2022,5.6391667139637,2898227743.13545,3711.32767902157,5.947,5.7948551929732,5.21386781145085,-27.8005472550438,2747666950.51647
Bhutan,bt,2023,4.22934419929251,,,3.126,,,-31.8999932885676,
Botswana,bw,2010,6.94887658743103,12637273429.1339,6215.73216077919,17.86,7.6830614533247,10.1222091179732,-5.88840225663454,12147261071.9608
Botswana,bw,2011,8.45987233408583,15110643612.1729,7287.38295334919,18.054,12.6533215833519,6.83852974803483,-0.87298477500224,15016050301.2986
Botswana,bw,2012,7.53690261091916,13907464500.1489,6595.53845015424,17.952,3.01184160842378,-0.170900761456892,-5.90199267050561,14164563194.2831
Botswana,bw,2013,5.88460707056817,14271738933.2042,6666.91219583487,18.203,1.5321209980109,11.1028237779771,4.53073148351166,13621161024.7427
Botswana,bw,2014,4.40225309243427,15470088500.7414,7122.36423421503,18.514,9.60400220258751,5.69477738185952,11.0750306448499,14998439776.0137
Botswana,bw,2015,3.06203169580558,13530748844.505,6141.20394726616,18.93,3.73031737555105,-4.85133564036167,2.22618287554396,13076842710.5086
Botswana,bw,2016,2.81495791361944,15082637184.0496,6749.05994339013,19.329,11.9049111318198,7.20442475914267,7.97299722000005,13792127267.5802
Botswana,bw,2017,3.30828076768219,16105155856.7708,7104.96401088027,19.664,-2.64991927643297,4.1143636634186,5.58580913830414,14738582295.4656
Botswana,bw,2018,3.23801558947715,17031943186.1353,7407.95940141786,19.681,0.0571969585408283,4.18809355373698,0.392946349031096,15447818705.438
Botswana,bw,2019,2.77286442863321,16725908148.5481,7172.08956480028,20.094,0.507585435653098,3.0322025744566,-6.90505478190798,16776578168.9193
Botswana,bw,2020,1.8903591682421,14960291105.9316,6323.31419156209,21.017,4.37899382741232,-8.72875252639037,-10.1670468011302,14982287847.9697
Botswana,bw,2021,7.24097765588442,18750946600.1423,7808.20623956293,23.106,8.38144972399829,11.9206365085117,-1.67769059498,18787565212.2463
Botswana,bw,2022,11.665567478802,20321958850.0363,8329.04032229144,23.615,14.6175509748138,5.48602817797183,-1.1422212637765,20355187597.7055
Botswana,bw,2023,5.0676154934383,19396084498.0084,7820.23240375076,23.381,2.12467971961613,2.73379817032757,-0.601807749300507,19439625488.6886
Central African Republic,cf,2010,1.49102370047802,2142591540.40068,476.873786950728,5.291,4.21130931097511,4.63081843223307,,2152234866.4585
Central African Republic,cf,2011,1.1944757244985,2437982705.12093,534.057281471636,5.281,4.00911505710052,4.19461533741989,,2447711016.35
Central African Republic,cf,2012,5.47829594346117,2510126512.22831,544.395849142785,5.243,6.18103617692616,5.05376125356918,,2521348066.78279
Central African Republic,cf,2013,6.98879341970198,1691544110.18543,364.36696260838,5.243,2.48748677760067,-36.3919770983887,,1706709068.88562
Central African Republic,cf,2014,14.898684179755,1894813389.40325,409.8504859647,5.326,11.8938033016777,0.0810705153264877,,1914516900.43771
Central African Republic,cf,2015,1.40297017136816,1695825714.19282,366.322853938121,5.477,2.70826310785282,4.33712103020231,,1716880216.06095
Central African Republic,cf,2016,4.94543276106518,1825018144.65595,387.176203444318,5.491,2.98011408445534,4.75031684122342,,1847781766.462
Central African Republic,cf,2017,4.18072331871267,2072349972.6818,432.324025684263,5.534,6.44370628779525,4.52727821346231,,2177935587.59112
Central African Republic,cf,2018,1.61215686991555,2220979146.11241,455.243962859534,5.517,-1.22411715845705,3.78944359275462,,2386745438.20748
Central African Republic,cf,2019,2.68537355266787,2221301351.43918,449.228467602439,5.607,2.32783705140642,3.09999999999999,,2386023468.72084
Central African Republic,cf,2020,1.71015659523153,2326720900.38047,462.879071294011,,1.98216055627785,0.899999996857062,,2456787984.44726
Central African Republic,cf,2021,4.25936417542868,2516498412.46384,492.263142830507,6.375,3.18576646900353,0.982919996264229,,2688202219.11078
Central African Republic,cf,2022,5.58316735183247,2382618615.01694,467.359825026238,5.956,5.9679244498741,0.502110003427035,,2509339923.99743
Central African Republic,cf,2023,2.97913852618937,2555492085.24831,495.978897153068,5.877,3.39995299007134,0.870251450842758,,2706537361.94048
Canada,ca,2010,1.77687154092627,1617343367486.26,47560.6666009406,8.178,2.84863776634425,3.09080637403602,-3.59618567149688,1585379875651.19
Canada,ca,2011,2.91213508872351,1793326630174.52,52223.8588398531,7.637,3.24445517550211,3.13719438973661,-2.77400602599856,1759453773319.65
Canada,ca,2012,1.51567823124517,1828366481521.6,52670.3447335415,7.392,1.21844370738719,1.75566132540601,-3.53224767688727,1795919869603.49
Canada,ca,2013,0.938291897815317,1846597421834.98,52638.1187235237,7.143,1.74073790573416,2.32581357393478,-3.14687545091254,1818471075757.13
Canada,ca,2014,1.90663590717861,1805749878439.94,50960.8431174661,7.023,1.94119897748668,2.87346677184995,-2.31892137730875,1776572160702.32
Canada,ca,2015,1.12524136094277,1556508816217.14,43594.1941045394,6.945,-0.867651312323389,0.649970993709132,-3.51398716666024,1532663548013.94
Canada,ca,2016,1.42875954701085,1527994741907.43,42314.0615817218,7.038,0.716978140660657,1.03855093491798,-3.093111446907,1509327936731.45
Canada,ca,2017,1.59688412852977,1649265644244.09,45129.628116623,6.426,2.57101465425282,3.03383490260789,-2.8034274767599,1628291572163.23
Canada,ca,2018,2.26822567248103,1725329192783.02,46539.1761570405,5.837,1.6511181981862,2.74296343112555,-2.38507161087906,1695996608536.1
Canada,ca,2019,1.94926902411593,1743725183672.52,46352.8693445211,5.69,1.54607075438069,1.9084319253883,-1.95170274818579,1722945761061.66
Canada,ca,2020,0.716999632307827,1655684730000.19,43537.839298904,9.657,1.07081026807496,-5.03823344128351,-2.01049352658992,1643688332920.87
Canada,ca,2021,3.39519318527528,2007472181464.15,52496.8441693242,7.527,7.66486542253131,5.28695689105889,-0.0221263171245921,1990214506517.52
Canada,ca,2022,6.80280115341613,2161483369422.01,55509.393176404,5.279,7.65381992676227,3.81986633913397,-0.29227644014174,2133340105142.4
Canada,ca,2023,3.87900159788426,2142470914401.36,53431.1857063879,5.415,1.5347101132531,1.24892730403391,-0.642444781908559,2112732605610.04
Switzerland,ch,2010,0.688238707220026,598851028906.58,76531.3729407691,4.808,0.312736574258764,3.24339733550173,13.0332803465038,629972347630.646
Switzerland,ch,2011,0.2313492076509,715888126682.396,90476.7589651577,4.409,-0.0204529167059491,1.81310819203695,6.21119893660374,720038694879.46
Switzerland,ch,2012,-0.692552018105253,686420221557.99,85836.2076767359,4.491,0.0637202631572649,1.17925383325108,8.8773281834645,697992809377.499
Switzerland,ch,2013,-0.217323155115693,706234937370.968,87304.3305813557,4.747,-0.0868426404352363,1.79214405707484,9.60676890706284,717684744662.856
Switzerland,ch,2014,-0.0132025387514939,726537808338.0,88724.9909402638,4.826,-0.653123803620176,2.34988127508626,6.86697602914757,725732044919.197
Switzerland,ch,2015,-1.14390867228183,694118186379.628,83806.4476003837,4.801,-1.2650568747671,1.64462768699285,8.87897961536886,701133713181.255
Switzerland,ch,2016,-0.434618664285835,687895460902.713,82153.0745447889,4.918,-0.583291591583972,2.0686896670996,7.27641251378068,683895323472.44
Switzerland,ch,2017,0.533787839825897,695200833086.499,82254.3769269767,4.797,-0.367869216813958,1.36279955711416,5.34410987370175,685587748787.691
Switzerland,ch,2018,0.936335464113563,725568717468.001,85217.3691512274,4.713,0.764289197175742,2.86044579461633,5.04991825776315,699353255841.699
Switzerland,ch,2019,0.362886179940614,721369112726.724,84121.9310304414,4.394,-0.103895158007788,1.14198232505277,3.51229448103216,696318048854.117
Switzerland,ch,2020,-0.725874933313384,741999406005.627,85897.7843338323,4.817,-0.699187622738137,-2.14173720650054,0.375066944737831,716684165061.556
Switzerland,ch,2021,0.581814168489856,813408787222.499,93446.4344518943,5.013,1.24619196669597,5.39188804141473,7.07340304784119,800495604747.336
Switzerland,ch,2022,2.83502798644463,818426550206.45,93245.7952120851,4.122,2.4971595038279,2.56832817834069,8.83701935773527,801895036040.353
Switzerland,ch,2023,2.13540088016377,884940402230.409,99564.710026145,4.043,1.02331402592833,0.716066868695833,5.3624904490089,860241113084.629
Channel Islands,jg,2010,,8902070446.19007,56121.6386619052,7.225,2.31458585810039,-3.6066320695533,,
Channel Islands,jg,2011,,9649313947.21684,60419.2325098421,7.457,3.36234799786833,1.12504262460223,,
Channel Islands,jg,2012,,9455340154.1218,58813.9366544241,8.264,5.45465670838978,-5.7536617430689,,
Channel Islands,jg,2013,,9594160920.26187,59304.8512474695,8.82,2.03816645010104,0.493931288300132,,
Channel Islands,jg,2014,,10528493035.477,64700.7425701916,8.571,1.7787742558955,2.42710194939819,,
Channel Islands,jg,2015,,10109968846.9524,61852.0736534587,8.178,3.03415108880192,0.374367230875421,,
Channel Islands,jg,2016,,9169278192.53124,55950.1485360363,7.715,1.39650492613288,1.21302461173511,,
Channel Islands,jg,2017,,9170079925.78986,55806.5709126142,7.12,3.06230710188164,1.80648020062763,,
Channel Islands,jg,2018,,10026153344.8196,60783.3533081111,6.571,4.30931162934687,1.12224468139542,,
Channel Islands,jg,2019,,10032440928.3488,60568.1085272721,6.408,2.95476691310121,1.57335515790562,,
Channel Islands,jg,2020,,9439810775.67214,56785.9402392525,6.863,2.83334988896617,-8.89677952309607,,
Channel Islands,jg,2021,,11157002972.5829,66912.1750054447,6.875,0.21684009581287,9.93680136363695,,
Channel Islands,jg,2022,,11308300346.3725,67627.3082341446,6.147,7.35832205919618,5.34196183115412,,
Channel Islands,jg,2023,,12507927144.1342,74589.1380225191,6.187,5.75258334988345,3.71500566060664,,
Chile,cl,2010,1.41071107954321,217051209240.298,12632.8704725219,8.278,8.85744149583176,5.85165101730949,0.896881680736791,202995610888.461
Chile,cl,2011,3.34121694259302,251382573885.594,14487.3927827263,7.277,3.26051486014924,6.22389678693851,-4.91713901679071,229490673704.388
Chile,cl,2012,3.00744840213047,267024782480.28,15241.9069977366,6.562,0.76346667921203,6.15534002096459,-5.32849119014849,252400856602.666
Chile,cl,2013,1.7895555398459,277395018837.366,15683.54863663,6.074,2.26077061226466,3.30850824469113,-4.77606541669928,265043915853.553
Chile,cl,2014,4.71867527854672,259560978231.552,14529.6767210362,6.483,5.85289162817273,1.79264947361806,-3.46029991870042,248044111574.676
Chile,cl,2015,4.34877353217044,242450355827.827,13433.9202985339,6.313,4.95436552710441,2.15194249853634,-2.73506821611239,236499159249.766
Chile,cl,2016,3.78619355893118,249344863933.461,13649.8520455553,6.673,4.56065604390805,1.75303874553305,-2.62065852368128,242408025811.754
Chile,cl,2017,2.18271846868519,276154259987.103,14879.9086230423,7.257,4.82819188168904,1.35769537797211,-2.75779980861257,265419010571.047
Chile,cl,2018,2.43488981353057,295857562991.709,15659.4808675628,7.623,1.59019973757384,3.99002947521676,-4.48367554775236,283731132095.716
Chile,cl,2019,2.55754475703327,278285058719.466,14495.716721687,7.493,2.56778721379496,0.634367533828438,-5.21244978814831,267848366678.638
Chile,cl,2020,3.04549084804326,254042159309.311,13114.815470545,10.934,9.66572269693961,-6.14347479224092,-1.94941123362021,238186960905.052
Chile,cl,2021,4.52456838259144,315515014838.539,16216.5706467899,9.281,6.9147558846894,11.3339570691911,-7.2777100504384,297670042257.932
Chile,cl,2022,11.643866711056,302116539409.03,15451.1319576678,8.249,7.91378346570282,2.05874008095333,-8.65956531568217,287702182743.647
Chile,cl,2023,7.58168251407962,335533331669.219,17067.8136150601,9.013,6.59951204566833,0.218780666901552,-3.54630560751511,318450116063.725
China,cn,2010,3.17532475269199,6087191746679.49,4550.47394356715,4.53,6.88138025334055,10.6358710644913,3.9067339999217,6061119730117.08
China,cn,2011,5.55389892257493,7551545703440.75,5614.38602225277,4.55,8.07568446704094,9.55083217877568,1.80223714352334,7481168651253.95
China,cn,2012,2.61952432645541,8532185381680.59,6300.58217951734,4.58,2.33121757581199,7.86373644862111,2.52446164533542,8512367896275.43
China,cn,2013,2.62105001748115,9570471111831.68,7020.3860742288,4.6,2.16337002665455,7.76615009773009,1.54855438304032,9492643372933.55
China,cn,2014,1.92164162788521,10475624944355.2,7636.07434020616,4.63,1.03106368780396,7.42576365632412,2.25329351831007,10488924466576.8
China,cn,2015,1.43702380935655,11061572618578.7,8016.44559489998,4.65,-0.0029440936495177,7.04132887873656,2.64901137604426,11008790517157.1
China,cn,2016,2.00000182191943,11233313730348.7,8094.39016735149,4.56,1.40734602732051,6.84876220495761,1.70330002824602,11177613255021.7
China,cn,2017,1.59313600071436,12310491333980.9,8817.04560829162,4.47,4.2326819752236,6.94720079331685,1.53264496925769,12294360421956.4
China,cn,2018,2.07479039965576,13894907857880.6,9905.40638304527,4.31,3.49974763567195,6.7497738324959,0.173667284672295,13833878513962.5
China,cn,2019,2.89923416358227,14279968506271.7,10143.8602206165,4.56,1.28670040766232,5.95050075367413,0.720658984389148,14239959159195.7
China,cn,2020,2.41942189457782,14687744162801.0,10408.7195541075,5.0,0.49249391805742,2.23863835634639,1.69417196526513,14570138553468.0
China,cn,2021,0.981015135544882,17820459508852.2,12617.5051041181,4.55,4.55232657897571,8.44846941687277,1.98022814428178,17696312719649.2
China,cn,2022,1.97357555739051,17881782683707.3,12662.5826712038,4.98,1.82367710735865,2.95066992959268,2.47947458572128,17728564563900.7
China,cn,2023,0.234836828893051,17794783039552.0,12614.0617416421,4.67,-0.582393794026771,5.24955786387791,1.42169348613261,17645270585286.7
Cote d'Ivoire,ci,2010,1.22645612135479,34936307980.063,1553.54887048143,6.618,1.5162179241976,6.84804939907013,1.33095270108223,23995591357.5247
Cote d'Ivoire,ci,2011,4.9124339505246,36693710801.3976,1596.62826565998,7.135,5.70932050005679,-5.37044724000579,7.26612761772171,24425274888.759
Cote d'Ivoire,ci,2012,1.30451119915597,36302302877.2977,1546.9460184731,7.223,-0.404098360740875,7.62041176451649,-0.882958574823465,25926659727.4129
Cote d'Ivoire,ci,2013,2.58117037252936,42760235484.6093,1786.15862031324,4.255,2.87673042852516,10.7602131311256,-1.48012277771383,29861782822.0902
Cote d'Ivoire,ci,2014,0.448682076766141,48843005613.7091,1991.36539423404,3.285,4.40733235572075,9.37199994240375,1.04562413672806,47933652024.9735
Cote d'Ivoire,ci,2015,1.25149954781477,45815005169.2651,1814.71855088017,2.579,4.77568237270827,7.19494942728191,-0.439534823506043,44807751702.5044
Cote d'Ivoire,ci,2016,0.723178457513217,48407761036.8238,1862.59597081287,1.896,-1.17983243565696,7.17275963956332,-0.855798630849984,47331529982.55
Cote d'Ivoire,ci,2017,0.685881065304603,52512343996.69,1964.29930338343,3.272,-1.04167724817084,7.41076242592504,-1.99780015304643,50973205770.8793
Cote d'Ivoire,ci,2018,0.359409031380677,58522477786.6889,2130.86619381144,2.85,1.68197647173226,4.84314605889178,-3.90363086723185,56893409586.3836
Cote d'Ivoire,ci,2019,-1.10686343994188,60382894697.3557,2141.76836170115,2.401,1.98335249260808,6.72137167584978,-2.23379059024848,58700458323.6943
Cote d'Ivoire,ci,2020,2.42500656821815,63027852805.4204,2179.72934832935,2.584,1.82838309372076,0.699728593494228,-3.13243536755177,61181445318.3239
Cote d'Ivoire,ci,2021,4.09195189692863,72794636653.7793,2455.98127641148,2.63,3.93013137544369,7.06332910205232,-3.94825311453385,70557249154.8822
Cote d'Ivoire,ci,2022,5.27616724262846,70173140101.4315,2308.70654660366,2.306,2.08589858906348,6.2178509127107,-7.68645594475982,67874161725.9432
Cote d'Ivoire,ci,2023,4.38711707003279,78875489245.0538,2530.84659301723,2.27,2.92244000008407,6.199999999987,,75699486555.3384
Cameroon,cm,2010,1.27538046242338,27507501821.0296,1398.58702025047,4.11,0.688187082777645,2.89902472122014,-3.11602303510797,27243249538.9366
Cameroon,cm,2011,2.93969946305091,30630910495.217,1513.96056994878,3.987,2.58904424747894,3.37921128506045,-2.44588511307824,30327885739.0239
Cameroon,cm,2012,2.73529677529539,30155062329.2821,1449.09874362279,3.835,1.94228536388823,4.62597872209571,-3.17006037197893,29710253435.3417
Cameroon,cm,2013,2.05034718001741,33728621180.3231,1575.92882118897,3.685,3.05345916925037,4.99552916130783,-3.34459990547821,33113313969.6417
Cameroon,cm,2014,1.85489850366777,36386544706.0806,1649.4433905949,3.534,2.01421263022257,5.71981814509198,-3.85300319903713,35703010549.7371
Cameroon,cm,2015,2.676235314199,32210233020.4569,1415.00009710569,3.518,0.309791677780538,5.66695298703932,-3.64384590025676,31773333681.5673
Cameroon,cm,2016,0.874190383288856,33814337044.3765,1441.7201725688,3.528,0.661808977155886,4.53579423678801,-3.06806029650276,33256524239.9872
Cameroon,cm,2017,0.64040914988195,36098547033.1655,1496.08951771242,3.568,1.02514116066253,3.54117654926007,-2.63102845264373,35436388520.4124
Cameroon,cm,2018,1.0688581131292,39955552189.795,1610.69641591017,3.601,1.89699162266248,3.95551423892049,-3.52725517847681,39216305348.0458
Cameroon,cm,2019,2.45280214062732,39667757527.6578,1555.22660476477,3.622,1.16977181911541,3.47505998194981,-4.27316997253143,38825035814.2222
Cameroon,cm,2020,2.43760882182236,40773241177.0505,1555.60370660749,3.87,0.705572037621721,0.259932915907115,-3.70931267651988,39933227702.4352
Cameroon,cm,2021,2.27185762503637,45011937346.8384,1672.32657340872,3.973,2.92103933375591,3.33885747179505,-3.98670897608133,44281229347.6822
Cameroon,cm,2022,6.24767713343861,44347206072.5513,1604.87726954895,3.653,6.83105473248673,3.7367840056412,-3.39397488391441,43241972760.9174
Cameroon,cm,2023,7.38281384280984,49279410982.826,1736.86091073524,3.613,4.65972285962381,3.24834497823876,-4.09678323983015,48343641930.7095
"Congo, Dem. Rep.",cd,2010,7.10000000000037,21565721044.8462,314.53858629844,4.096,20.7863251488693,7.10797657581392,-10.0784944564579,20654940435.8225
"Congo, Dem. Rep.",cd,2011,15.316515913949,25839749199.3671,364.714191777632,4.315,13.791660106755,6.8746708900163,-4.95593928260483,24543304631.5936
"Congo, Dem. Rep.",cd,2012,9.72182806273364,29306235285.2597,400.059901824342,4.485,5.93999221193936,7.08689894671942,-4.30100115530101,27710051425.5743
"Congo, Dem. Rep.",cd,2013,0.808223101487111,32679745048.4427,431.191528160935,4.468,2.7712914145543,8.48195663608755,-9.5129360137515,29868626861.7829
"Congo, Dem. Rep.",cd,2014,1.24303889760803,35909040925.9375,458.004541775676,4.436,0.99363066697174,9.4702880993101,-4.79716150307317,32869069802.4626
"Congo, Dem. Rep.",cd,2015,0.74419899478147,37917706497.1793,467.9145805459,4.439,-1.15587859287012,6.91616711922561,-3.91310432360812,35126777862.4323
"Congo, Dem. Rep.",cd,2016,2.88585107289988,37134801555.3322,442.310472110228,4.521,4.34922894475879,2.39939891133452,-4.05053876521373,36345366908.6642
"Congo, Dem. Rep.",cd,2017,,38019264794.8263,436.584534687385,4.601,43.0686597641677,3.7269476588301,-3.2652501894048,36945658210.5005
"Congo, Dem. Rep.",cd,2018,,47568210009.8172,528.256019777898,4.618,30.998612148703,5.82112109969025,-3.5156285816565,45864379355.5355
"Congo, Dem. Rep.",cd,2019,,51775829877.2088,557.044161335917,4.591,5.89540537440325,4.38452887429834,-3.27031370620225,48961721320.9821
"Congo, Dem. Rep.",cd,2020,,48716961860.1325,507.521230077872,5.345,3.90154957064527,1.73542276681493,-2.15968234798244,47449011448.6566
"Congo, Dem. Rep.",cd,2021,,55328482783.5393,558.034077296358,5.28,14.9754345531209,6.20015401075946,-1.06167192896581,53338482783.5393
"Congo, Dem. Rep.",cd,2022,,65801547619.5815,642.612265820033,4.522,10.1064172353471,8.92444762563109,-4.78420264034479,62284414213.4529
"Congo, Dem. Rep.",cd,2023,,66383287002.9867,627.502181690836,4.484,13.1719312219148,8.56086250904089,-5.84893546383991,64288287002.9867
"Congo, Rep.",cg,2010,0.391525011227612,13148396211.5955,2946.55798067708,19.345,29.4176837966296,9.93126543095578,6.85413566856583,12221536231.1538
"Congo, Rep.",cg,2011,1.75958704273803,15655383576.6515,3396.16505817952,19.464,10.953325511462,2.20591936286718,13.2423472931453,14089660178.6591
"Congo, Rep.",cg,2012,5.01018773134471,17692911296.3044,3732.32737320389,19.512,11.3640902368718,9.94715314257564,13.6849086384196,16736472283.2997
"Congo, Rep.",cg,2013,4.63161619729461,17958720699.0868,3697.41705884249,19.827,-1.10456218926858,-0.712434451876447,10.7855804840986,17547363836.017
"Congo, Rep.",cg,2014,0.912139545450097,17919321078.0284,3601.2365808718,19.691,-6.46456331292119,6.64606540928447,3.79355485952657,18182185023.7646
"Congo, Rep.",cg,2015,3.16909796750829,12434793867.3568,2439.35189403696,19.978,-17.2539875449458,0.415193061293763,-37.2388274641582,12368954507.0538
"Congo, Rep.",cg,2016,3.19056179723773,10931328150.8478,2093.10728558843,20.223,-3.50248728902629,-8.68524343913786,-32.8963883802867,10540521863.9381
"Congo, Rep.",cg,2017,0.450063823285546,11834473039.3645,2211.63309874797,20.611,12.3656768528042,-5.59477371915547,,10275915423.3547
"Congo, Rep.",cg,2018,1.15277896375523,14773900288.5135,2694.43413191427,20.701,22.2344412921584,-2.30431780125842,,13950568006.1425
"Congo, Rep.",cg,2019,2.20607305781525,13976637779.9763,2488.42466724916,20.392,-1.31736650195613,1.12447391976529,11.6793050600101,12568374440.1643
"Congo, Rep.",cg,2020,1.79537147083108,11468687464.0046,1993.586671931,22.198,-13.9995678950009,-6.26777227963225,12.5614280869547,11405928815.1038
"Congo, Rep.",cg,2021,1.7156427545126,14825690210.9157,2516.16255145432,21.96,23.2907180099124,1.01507036990908,11.5738751772006,13175025890.1367
"Congo, Rep.",cg,2022,3.04344334698478,15817030154.6941,2620.83804267402,20.108,18.2608987808466,1.47535613247133,,14100325791.9671
"Congo, Rep.",cg,2023,4.30174563591016,15321055822.5167,2477.97845544866,19.898,-7.56770228699291,1.90686426346754,,14546557191.4854
Colombia,co,2010,2.27200227892008,286498534094.963,6398.2958447102,11.153,3.80486029146383,4.49465897070922,-2.99583091222973,276539068640.164
Colombia,co,2011,3.4150334477625,334966134804.887,7400.9940695669,10.288,6.38680337285258,6.94789198173555,-2.90611447190462,320761717459.121
Colombia,co,2012,3.16930188840055,370691143018.039,8108.59838244229,9.959,3.61665506268449,3.91263576716115,-3.14008013112594,356514927997.962
Colombia,co,2013,2.01699224310383,382093697077.685,8279.10255642981,9.246,1.90767643221162,5.13399351995672,-3.23615067105022,368881076786.015
Colombia,co,2014,2.89883787761738,381240864422.407,8187.20824890084,8.799,2.2356323764315,4.49903000110972,-5.19843119341792,370407849663.061
Colombia,co,2015,4.9898311584953,293492370193.166,6248.51490534512,8.572,2.44932842052003,2.95590137527523,-6.37230442230879,289667485036.838
Colombia,co,2016,7.51346024627675,282720100286.228,5959.84250367574,8.922,5.14833430514589,2.08738250162794,-4.45195067751591,279593356364.69
Colombia,co,2017,4.31431325695011,311866875156.879,6479.53231292429,9.086,5.13373589963346,1.35936086788746,-3.18224191114871,306527532488.183
Colombia,co,2018,3.24056932930569,334198218098.276,6816.96818309544,9.36,4.63057967327826,2.56432428277704,-4.20138344687968,325924723780.778
Colombia,co,2019,3.52301932741447,323031701192.84,6472.54544924705,10.28,4.00262054293638,3.18685539245533,-4.58427517266059,315981529469.142
Colombia,co,2020,2.52663500084706,270348342541.465,5339.68711357943,15.983,1.48172462037553,-7.18591413760859,-3.42772945914236,267833501944.668
Colombia,co,2021,3.49505757399448,318524633225.395,6222.62164397614,13.898,7.80211309545884,10.8011981904878,-5.6351694946032,313509201762.482
Colombia,co,2022,10.1772313546166,345329875078.512,6674.59601948063,10.547,14.8665745551143,7.2888838865514,-6.14606090715928,337877677468.28
Colombia,co,2023,11.7359044948689,363493841244.303,6947.35928681966,9.594,6.33605731984103,0.610409565791542,-2.37230770483043,359767496425.645
Comoros,km,2010,3.35475770328922,907978730.887844,1386.5742428453,4.248,1.6751524700268,3.77776674982255,-4.3322227069687,907127366.66413
Comoros,km,2011,1.8426630075621,1023086273.53336,1531.43789372951,4.207,3.04568880149402,4.1435066947591,-5.42473025670486,1022301422.43754
Comoros,km,2012,6.31474450315196,1015843490.82374,1490.31511351281,4.17,4.27048256936031,3.16840986908748,-4.04970428541402,1014150823.30033
Comoros,km,2013,-4.29487331536736,1116224106.83728,1603.32797107303,4.118,1.75215703553242,4.4662473147818,,1116441467.3321
Comoros,km,2014,,1149587661.00693,1615.71723662012,4.119,0.835044861947765,2.10665758942474,-3.7803293757662,1154095453.26526
Comoros,km,2015,,966029600.862227,1329.37048235986,4.121,-0.522859922969374,1.14735076108914,-0.256465657736018,971041229.263184
Comoros,km,2016,,1012835493.19325,1365.48403444497,4.104,1.71498680821954,3.32044656240026,-4.34858918733342,1018354713.48476
Comoros,km,2017,,1077439756.59451,1423.9248027797,4.03,0.40249413511539,3.81576287682401,-2.13204216493526,1082473390.9003
Comoros,km,2018,,1188797449.38584,1540.71132257526,3.942,1.8356679398124,3.6424511379732,-2.83225012492641,1195077463.01975
Comoros,km,2019,,1195019531.9011,1519.26386436068,3.934,4.20910596809098,1.76078023923176,-3.33166140326131,1200664052.32512
Comoros,km,2020,,1225039196.61091,1527.16991011916,4.471,0.669668394306555,-0.195556827149787,-1.79978941327919,1229785123.82979
Comoros,km,2021,,1296089479.91978,1584.12450153608,4.394,0.169479511384438,2.00016198933761,-0.314473575359912,1302397963.15498
Comoros,km,2022,,1242519407.77603,1489.49566257969,3.816,4.94193319951842,2.60301031927843,-0.422370445048612,1248694701.42531
Comoros,km,2023,,1352380971.24055,1590.31237688317,3.776,2.91808886046567,2.99567457175966,-1.82059800297231,1355203003.61301
Cabo Verde,cv,2010,2.07866470906424,1824751467.92957,3579.46006137809,10.67,0.654415406092099,1.83641914989978,-12.2081961374489,1751605293.64241
Cabo Verde,cv,2011,4.47388342165023,2046817987.20109,4002.01386888785,10.948,2.74704089816066,3.92471821338283,-14.8785945210366,1973681911.12362
Cabo Verde,cv,2012,2.54039644167109,1913081210.41411,3736.81517011087,11.142,0.677607456621359,1.08364848376166,-12.7312450215892,1838501321.50582
Cabo Verde,cv,2013,1.50654285701407,2028910915.16446,3960.97596791345,11.392,1.42476019715654,0.632136727385131,-5.2914571085641,1964307698.69692
Cabo Verde,cv,2014,-0.238778144990624,2041930125.42979,3985.60706548134,11.674,-0.100319979407018,0.696666840118581,-8.27455286476655,1949294165.67812
Cabo Verde,cv,2015,0.131187999024545,1749857620.35329,3415.06266730931,11.907,1.62040755881043,0.936026507808833,-2.89127851947954,1690799359.91593
Cabo Verde,cv,2016,-1.40781637091706,1849789992.7426,3608.96606551232,12.077,1.67992479299215,4.28071482662371,-3.46715998994157,1790348393.50026
Cabo Verde,cv,2017,0.784415251101334,1996741544.61574,3893.09572292025,12.24,1.2969136763507,4.5513148102974,-6.9931164719733,1935686294.99785
Cabo Verde,cv,2018,1.25699566690509,2205099509.15987,4294.96510456428,12.17,1.70417119144814,3.70696458310842,-4.40170435637594,2158337754.05916
Cabo Verde,cv,2019,1.10666674296063,2252177133.74705,4380.7811916403,12.128,0.694871191088424,6.94782634051859,-0.968698562598978,2210013290.2012
Cabo Verde,cv,2020,0.605795808395385,1821565617.6945,3539.22662027109,14.69,0.366160426431094,-20.8052758990735,-15.6834304654253,1780621620.7181
Cabo Verde,cv,2021,1.86215297494647,2051842609.64558,3971.4440744985,13.976,1.34990112558344,7.03353010694514,-12.2149777326852,2023485052.31295
Cabo Verde,cv,2022,7.93092925430087,2247003347.63376,4323.31362665974,12.246,6.34319040438669,15.843675684642,-3.48336677710103,2218471843.46829
Cabo Verde,cv,2023,3.72437517668748,2533819406.4916,4850.98415849643,11.971,3.79259432080659,5.47543591649173,-2.54316234258702,2503977288.77574
Costa Rica,cr,2010,5.66275708420021,37658616951.8038,8265.78820275582,7.171,6.6288448617527,5.36034352634111,-3.22336387445293,36449994661.8361
Costa Rica,cr,2011,4.87799830970702,42762613698.9636,9276.39107511347,9.518,4.5932251410207,4.40315923970431,-5.29681753650104,41322445055.4576
Costa Rica,cr,2012,4.49545314354605,47231655431.7355,10126.9991024177,9.11,4.73363297222332,4.88259241025739,-5.10481785769544,45751076217.8681
Costa Rica,cr,2013,5.23133614174428,50949668841.6696,10803.2401962173,8.218,4.59021167481144,2.49476611209954,-4.77170630967613,49093855693.3869
Costa Rica,cr,2014,4.51920098516954,52016408854.2658,10911.497878334,8.499,6.20692042008149,3.54210987765977,-4.71600481230981,49869412874.3345
Costa Rica,cr,2015,0.801982005099623,56441920820.5194,11714.7105980732,8.415,3.95521539698855,3.65208096802883,-3.40396456306336,54026905533.7438
Costa Rica,cr,2016,-0.0174788505908217,58847019609.6549,12091.0301606154,8.085,1.95876480203574,4.20432325175899,-2.13651622902175,56365195550.6234
Costa Rica,cr,2017,1.62590692991732,60516044656.5206,12317.0902771304,7.729,2.8588837280198,4.1576989627609,-3.61676636348474,57350348728.7643
Costa Rica,cr,2018,2.22111461526581,62420164991.5374,12590.2493781614,9.01,2.19247842793764,2.6159044043379,-2.99153112578977,59042419843.9842
Costa Rica,cr,2019,2.09604635327807,64417670521.3545,12884.6859951989,10.807,2.56679211746589,2.41751181762513,-1.19007304662517,60575320937.0316
Costa Rica,cr,2020,0.724911478131376,62395610760.0492,12394.0493969492,16.432,0.772593247062218,-4.27335432161462,-1.0451399398849,58780239945.3654
Costa Rica,cr,2021,1.72647755109241,64960725734.1965,12838.1185358931,15.139,2.37413082580539,7.93576224743147,-3.17593347841436,60786873652.2023
Costa Rica,cr,2022,8.27477490232654,69243626028.5936,13625.9008491328,11.325,6.28038513680281,4.55149177958398,-3.28139915247024,64292147817.5435
Costa Rica,cr,2023,0.525193508693455,86497941439.0174,16942.0268119375,8.325,-0.087922596921004,5.11192183224598,-1.4326435676152,80477795958.8812
Cuba,cu,2010,,59562962962.963,5272.26755824835,2.5,1.20204852948169,2.39035229650723,,58237037037.037
Cuba,cu,2011,,68990000000.0,6104.46105236166,3.18,4.32376713223725,2.80230083647626,,67926000000.0
Cuba,cu,2012,,73141000000.0,6470.83673392653,3.46,2.91405780485152,3.01490028898772,,72146000000.0
Cuba,cu,2013,,77148000000.0,6828.36428245396,3.29,2.65783023966264,2.74760256257211,,76226000000.0
Cuba,cu,2014,,80656100000.0,7146.70459051328,2.7,3.46337574129474,1.04757663187654,,79602100000.0
Cuba,cu,2015,,87132800000.0,7727.91997207998,2.4,3.43904876302352,4.4383335888395,,86014000000.0
Cuba,cu,2016,,91370407863.7,8110.55873961397,2.0,4.32834924313742,0.512843095700745,,90086000000.0
Cuba,cu,2017,,96850649691.7406,8610.60829531998,1.7,4.11359090116284,1.80979177212284,,95497000000.0
Cuba,cu,2018,,100050036096.123,8911.46205964193,1.7,1.03226933491902,2.24794854086232,,98575000000.0
Cuba,cu,2019,,103427600000.0,9232.26115935183,1.705,3.54474299448344,-0.163087223606624,,101873800000.0
Cuba,cu,2020,,107351800000.0,9605.26125067263,2.24,16.5559626167225,-10.9490846048862,,
Cuba,cu,2021,,,,2.116,401.591191263656,1.25369342501311,,
Cuba,cu,2022,,,,1.82,14.1554019623172,1.77485399483382,,
Cuba,cu,2023,,,,1.719,,-1.92899211214875,,
Curacao,cw,2010,2.77944261312587,2951342793.29609,19847.2310127979,,2.77999992864359,0.0823066088131412,,2940670391.06145
Curacao,cw,2011,2.3325315256217,2930092234.63687,19426.326382752,,-1.22227291824896,0.50845748203723,-30.0160246256858,2894784972.06704
Curacao,cw,2012,3.18398746349455,3012836256.98324,19809.8223198624,,3.18400059113418,-0.34895082430242,-29.7077853235381,2951663072.6257
Curacao,cw,2013,1.33232086152117,3033568603.35196,19721.2921646576,,1.3323001564294,-0.635696907591139,-25.1892796282226,2951110502.7933
Curacao,cw,2014,1.4987396961643,3059406983.24022,19623.029993395,,1.49869869811268,-0.637397373327133,-16.533127015432,2993652793.29609
Curacao,cw,2015,-0.476542049801405,3058779217.87709,19361.8130008678,,-0.476487692925147,0.458151544160046,-16.9786946075613,3014589273.74302
Curacao,cw,2016,-0.0472079848940293,3024690167.59777,18944.0961493998,,-0.0472619991623873,-1.06770848655277,-19.3487660234797,2967651061.45251
Curacao,cw,2017,1.58558801700345,3033433240.22346,18938.2440469703,,1.58549917027221,-1.2762081008495,-22.4080601133126,2998237709.49721
Curacao,cw,2018,2.58368756641814,3046364804.46927,19119.1243941688,,2.58479965749217,-2.10411133101029,-26.6788619613119,3028320111.73184
Curacao,cw,2019,2.62220783425059,3026124134.07821,19220.6866958303,,2.62590163550418,-3.20613219619177,-17.868762273522,3038652569.8324
Curacao,cw,2020,,2534327597.76536,16356.0933594414,,2.68113286971705,-18.4384703505393,-27.1790165284439,2551929888.26816
Curacao,cw,2021,,2739608156.42458,17980.0888397547,,3.75902232115968,4.18371193053579,-18.5704716286344,2771395858.65922
Curacao,cw,2022,,3075180834.72417,20501.7522782219,,4.99778285828292,6.90599999999999,-26.7518167491028,3067935215.53575
Curacao,cw,2023,,3281419347.37053,22192.4453028535,,2.40355185282874,4.20199999999977,-19.9513589557703,
Cayman Islands,ky,2010,0.276140861750108,4156841107.36443,76837.6699636672,,-0.20640583789077,-2.71563526217577,,3934132216.52887
Cayman Islands,ky,2011,1.32543575779664,4186073104.29242,75280.960764889,,-0.46045298844831,1.16906219839106,,4044214536.85815
Cayman Islands,ky,2012,1.18894845245608,4291004524.0181,75101.59136128,,1.26141317100767,1.22975365701149,,2904990579.96232
Cayman Islands,ky,2013,2.16061146813391,4405796023.18409,75113.7332398618,,1.37820331588176,1.27933101999021,,2646064824.2593
Cayman Islands,ky,2014,1.27397911533388,4562853611.41445,75845.3060407986,,0.886728378363429,2.65452798451271,,2632382489.52996
Cayman Islands,ky,2015,-2.34752770165615,4708167232.66893,76379.2095108681,,0.341900567720671,2.8331222262961,,2793005892.02357
Cayman Islands,ky,2016,-0.62525835861814,4909322237.28895,77802.2541567187,,1.00009233254727,3.23997433895669,-14.3925574520851,3102982371.92949
Cayman Islands,ky,2017,,5166281305.12522,80053.9444506891,,1.98679824630499,3.18404592334522,-16.8690569421759,3460458641.83457
Cayman Islands,ky,2018,,5530178440.71376,83865.5531568184,,2.66279949920632,4.26726745249641,-16.7723987613564,3860560522.24209
Cayman Islands,ky,2019,,5941896607.58643,88254.2903677044,,3.39631203940991,3.91563534249416,-10.8861308298588,4403860295.44118
Cayman Islands,ky,2020,,5655358021.43209,82338.7982853661,,0.139369732138746,-4.95480640759244,-14.6320063569896,3861758367.03347
Cayman Islands,ky,2021,,6060026520.10608,86438.445257404,,2.1453321619356,4.90492941270442,-13.1056399843482,4668860955.44382
Cayman Islands,ky,2022,,6600843963.37585,92202.1478031576,,3.58324759973381,5.15632954248333,-9.80587517058896,4360315001.26
Cayman Islands,ky,2023,,7139428557.71423,97749.5078960846,,3.64092096854627,4.35967595700366,,
Cyprus,cy,2010,2.43004084102254,25799940077.6075,31105.02734375,6.359,1.88051148001726,2.28354499702917,-10.7622757102317,25431296723.2262
Cyprus,cy,2011,3.28944939564211,27641547909.7011,32485.796875,7.942,1.61624900011381,0.416712762832276,-2.09343675182057,28366739790.7056
Cyprus,cy,2012,2.38905410042317,25047436974.6819,28991.935546875,12.097,1.67877921551435,-3.44738142393619,-3.86860062836353,24872764788.5623
Cyprus,cy,2013,-0.399357676464426,23959712860.8331,27797.45703125,16.131,-0.937739537664939,-6.58747695700073,-1.50316970166727,23645299457.4637
Cyprus,cy,2014,-1.35498885446315,23225918259.9824,27244.3515625,16.277,-1.33826258326664,-1.77606181111089,-4.07615408092307,22592071770.9452
Cyprus,cy,2015,-2.0969976905311,19909278416.8575,23487.228515625,15.026,-0.754233926922836,3.41892299033393,-0.244186265425847,19774901919.0144
Cyprus,cy,2016,-1.42916666666665,21046462280.5979,24715.154296875,13.006,-0.574742676988038,6.57359100513114,-3.87009257416934,20211956551.818
Cyprus,cy,2017,0.531766496174467,22946570628.7576,26696.990234375,11.155,1.02039367253803,5.75083246014417,-4.91227621613636,22248590723.5152
Cyprus,cy,2018,1.43549119531759,25754001367.5448,29599.986328125,8.504,1.02575008362142,6.27166730438427,-3.74116387276707,24823400132.0307
Cyprus,cy,2019,0.250370996758493,26196667099.5303,29703.052734375,7.155,1.35009084401798,5.87559123003267,-5.52358779333748,24793491597.2219
Cyprus,cy,2020,-0.638422797978959,25555093854.2968,28649.015625,7.755,-1.20792011655351,-3.22063433575047,-9.70521766643824,23839852610.9473
Cyprus,cy,2021,2.44608867175474,30372874319.6285,33734.29296875,7.513,3.04391069697645,11.3877633552,-5.44863394406944,27682692012.0072
Cyprus,cy,2022,8.39548297993334,30976176886.8521,33938.9453125,6.806,6.68855378219979,7.36562252428676,-5.5180144908117,28521267364.7675
Cyprus,cy,2023,3.54134188751663,33886930712.3394,36551.41796875,6.098,3.82970232014782,2.61190090914745,-9.42577181887465,30644231434.6265
Czechia,cz,2010,1.47272727272722,211168667286.27,20160.4355077059,7.281,-0.485125312858614,2.71466511501851,-3.48120039690543,193418140405.535
Czechia,cz,2011,1.9172191363555,231429378717.312,22049.1080788682,6.712,-0.221133399885247,1.77238083691023,-2.1691537824734,211036199499.884
Czechia,cz,2012,3.28762306610411,210363223087.728,20014.0354015165,6.979,1.3433900864304,-0.770668176495519,-1.501449440317,195428016856.085
Czechia,cz,2013,1.4382978723404,213024360541.119,20260.4954999375,6.953,1.27158777843077,-0.0418124078092319,-0.519137991701544,198239568740.499
Czechia,cz,2014,0.343988589646794,210911285077.683,20038.4163180257,6.108,2.70671595220047,2.24521218606488,0.217020094001343,194987353968.445
Czechia,cz,2015,0.309364548494975,189107698561.919,17931.5987670768,5.048,1.23453645747557,4.95875849031782,0.446971205922034,175136907363.179
Czechia,cz,2016,0.683504209385703,198160659303.939,18753.9686718096,3.952,1.49123390258281,2.58087014675783,1.74734921729713,183030984148.2
Czechia,cz,2017,2.4505339846014,221563575696.217,20913.197632212,2.893,1.68362051457846,5.17356528805017,1.35301705500193,206250524034.28
Czechia,cz,2018,2.14949494949493,251992360762.236,23705.9329811299,2.246,2.81335978857678,2.83030589412112,0.451859774047595,235330815043.776
Czechia,cz,2019,2.8478759591805,256794209028.77,24062.7190013343,2.015,3.84131790816744,3.56577657204843,0.356195094422182,237284304854.517
Czechia,cz,2020,3.16129528497801,251109660602.536,23472.8915454417,2.55,4.51623222399486,-5.30487954551279,1.78520080795831,233709848019.733
Czechia,cz,2021,3.83984491500146,290972714482.313,27696.4619527544,2.803,4.03442638918558,4.02901830633854,-2.04624111898244,270290707240.003
Czechia,cz,2022,15.1001651468371,301831228325.556,28282.2236715857,2.224,8.67110088094911,2.84717065717149,-4.52048439437013,277349488376.076
Czechia,cz,2023,10.6612601372426,343207874553.734,31591.1770732969,2.579,8.15889263966358,-0.085330275927376,0.301691698482678,317869839762.542
Germany,de,2010,1.1038103778926,3468154343000.01,42409.9356994694,7.043,0.682498555076293,4.14676754532437,5.77101102573256,3467862685333.34
Germany,de,2011,2.07517283735874,3824828563521.41,47646.582043143,5.967,1.23193488042945,3.75796886586348,6.25886646333735,3845325104620.63
Germany,de,2012,2.00848884782956,3597896500945.31,44735.5882319701,5.372,1.43207641485445,0.474291305855544,7.19271816687107,3611772218601.56
Germany,de,2013,1.50472330251876,3808086291482.36,47220.0102098851,5.316,1.99503161955657,0.386224576109953,6.72723104677662,3820263805783.93
Germany,de,2014,0.906794000434246,3965800686309.79,48971.0824722599,4.979,1.90082487333854,2.16949892879079,7.19249005241928,3967012279025.08
Germany,de,2015,0.514426137125456,3423568450957.03,41911.0109851054,4.612,1.68539778304084,1.65271977174628,8.10033539639847,3434101056827.73
Germany,de,2016,0.491747008445174,3537784107980.55,42961.0356905775,4.104,1.25625862371237,2.29471067684281,8.89985353214631,3555930677612.46
Germany,de,2017,1.50949485109628,3763092263752.95,45526.5999576533,3.781,1.46798919402306,2.71602451931592,8.08358573755333,3778789183700.01
Germany,de,2018,1.73216879766942,4052008447223.53,48874.8595028454,3.384,1.86533423127291,1.11644310926225,8.44474369079798,4108434453701.96
Germany,de,2019,1.44565976888253,3957208055215.68,47623.8656074829,3.163,2.01597612377067,0.987893349167578,7.88005874480123,4034728306596.07
Germany,de,2020,0.144877925813982,3940142541354.1,47379.765194548,3.881,1.75504597095741,-4.09513749064689,6.34985102790796,3998734917350.98
Germany,de,2021,3.06666666666673,4348297440387.53,52265.6541620571,3.594,2.80292938819132,3.66999986156735,6.93196765120446,4443312883197.6
Germany,de,2022,6.87257438551097,4163596357879.39,49686.1154582583,3.12,6.09185662231558,1.36973105536585,4.43791548373552,4241258694941.65
Germany,de,2023,5.94643667725823,4525703903627.53,54343.2265084958,3.068,6.14291653024772,-0.266438410090913,5.80317294206,4636236589068.71
Djibouti,dj,2010,3.95007875923885,1128611700.3618,1213.23352553429,26.371,,,4.47357137871551,1145970369.28669
Djibouti,dj,2011,5.0687139477799,1239144501.77525,1306.34552844977,26.314,,,-13.8678242864019,1247888544.40387
Djibouti,dj,2012,3.73120950756887,1353632941.5207,1400.19357858954,26.187,,,-10.9311673573902,1417840322.75308
Djibouti,dj,2013,2.70603242872182,2042817162.85639,2074.29668941495,26.157,,,-30.7756454699895,2051480179.60736
Djibouti,dj,2014,1.34186494340157,2214679081.25658,2208.67810285113,26.173,1.26230441351029,7.06154324233921,23.9575053238472,2263292357.12156
Djibouti,dj,2015,-0.847389733971996,2424391785.43897,2376.12554719873,26.07,1.80710082094966,7.52610891881017,29.4599511791353,2500358047.16381
Djibouti,dj,2016,2.73841208738755,2604955228.70117,2510.4300076241,25.992,0.302782333572253,7.1234323372872,-1.00034788975653,2640882327.91848
Djibouti,dj,2017,0.568112117084804,2762581334.22612,2618.95521147369,26.064,0.562231530282162,5.458091517212,-4.79510874009852,2753515438.80577
Djibouti,dj,2018,0.14797084987711,2913466732.12507,2718.0853229414,26.184,0.656016212542539,4.7744168883374,14.7117694324276,2892833391.10178
Djibouti,dj,2019,3.31925372703827,3088853638.56832,2837.17103336917,26.256,0.449797430981619,5.5451305999467,18.2584262511938,2994853638.56832
Djibouti,dj,2020,1.7774078380617,3185150981.03207,2881.99924450145,27.713,1.77780976577868,1.31636324158441,11.5020743532667,3086150981.03207
Djibouti,dj,2021,1.18191775339802,3385825228.86997,3019.69343880209,27.668,1.70103136920272,4.52234774643705,-6.64847700936444,3326825228.86997
Djibouti,dj,2022,5.17980847967061,3674298479.07676,3231.30015326477,26.307,4.61922015773493,3.72857647005031,17.8593816032676,3742298479.07676
Djibouti,dj,2023,1.49506816515088,4098530513.55777,3554.83918868372,26.154,4.56452579428684,6.67664964361434,17.6001741922198,4006530513.55777
Dominica,dm,2010,2.99936630549,493825925.925926,7171.5523885901,,0.296969744927253,0.672634400445048,-17.8256008614503,484385185.185185
Dominica,dm,2011,1.1312313652648,501025925.925926,7255.67210585964,,1.6853218819098,-0.22355068823471,-14.1740256881856,490477777.777778
Dominica,dm,2012,1.3567714780886,485996296.296296,7031.39987118111,,-1.96154334602758,-1.05900024335187,-17.6866752370363,476466666.666667
Dominica,dm,2013,-0.0464116468805992,498296296.296296,7147.61954093518,,3.56648686732856,-0.99994063117542,-18.6960090164188,478788888.888889
Dominica,dm,2014,0.799250372687492,520429629.62963,7395.30259658718,,-0.297826834035376,4.75378658076897,-6.83148085940272,504200000.0
Dominica,dm,2015,-0.84382698463833,540737037.037037,7679.83293618857,,6.81983377311113,-2.73150306271826,-7.08253329442565,518644444.444444
Dominica,dm,2016,0.141816225732312,576229629.62963,8278.44768597003,,3.69789870271713,2.76364798170461,-8.98790334142535,555762962.962963
Dominica,dm,2017,0.296252889279487,521551851.851852,7614.34028048137,,-3.07331479794894,-6.61899463280534,-11.0283065529593,524748148.148148
Dominica,dm,2018,0.98919111918989,554770370.37037,8137.56520624242,,2.72491582561258,3.54758441831531,-46.6524667396649,556177777.777778
Dominica,dm,2019,1.50462353858141,611537037.037037,9009.09011545429,,4.48328635371882,5.5024834367041,-38.1318845047392,602040740.740741
Dominica,dm,2020,-0.727116412668203,504214814.814815,7461.77933220095,,-1.13372148579388,-16.6041095231221,-36.9633253757218,512888888.888889
Dominica,dm,2021,1.4831944499819,555266666.666667,8262.65091316727,,3.02596515876192,6.8905494167316,-33.5155990448367,555770370.37037
Dominica,dm,2022,7.7806152516404,607159259.259259,9085.67412772363,,3.56303629768684,5.58354626264079,-26.9691848499082,609107407.407407
Dominica,dm,2023,4.22769324983409,653992592.592593,9832.99643050057,,2.86621599756806,4.71223818531963,-34.1949273408919,655788888.888889
Denmark,dk,2010,2.31092436974789,322345594075.47,58104.5445594981,7.746,3.18685980343099,1.58289702078196,6.39689740721914,327612451825.411
Denmark,dk,2011,2.7586822605125,344315595263.175,61809.737898222,7.769,0.646380325027508,1.31080377939614,6.33895025513779,351569643417.089
Denmark,dk,2012,2.3979148566464,326792574244.963,58443.7747103968,7.798,2.4078426280274,-0.0054323186932663,6.04077392997687,334180090640.392
Denmark,dk,2013,0.789071780078062,344631016965.12,61377.5940590412,7.384,0.846911221576292,1.39267347017295,7.38438213074311,355510183830.163
Denmark,dk,2014,0.56402054044954,352832602064.452,62520.4509747011,6.925,1.01870652494551,1.27799979380644,8.33724641683407,365645289652.797
Denmark,dk,2015,0.452034153691575,301758922337.637,53094.0133607574,6.278,0.409102896444253,2.10441458712587,7.95393817418838,311066436036.952
Denmark,dk,2016,0.250000000000031,312181849372.233,54500.9260410217,5.989,0.4265129525064,3.07304547479855,7.0785087767559,320020671940.78
Denmark,dk,2017,1.14713216957602,331610593961.988,57521.5514992225,5.833,1.10061874339993,3.05647724393516,7.36024532050309,338899001120.246
Denmark,dk,2018,0.813609467455631,355293374912.393,61324.7665045565,5.131,0.593022200778364,1.86000748885226,6.24457266735134,365236933204.871
Denmark,dk,2019,0.75813157251162,345401473012.615,59404.2663247723,5.018,0.950878601964675,1.7114009439059,7.42526960323985,355443582780.668
Denmark,dk,2020,0.420711974110115,355631021931.621,60985.4885601514,5.637,2.82692165384543,-1.7801059882175,7.23112965395448,367136215276.414
Denmark,dk,2021,1.8530454398968,408378204639.999,69727.9873677012,5.043,2.76891919858527,7.38206628977555,8.65914472386699,424501033300.764
Denmark,dk,2022,7.6965669988926,401945576107.963,68091.3191138669,4.434,9.09696553405558,1.54017310709567,11.5656223681511,414709867315.259
Denmark,dk,2023,3.30517811237606,407091920305.404,68453.8769281145,5.094,-3.78891798596015,2.49518433148894,9.84084615992846,418673805445.712
Dominican Republic,do,2010,6.32993220146146,53860187257.9593,5484.64637931191,5.212,5.44341331542486,8.33965105962218,-7.47026738085731,51932987259.1108
Dominican Republic,do,2011,5.79676809206533,58029773599.455,5834.70590719826,6.087,8.06075517514766,3.13342300326755,-7.51114424482423,55775273598.9956
Dominican Republic,do,2012,3.69449707884777,60681535652.5373,6025.72582713231,6.722,5.09818154500647,2.71736789670562,-6.54329188822032,58281935652.0185
Dominican Republic,do,2013,4.830950967408,62682159338.0354,6149.02748927076,7.351,4.69281914231266,4.87520509332271,-4.09669996553836,59709859337.2435
Dominican Republic,do,2014,2.99864226125219,67179955677.2791,6512.50771431953,6.719,4.32128893767675,7.05046368965911,-3.23042785325025,63932555677.2837
Dominican Republic,do,2015,0.836746346724557,71164826836.5281,6819.93225155181,7.605,2.47188597709767,6.9270187716221,-1.79906290356184,68228426835.72
Dominican Republic,do,2016,1.61416607245223,75704647877.6559,7174.82349574,7.284,1.99367846452935,6.65920026269582,-1.07615585415127,72451547877.1436
Dominican Republic,do,2017,3.27955694678546,79998046305.79,7499.69286187019,5.832,4.18137503365021,4.66670467732366,-0.166379063172654,76204246305.3777
Dominican Republic,do,2018,3.56443426013508,85555390139.118,7934.98141208525,5.861,4.12148968696981,6.98252758458058,-1.54461337602595,81863690138.2717
Dominican Republic,do,2019,1.81060377042959,88941372558.2397,8164.22080932117,6.356,2.52561865647056,5.05216802016253,-1.33559890727136,84872472558.5555
Dominican Republic,do,2020,3.78103179915517,78844656298.1776,7162.29175242114,6.126,4.72350401957794,-6.72023937283404,-1.6858466539231,75019656298.6199
Dominican Republic,do,2021,8.24300347981809,94243425938.3647,8472.47982000992,7.702,7.77715811136834,12.2719902347896,-2.84932341249584,89532925938.8627
Dominican Republic,do,2022,8.81109209279587,113537368176.13,10109.5234003521,5.504,10.7141556508469,4.85832403582451,-5.76805690073836,109226368176.13
Dominican Republic,do,2023,4.78561281021135,121444279313.931,10717.6276712204,5.555,6.42391980187598,2.36061568723294,-3.60354561344743,116006679313.854
Algeria,dz,2010,3.91106195534028,177785053939.531,4912.78585503672,9.96,15.5569181228695,4.80000000000005,6.8736192928034,177703049242.49
Algeria,dz,2011,4.5242115050527,218331946925.304,5916.31364364343,9.96,16.908708362389,2.99999999999984,8.09495300569721,216589368243.66
Algeria,dz,2012,8.89145091062317,227143746075.934,6033.64884689543,10.97,8.0024465381386,2.40000000000005,5.32371106942359,224964112461.511
Algeria,dz,2013,3.25423910998847,229701430292.157,5979.60138960585,9.82,0.892752993665269,2.60000000000001,0.517147116303438,225944267491.848
Algeria,dz,2014,2.91692692067458,238942664192.59,6094.69392314956,10.207,1.45036466088149,4.09999999999997,-3.8772158836163,234461348665.993
Algeria,dz,2015,4.78444700693889,187493855609.345,4685.05902729002,11.206,-4.98674479527003,3.20000000000009,-14.4205446442816,183649437186.975
Algeria,dz,2016,6.39769480268757,180763839522.151,4424.98529027556,10.202,0.85668822422295,3.89999999999995,-14.4962877563746,179594281655.137
Algeria,dz,2017,5.59111590961664,189880896903.073,4554.66753957828,12.0,4.93800729466362,1.50000000000003,-11.6217683736912,187682164214.748
Algeria,dz,2018,4.26999020467084,194554483655.528,4577.21029180491,12.137,6.16467836481588,1.40000000000002,-8.68941296193565,190390454064.656
Algeria,dz,2019,1.95176821052892,193459662090.677,4468.45341883656,12.259,0.882992828066392,0.899999999999949,-8.76373598794007,189548593096.822
Algeria,dz,2020,2.41513094083414,164873415325.201,3743.5419522929,14.057,-4.71138391622452,-4.99999999999997,-11.0309095376359,162137110259.921
Algeria,dz,2021,7.22606307415477,186231205262.082,4160.55926736925,13.63,15.9325995891296,3.79999999999995,-2.42326388144805,182588498523.667
Algeria,dz,2022,9.26551551551553,225638456572.143,4961.55257664733,12.346,22.9512626061838,3.59999999999998,8.61249001435547,220378411278.286
Algeria,dz,2023,9.32217375928322,247626161016.414,5364.02795022731,11.701,0.854841037372282,4.10000000000004,2.5680705576358,244041138304.928
Ecuador,ec,2010,3.55437734567843,68151329000.0,4520.30959039763,4.088,9.01371738601253,4.02913787986621,-2.32172616604527,67123852000.0
Ecuador,ec,2011,4.4745326579584,78986648000.0,5153.6916424375,3.458,6.83751222954146,8.48147656332823,-0.506587087684931,77743317000.0
Ecuador,ec,2012,5.10172180958666,87735048000.0,5634.08393191094,3.235,5.00323590794862,5.783212336172,-0.166909556494228,86468104000.0
Ecuador,ec,2013,2.72177577710371,96570334000.0,6109.29031510341,3.083,2.66686728017176,7.21123653679159,-0.966037832420016,95224218000.0
Ecuador,ec,2014,3.58922016616663,102717794000.0,6405.79979300441,3.48,2.05296051570632,4.22606520388456,-0.651047970913705,101189491000.0
Ecuador,ec,2015,3.96664623255358,97209558000.0,5976.1596805651,3.616,-5.47563265671535,0.119692109287612,-2.28484408591192,95498179000.0
Ecuador,ec,2016,1.72826463324533,97671433000.0,5917.63771271481,4.597,1.17114450392724,-0.687954245877947,0.921880823309631,95796699000.0
Ecuador,ec,2017,0.417335588666825,104467486000.0,6233.32244797718,3.836,0.932031656124835,5.97039880954841,-0.388423584941001,102098707100.0
Ecuador,ec,2018,-0.224103246005552,107478962000.0,6303.91892523596,3.53,1.81939670683758,1.044295546927,-1.53393873198942,104610030900.0
Ecuador,ec,2019,0.266012515466155,107595829000.0,6205.05759479761,3.812,-0.0565751872692744,0.165403532646692,-0.507339455466227,104536017000.0
Ecuador,ec,2020,-0.338872392562139,95865472000.0,5463.64509649315,6.127,-1.82595644256135,-9.24509637743429,2.09143136395223,92538070200.0
Ecuador,ec,2021,0.133251386096389,107435101000.0,6075.8026572556,4.552,2.04901082789537,9.818417748417,2.73530514830235,105704005400.0
Ecuador,ec,2022,3.46616972213077,116586079000.0,6540.99824522101,3.761,2.19571108300103,6.18613907258741,1.83322993167713,114677350000.0
Ecuador,ec,2023,2.21568764237058,118844826000.0,6609.80408154957,3.51,-0.408196858042402,2.35521790742197,1.97395215922557,116197121700.0
"Egypt, Arab Rep.",eg,2010,11.2651882653185,218983666061.706,2455.08194645282,8.757,10.1068646295721,5.1472348575531,-2.05668307641306,214618966061.706
"Egypt, Arab Rep.",eg,2011,10.0649259874818,235989672977.625,2590.64384891965,11.849,11.6629763507332,1.7645719489982,-2.32378812632193,229940172977.625
"Egypt, Arab Rep.",eg,2012,7.11172943343083,279116666666.667,2996.0677072015,12.597,19.4828774694148,2.22619979863525,-2.49788021735236,272637266666.667
"Egypt, Arab Rep.",eg,2013,9.46971981064921,288434108527.132,3025.52563552448,13.154,8.71267457488472,2.18546605362143,-1.22513249838744,281027708527.132
"Egypt, Arab Rep.",eg,2014,10.0702154687481,305595408895.265,3133.39102265541,13.105,11.2476245037869,2.91591187985748,-1.94849131455399,298332708895.265
"Egypt, Arab Rep.",eg,2015,10.370490343517,329366576819.407,3306.98159414141,13.052,9.93088973035982,4.37201907790141,-5.23529137853431,323665676819.407
"Egypt, Arab Rep.",eg,2016,13.813606214829,332441717791.411,3270.6287768197,12.45,6.24566313377426,4.34664345555447,-6.16465951871263,327970017791.411
"Egypt, Arab Rep.",eg,2017,29.5066083940039,248362771739.13,2395.10333299491,11.767,29.5184798346035,4.18122099994778,-3.19681566782461,243794271739.13
"Egypt, Arab Rep.",eg,2018,14.4014657807422,262588632526.73,2484.70315630508,9.855,21.1748208164536,5.3311086189448,-2.93164483711978,256309032526.73
"Egypt, Arab Rep.",eg,2019,9.15279959324804,318678815489.749,2962.98892023003,7.851,13.6180959109963,5.55209307156956,-3.20758543154937,307669215489.749
"Egypt, Arab Rep.",eg,2020,5.04493288977539,383817841547.099,3511.11381026379,7.974,6.17693409847963,3.55016483786838,-3.70903990583376,372463841547.099
"Egypt, Arab Rep.",eg,2021,5.21404940513043,424671765455.704,3827.35415374308,7.441,4.84715643244118,3.29064601202211,-4.38240299812002,412272565455.704
"Egypt, Arab Rep.",eg,2022,13.8956609775178,476747720364.742,4233.30783744856,7.344,10.4257892435745,6.58784560886967,-2.2100904275198,460984520364.742
"Egypt, Arab Rep.",eg,2023,33.8847763115546,396002496996.96,3457.45691570455,7.334,24.8250653743744,3.75870055176806,-3.17277519022305,378684096996.935
Eritrea,er,2010,,1589515447.15447,539.699512069686,5.675,-16.2281996990874,2.19419034888082,,1569887473.17073
Eritrea,er,2011,,2065001626.01626,688.68165957684,5.614,19.5382281454081,8.67980010138049,,2041455160.97561
Eritrea,er,2012,,,,5.501,,,,
Eritrea,er,2013,,,,5.423,,,,
Eritrea,er,2014,,,,5.43,,,,
Eritrea,er,2015,,,,5.541,,,,
Eritrea,er,2016,,,,5.554,,,,
Eritrea,er,2017,,,,5.577,,,,
Eritrea,er,2018,,,,5.511,,,,
Eritrea,er,2019,,,,5.552,,,,
Eritrea,er,2020,,,,6.088,,,,
Eritrea,er,2021,,,,6.177,,,,
Eritrea,er,2022,,,,5.695,,,,
Eritrea,er,2023,,,,5.586,,,,
Spain,es,2010,1.79986457728769,1427989078916.67,30658.7422282912,19.86,0.292837726232122,0.0941223166682619,-3.65895973068443,1401381945416.67
Spain,es,2011,3.1961018883379,1487568659241.25,31824.6219134777,21.39,-0.145958716781735,-0.639920691287372,-2.68728637358443,1454580711702.34
Spain,es,2012,2.44612782366809,1330994811670.31,28456.4438151477,24.789,-0.202955006065054,-2.8651136729107,0.0552331666960445,1314155086548.05
Spain,es,2013,1.40858109183019,1362186923157.65,29218.9105170888,26.094,0.438174975884493,-1.4273221918188,2.07791536141213,1346529739593.34
Spain,es,2014,-0.151114837527235,1380244561361.96,29694.8874886229,24.441,-0.220686783271887,1.52048592279819,1.7359500732857,1366800133424.7
Spain,es,2015,-0.500365709903242,1206164777553.12,25969.8383138327,22.057,0.55244184266985,4.06086669718569,2.03697429462383,1195894016724.61
Spain,es,2016,-0.202598000426452,1243015667917.12,26740.6851818829,19.635,0.372182498532794,2.91515602808174,3.15808866042231,1236606698893.78
Spain,es,2017,1.95607633363963,1321754088818.83,28367.9392609439,17.224,1.25794431599297,2.8960420808163,2.82857699785743,1313739000871.77
Spain,es,2018,1.6749813686379,1431642809327.06,30592.1264795541,15.255,1.18735474303686,2.39541120364247,1.86142647160727,1423751671292.55
Spain,es,2019,0.699518994458739,1403496387686.27,29776.2011500384,14.104,1.42867121354817,1.9611785315135,2.11978917805626,1396786257474.51
Spain,es,2020,-0.322753017299739,1289783836971.21,27230.3599933583,15.532,1.133914569064,-10.9400706591866,0.819280213926574,1281402401923.74
Spain,es,2021,3.0931351197642,1461244901852.69,30817.6828559001,14.781,2.55611238398019,6.6831441850028,0.765004613238448,1456884138329.43
Spain,es,2022,8.39057634118627,1446498147749.03,30287.3657583614,12.917,4.71187418437,6.17931222572963,0.309856961117303,1424534712303.51
Spain,es,2023,3.53236133492433,1620090734956.89,33509.0127982139,12.179,6.23528003904008,2.67566349258229,2.65494270436243,1606770094001.98
Estonia,ee,2010,2.97204512015694,19524355419.038,14663.7041018705,16.707,1.81654195519067,2.44974591575541,1.74366049478647,18473734528.309
Estonia,ee,2011,4.9819013145361,23303915794.7569,17555.5455239426,12.328,5.5391726685742,7.6069766353788,1.30548764458293,22028387855.0584
Estonia,ee,2012,3.93339987296985,23237406116.3988,17568.2137969714,10.021,4.2055273670252,3.67202115931168,-1.85807259126915,22063932819.8438
Estonia,ee,2013,2.78056658954988,25451032780.7573,19310.3874900757,8.631,4.12395305572544,1.75649461188266,-0.133143040301748,24507230930.4314
Estonia,ee,2014,-0.10617514652171,27055689003.0038,20581.7898991695,7.352,2.8565454191879,3.32278753598732,0.518408483980374,25876006876.5489
Estonia,ee,2015,-0.49232600654737,23311847750.9394,17722.1557669523,6.412,1.3064346804756,1.83815704837467,1.46327360938589,22387751107.0312
Estonia,ee,2016,0.148684907627373,24561027787.7896,18666.3736521706,6.882,2.43852995890495,3.09301583441155,0.996247381037252,23537298481.751
Estonia,ee,2017,3.41723549488054,27469461919.1189,20851.5223496861,5.807,3.74109667289247,5.63467432229395,1.69970978175346,26262150181.8824
Estonia,ee,2018,3.43632688420446,31222632740.7247,23618.1361254581,5.412,4.84907777388747,3.69969444001093,0.563761631353159,29976050226.9019
Estonia,ee,2019,2.27725931243522,31873748770.0313,24021.2501413306,4.514,3.82267611749334,3.72665318178397,2.00905944057614,30681549837.647
Estonia,ee,2020,-0.44453109767983,31820771493.8974,23933.9939421065,6.956,0.753341077907294,-2.88381004140328,-2.7306242700292,30896975845.1363
Estonia,ee,2021,4.65316673847473,37204563051.4723,27953.7670230126,6.178,5.37232915617214,7.15444748334397,-3.72846855950514,36275709776.356
Estonia,ee,2022,19.3982634080616,38376046174.971,28451.1477825175,5.571,15.7824225083313,0.0604278323325786,-3.89799854711609,36987912194.9418
Estonia,ee,2023,9.15922507983982,41291245222.1948,30133.304450454,6.378,8.05478314709862,-3.02303584066192,-1.75017354585816,40050178864.9176
Ethiopia,et,2010,8.14926402965082,29933790334.3418,330.619412798644,2.3,1.44457231740674,12.5505383459308,-2.1222608717343,29825574928.2445
Ethiopia,et,2011,33.2499598823344,31952763089.33,343.024942351887,2.275,20.061875081957,11.1782962271641,-3.30367964138338,31883271774.1935
Ethiopia,et,2012,23.600417677317,43310721414.0829,452.101031885754,2.255,33.5414050179965,8.64781163337416,-7.10674868080213,43214529006.0852
Ethiopia,et,2013,7.46402192944517,47648276605.0123,484.039833104062,2.251,4.90197929907841,10.5822700482672,-6.36626399169653,47541495176.3408
Ethiopia,et,2014,6.89001951597192,55612228233.5179,549.986577082588,2.359,10.9817882908686,10.2574929610051,-10.3781721184148,55459432981.0435
Ethiopia,et,2015,9.56889955968623,64589328550.5953,621.845673808133,2.443,10.8365427789744,10.3924630202334,-11.7149020637799,64326828327.9098
Ethiopia,et,2016,6.62813337230924,74296745207.8721,696.195884706786,2.554,10.3979255406466,9.43348265784402,-10.640419267884,74054063837.4245
Ethiopia,et,2017,10.6871150284238,81770886825.6048,745.632449222154,2.662,6.67685508319342,9.56418964295607,-7.25029143899611,81285285937.504
Ethiopia,et,2018,13.8330356586661,84269196625.8784,747.968143637014,2.802,12.3822948123876,6.81614779681703,-5.47209883044265,83891882898.1509
Ethiopia,et,2019,15.8096321719344,95912607722.3032,828.70897229725,2.917,12.8603968185939,8.3640856990789,-5.23928384636561,95323016753.8224
Ethiopia,et,2020,20.3563468559061,107657734392.446,905.313175805855,3.994,18.2545902876571,6.05953088643369,-2.52541427273292,107045139885.794
Ethiopia,et,2021,26.8395221557722,111261882958.426,910.947840320752,3.935,21.7632640675501,5.64153071734657,-4.05104445487667,110688250515.368
Ethiopia,et,2022,33.8898797100898,126772703047.701,1011.0732858233,3.409,34.6673530169267,5.32117628383672,-4.07059182048539,126199025534.765
Ethiopia,et,2023,30.2188278135278,163697927593.982,1272.01628209211,3.402,33.0206928816945,6.49813464238613,-2.92468913307886,163284493254.474
Finland,fi,2010,1.18413523154646,249429613683.334,46506.2919016566,8.394,0.348873130171754,3.16828772325258,1.39274108679821,252651105183.334
Finland,fi,2011,3.41680754255211,275126915515.565,51060.3242589767,7.781,2.60092822778056,2.39039472621836,-1.55989641961033,276659458249.028
Finland,fi,2012,2.80833622561574,257443384492.969,47551.6740841369,7.689,2.9453461844269,-1.52284028499332,-2.25407429115713,259497761579.297
Finland,fi,2013,1.4782861568881,270268036626.275,49691.0145200739,8.193,2.56139416275289,-0.979741028068631,-1.87586111811563,272476696925.491
Finland,fi,2014,1.04119621178439,273478528954.901,50073.7760815871,8.663,1.64467040761917,-0.47806831857902,-1.40306958808626,277614151896.47
Finland,fi,2015,-0.207928839905268,233210733506.25,42560.3456767103,9.376,1.63270263049233,0.46650351789539,-0.912485503630059,236841059684.375
Finland,fi,2016,0.356684500891695,238777818792.608,43451.2562442158,8.818,0.055195317210746,2.57193423155972,-1.98213896057961,241867185380.545
Finland,fi,2017,0.754015047084346,253846138440.0,46085.0174739036,8.64,0.836045810858835,3.30337016113322,-0.613710516292878,255775633889.412
Finland,fi,2018,1.08382098409305,273869255596.078,49654.2497035329,7.361,1.98705887836203,1.19297772988504,-1.63811271947478,276815737098.039
Finland,fi,2019,1.02409392963431,267014821129.411,48358.1807773701,6.695,1.48185905545748,1.34973843826123,-0.15499529100125,269899706941.176
Finland,fi,2020,0.290554555653239,270000311606.226,48828.6846862799,7.759,1.63841612956087,-2.49103620977239,0.529983303828095,276322367069.261
Finland,fi,2021,2.19457432340007,294223210496.119,53099.1351400148,7.617,2.43461236911682,2.73471348589543,0.326640931588569,301103210879.84
Finland,fi,2022,7.12350773301402,280241515774.32,50438.4753952355,6.719,5.44943422380896,1.4500480727209,-2.50703012641764,284510574953.308
Finland,fi,2023,6.25064322154763,295532341254.907,52925.6897638424,7.151,3.91351734729513,-1.16396281522198,-0.5344693537674,297129375017.652
Fiji,fj,2010,3.68901229670766,3140166712.79624,3449.14452883369,4.343,4.22978499907929,2.95467242212241,-4.7591968754889,3042538815.29876
Fiji,fj,2011,7.27811782708494,3779411899.37483,4139.60288609702,4.406,9.39134051859072,2.70514302901049,-5.16119192694596,3663305384.38
Fiji,fj,2012,3.4233752340198,3972028104.47328,4341.40338748749,4.375,3.57651352093811,1.41131438177968,-1.4340442908102,3825371293.14434
Fiji,fj,2013,2.91354193604001,4189967998.51424,4572.44377544245,4.357,3.62129654202479,4.73421948956532,-9.7117807351876,4108022907.69855
Fiji,fj,2014,0.519306474579194,4857104791.41609,5293.35679137747,4.325,12.505405677962,5.60351489641585,-5.77781237875561,4631708776.08492
Fiji,fj,2015,1.37488542621438,4682479912.05203,5097.53108832569,4.291,2.53089897431484,4.50119938335874,-3.47299247646812,4398111344.70808
Fiji,fj,2016,3.86322538221269,4930213634.35692,5363.79025590254,4.319,2.6333258273187,2.44565200769968,-3.60696936782774,4658241004.89999
Fiji,fj,2017,3.3475783475784,5353469171.0611,5826.84814087383,4.324,1.69845734775171,5.35336493706966,-6.63907088641392,4930366664.65074
Fiji,fj,2018,4.08147637644526,5581425324.91185,6085.41979209299,4.335,1.42571827219933,3.81235097047221,-8.44729845712939,5221596259.42569
Fiji,fj,2019,1.77310182460282,5444407214.31758,5950.82868635508,4.373,1.54802217867768,-0.581946371012094,-12.8222684529238,4993717624.5248
Fiji,fj,2020,-2.5952432588738,4432466237.09588,4844.42129036462,4.649,-1.48397938044806,-17.0386675274098,-13.8552602449921,4151389791.7723
Fiji,fj,2021,0.155855722131516,4305031630.81808,4696.17101880318,4.701,-2.51306312524909,-4.88103605578388,-15.9482442399688,4054721701.439
Fiji,fj,2022,4.52019266394958,4969503560.7735,5405.03007408295,4.446,2.44798502613514,19.7927266933385,-17.41955368959,4704672931.99835
Fiji,fj,2023,2.14817440623896,5442046565.04719,5888.73668639357,4.322,4.09957635834306,7.52429088237292,,5130419433.22118
France,fr,2010,1.53112270420926,2646230027988.34,40694.8211697025,9.279,1.0894464568955,2.00032472699981,-0.832545468638348,2706418757800.01
France,fr,2011,2.11159795174994,2870408553990.28,43929.7840873812,9.228,0.851478332211457,2.43757656877079,-1.02802797917579,2941328117344.36
France,fr,2012,1.9541953161351,2683007095787.23,40863.5814412333,9.841,1.08204689479506,0.183835271019575,-1.22530807843013,2742349300400.39
France,fr,2013,0.863715497861805,2816077607875.26,42669.1795111893,9.913,0.747875807739717,0.781756445913402,-0.597990456908111,2874861573220.79
France,fr,2014,0.50775882293799,2861236112552.42,43148.0459288416,10.273,0.570795063645548,0.997832937998666,-0.962733699381149,2917864654134.5
France,fr,2015,0.0375143805125182,2442483452642.5,36702.4323733379,10.354,1.13444010309355,1.06675473488909,-0.334528437032909,2491864986670.7
France,fr,2016,0.18333486112386,2470407619777.13,37024.2157133669,10.057,0.517258225639353,0.860031082016107,-0.538632351885895,2525276585700.01
France,fr,2017,1.03228275064662,2588868323334.71,38687.1626407164,9.409,0.586343167177745,2.08361485062076,-0.474615185215668,2653805221561.18
France,fr,2018,1.85081508315502,2781576320884.39,41418.1766484844,9.018,1.11459330798793,1.64590872932709,-0.735670615255371,2855661376338.82
France,fr,2019,1.10825492288294,2722793515171.76,40408.2848574751,8.415,1.21052307126166,2.02744647639635,0.58736276457575,2787416524619.6
France,fr,2020,0.476498852725066,2647926055110.05,39169.8606000707,8.009,2.9779787161909,-7.44064593044142,-2.00313613657686,2667982790343.98
France,fr,2021,1.64233141038385,2966433692008.09,43725.0999521245,7.874,1.22181611014376,6.88233786590355,0.244238511780542,3024516531073.59
France,fr,2022,5.22236748369735,2796302210398.84,41082.8119320747,7.308,3.22063217116909,2.57084047443969,-1.18259080268105,2828314888998.07
France,fr,2023,4.87835726508441,3051831611384.76,44690.9345395117,7.335,5.30357175264875,0.936487502671483,-0.993970970723725,3091101307415.06
Faroe Islands,fo,2010,,2331796784.36009,47923.1515374991,,6.94863066561592,-0.379817991218616,6.18734358043311,2362041757.97798
Faroe Islands,fo,2011,,2505740669.27039,51618.9907766392,,-0.952002297174914,3.56636317884431,7.75436992619401,2640968634.56263
Faroe Islands,fo,2012,,2427200388.91831,50261.9616267693,,-2.40012352793522,7.08148344487884,,2553433108.74313
Faroe Islands,fo,2013,,2690110520.92548,55758.2083680611,,1.51621182344519,5.85614389735763,,2836986264.29586
Faroe Islands,fo,2014,,2914012679.27277,60172.0632541664,,2.67172494481022,5.43214206841004,,3018921982.08025
Faroe Islands,fo,2015,,2573905971.05459,52635.0375463609,,4.87854955309814,0.958001934486234,,2643571024.39139
Faroe Islands,fo,2016,,2813278868.78208,56875.2803813296,,7.86638738548197,1.38644795938293,,2915942111.65708
Faroe Islands,fo,2017,,2980057377.87967,59384.9862077969,,0.375894775177869,3.51201367488443,,3080225592.02459
Faroe Islands,fo,2018,,3188600927.46688,62524.0387361638,,-0.425379106897282,2.76370952267429,,3279611960.75329
Faroe Islands,fo,2019,,3266432734.22819,63064.6343127366,,3.49989705671146,4.53851028676189,,3360023702.11503
Faroe Islands,fo,2020,,3271813311.5831,62236.0866558197,,-0.111554948657087,-1.63732118017028,,3350503014.91008
Faroe Islands,fo,2021,,3664686796.62669,68736.505610554,,2.02544410571137,5.50438017256558,,3791867586.91947
Faroe Islands,fo,2022,,3566698397.6602,66108.733645837,,5.77914288280571,3.55602380418398,,3656054872.76135
Faroe Islands,fo,2023,,3907323961.33964,71717.7042204698,,4.0731868743961,2.4890581166362,,3935467411.30504
"Micronesia, Fed. Sts.",fm,2010,3.31370963136217,296944100.0,2761.24325832248,,3.60298457333592,2.25938995585932,-8.27519388329319,307507200.0
"Micronesia, Fed. Sts.",fm,2011,5.08259403890371,311301600.0,2890.50493045368,,1.59563243436212,3.18857475473928,-14.2053237117959,320855800.0
"Micronesia, Fed. Sts.",fm,2012,5.01850353045616,327248700.0,3033.16989526369,,7.12250101573797,-1.86681975475544,-7.28256521721859,342609600.0
"Micronesia, Fed. Sts.",fm,2013,1.75232737350762,317214400.0,2933.88333441237,,0.636944648983501,-3.67976779073483,-0.685151745948481,342707900.0
"Micronesia, Fed. Sts.",fm,2014,0.650284891767944,319271200.0,2945.41495996162,,3.02389423731965,-2.30577574529325,7.01835931333612,344654400.0
"Micronesia, Fed. Sts.",fm,2015,-0.2981158373807,316489900.0,2911.16211045292,,-5.25035878326008,4.62188400404939,,375852000.0
"Micronesia, Fed. Sts.",fm,2016,-1.03746806405349,325000000.0,2979.60119184048,,2.19417711945734,0.484101802387045,,379735000.0
"Micronesia, Fed. Sts.",fm,2017,0.58225373525489,359000000.0,3279.10779039285,,9.55981161695448,0.823045267489704,,408887900.0
"Micronesia, Fed. Sts.",fm,2018,1.49840023593737,392000000.0,3566.58690371125,,9.19220055710306,0.0,,402265100.0
"Micronesia, Fed. Sts.",fm,2019,1.92385170787923,394000000.0,3572.65918282222,,-3.4313725490196,4.08163265306123,,442208700.0
"Micronesia, Fed. Sts.",fm,2020,0.554594630853174,372000000.0,3353.8894298388,,-3.69543147208122,-1.9607843137255,,420832800.0
"Micronesia, Fed. Sts.",fm,2021,3.19128406597466,390000000.0,3493.87228552999,,1.98318062005774,2.8,,435690300.0
"Micronesia, Fed. Sts.",fm,2022,5.40874375479067,430000000.0,3835.38184348074,,11.1211664152841,-0.778210116731515,,478025600.0
"Micronesia, Fed. Sts.",fm,2023,,460000000.0,4084.16940424398,,6.1442403402407,0.784313725490193,,504260500.0
Gabon,ga,2010,1.46154402720469,14372593020.2885,8356.74662013345,20.39,16.5643202141089,7.08988731455126,17.0685059551217,12484464818.8341
Gabon,ga,2011,1.26331707837421,18210307743.5816,10219.1139339454,19.941,12.68122777311,7.09175334258654,14.30205454341,15711223534.0502
Gabon,ga,2012,2.65241828695626,17170464016.0593,9296.96587941088,19.728,-2.9419027036061,5.25107691750407,11.5176523304205,15456970450.5363
Gabon,ga,2013,0.505441058915615,17595744798.3398,9197.70106323947,19.794,-6.15792493444491,5.63869900338696,8.31242147608324,15890971279.4193
Gabon,ga,2014,4.69045751826284,18203966895.8433,9201.36276648105,19.916,-0.851390333321461,4.31496444107469,6.10892058354702,17256249272.8969
Gabon,ga,2015,-0.338795188753406,14383107762.6952,7047.12654634355,19.978,-8.92717245327955,3.8788993950789,0.980288664808838,13188718895.9174
Gabon,ga,2016,2.10670712784054,14023890265.3665,6677.07003901644,20.134,-4.26975397974572,2.09144220829562,,12934874984.9426
Gabon,ga,2017,2.65192583143902,14929487485.1623,6921.73373135624,20.303,3.82030214446843,0.472642030911146,,13985728543.24
Gabon,ga,2018,4.74906652083221,16867326401.9626,7624.2775233771,20.439,7.17665749439934,0.83791658082157,,15754973543.4626
Gabon,ga,2019,2.46456756151187,16874405465.391,7441.1786472281,20.358,1.54748519798422,3.92080879452831,,15511133840.5581
Gabon,ga,2020,1.35276110675333,15342236163.9864,6605.80346077565,21.27,-9.00986856172324,-1.8377610635094,,14503352825.4392
Gabon,ga,2021,1.0869074651941,19444935097.2395,8181.40914134656,21.218,20.3384091824716,1.46795731508091,,17052331403.4882
Gabon,ga,2022,4.23124798274579,20440655695.1804,8409.2074145028,20.399,14.7583426834649,3.03761449502689,,19032454429.1136
Gabon,ga,2023,3.62901534185376,19388402541.6698,7802.83659565049,20.278,-9.96401107833999,2.44588083119469,,18421276707.5839
United Kingdom,gb,2010,2.49265472467065,2485482596184.71,39598.957119545,7.924,1.58908069179591,2.2333151263108,-2.77184107542602,2486575029070.35
United Kingdom,gb,2011,3.8561124468282,2663805834828.07,42109.6418795749,8.169,2.19599393425145,1.13836234744893,-1.63097008877188,2674933131108.5
United Kingdom,gb,2012,2.5732347965453,2707089726614.64,42497.3404974322,8.25,1.54274315899465,1.50899837441014,-3.14718914670129,2681873588980.34
United Kingdom,gb,2013,2.29166666666659,2784853502534.29,43426.2981405143,7.704,2.10944102288553,1.79992149362663,-4.65119373117685,2735499202605.75
United Kingdom,gb,2014,1.45112016293279,3064708247921.43,47439.6165895125,6.363,1.31890253888587,3.1946373128021,-5.01141706795705,3009960217665.1
United Kingdom,gb,2015,0.36804684232536,2927911140916.73,44964.3911437292,5.517,0.658400581149991,2.22288844908437,-4.94667701136358,2864097393294.2
United Kingdom,gb,2016,1.0084173681141,2689106566899.61,40985.2351382417,4.867,1.96415133662747,1.92171007763831,-5.49879734304565,2626007963890.08
United Kingdom,gb,2017,2.55775577557747,2680148052335.3,40572.1214823783,4.452,1.85511700587182,2.65650489309972,-3.49784868993649,2651310310924.48
United Kingdom,gb,2018,2.29283990345938,2871340347581.79,43203.8141057739,4.12,1.92064708685382,1.40519026609273,-3.92206514953074,2832314578365.26
United Kingdom,gb,2019,1.73810460086513,2851407164907.81,42662.5353740311,3.613,2.13295141520851,1.62447515947532,-2.6851488847368,2848530128634.05
United Kingdom,gb,2020,0.989486703772491,2696778386607.65,40201.6812422928,4.472,4.96982052549251,-10.2969188737567,-2.95839949111081,2640330920076.4
United Kingdom,gb,2021,2.51837109614213,3143323050707.26,46896.8662432834,4.826,0.0665566228650079,8.5759509048565,-0.440671238610715,3158743956476.28
United Kingdom,gb,2022,7.92204883147902,3114042471144.39,45935.9276473925,3.73,5.44390479781602,4.83908514714403,-2.27877411232757,3104062213686.48
United Kingdom,gb,2023,6.79396706793963,3380854520809.54,49463.8554617343,3.984,7.29825479586994,0.339966158003463,-2.21432613498015,3296696999733.49
Georgia,ge,2010,7.11017897486099,12426907967.1578,3281.72930937343,20.203,15.9058283591544,6.24640865303363,-9.6468391223966,12209869879.0692
Georgia,ge,2011,8.5429333333333,15475290469.2869,4119.66818307193,19.632,9.17171128297396,7.9343365253078,-11.9098234516365,15049331839.1101
Georgia,ge,2012,-0.943658853270964,16894392033.2256,4530.69533409431,19.653,0.291166471422628,6.57883101954195,-11.1441786727056,16722078802.949
Georgia,ge,2013,-0.512058410947092,17517660143.6859,4712.00229382665,19.416,-0.650965016455302,5.13288531209382,-5.45445307967913,17200885802.7475
Georgia,ge,2014,3.06881210379543,17966015109.3043,4830.33486170249,17.439,4.58990448370156,4.09049059581743,-9.93087844279949,17737747151.643
Georgia,ge,2015,4.00357820695097,15223796148.8396,4086.6223465965,16.506,5.37742167651898,3.35102350265353,-11.6071164150782,14880351881.7349
Georgia,ge,2016,2.13492713939121,15444548901.9637,4143.40125686315,16.604,2.27481842989697,3.45021517996871,-12.2417329389246,14744998637.3575
Georgia,ge,2017,6.03531725272117,16473125375.0684,4418.75206546679,13.939,7.54674499838114,5.15990261658827,-7.95124743463903,15681941286.4977
Georgia,ge,2018,2.6152447139767,17902544880.6471,4804.0546040444,12.667,3.48481628679124,6.062036412677,-6.65935234039703,17228317459.0649
Georgia,ge,2019,4.85289821696723,17638337116.9126,4741.2832715876,11.565,3.99568034557234,5.38071926589951,-5.99374849041921,16841958711.6913
Georgia,ge,2020,5.2024648897534,16010869215.68,4300.85701291207,11.73,6.84793338769904,-6.2904717853839,-12.4335796501942,15254265041.6439
Georgia,ge,2021,9.56691433824769,18853115588.8106,5083.60695484577,11.791,10.229587650373,10.6442336580969,-10.30459946521,17678574249.4334
Georgia,ge,2022,11.8981654203198,24984568959.605,6729.84659930283,11.647,8.13545014384806,10.9585321385624,-4.42087610102786,23246873362.5952
Georgia,ge,2023,2.48776056578715,30777833585.4441,8283.66960242964,11.537,2.94809953621152,7.8322012152783,-5.5511012770178,28388158127.4093
Ghana,gh,2010,10.7333898354915,32197655566.5347,1263.89251760539,5.384,16.5956447322347,7.89971194051621,-8.5327330566748,31663500964.6968
Ghana,gh,2011,8.7284593709302,39336668080.559,1507.43573198753,4.227,13.9148221759821,14.0471235803149,-9.00258173366364,38113676481.7098
Ghana,gh,2012,11.1863409441067,41271701060.954,1543.77524235764,3.141,15.2052787396605,9.2927894063005,-11.9009237632839,39175664473.0821
Ghana,gh,2013,11.6661923071729,62824629066.0408,2294.025645187,2.173,54.0129117583926,7.31252501678145,-9.07929682110928,61074141772.0241
Ghana,gh,2014,15.4896160333318,54783319817.3705,1953.64513603117,4.415,23.9399587593999,2.85624016330883,-6.74397855148997,51920567774.009
Ghana,gh,2015,17.1499695007878,49406010054.2663,1721.69964380717,6.806,13.2529666807363,2.12075933817334,-5.71517581561193,47920547875.1384
Ghana,gh,2016,17.4546347070868,56164929304.8754,1913.18673253576,5.232,15.7486203078991,3.37346574966936,-5.04237663194914,53961346502.9182
Ghana,gh,2017,12.3719215507048,60405924078.7278,2012.97025750655,3.369,10.6773082339139,8.12889488100956,-3.31530397149447,57431261824.7006
Ghana,gh,2018,7.80876516610703,67298914624.3723,2196.61290615342,3.253,10.5684824952629,6.20007768127284,-3.03807908979548,64269886147.6558
Ghana,gh,2019,7.14364003330857,68337969247.7067,2186.18924111824,3.16,8.48107029698721,6.5077747939152,-2.72757875831896,65527721243.3015
Ghana,gh,2020,9.88728956269944,70043099675.68,2196.54789313621,3.313,9.36557496583738,0.513941670628171,-3.04664626466096,70776526813.0503
Ghana,gh,2021,9.9710886750444,79524421861.2743,2445.50081810782,3.384,12.1061016311773,5.07646643533542,-3.19578911466864,77088309092.7881
Ghana,gh,2022,31.2558951049016,74263364041.8742,2240.27945094566,3.084,28.1682478691229,3.81750462109567,-2.34386724746484,72989253312.2189
Ghana,gh,2023,38.1069656296501,76370396722.154,2260.28741289427,3.063,33.0798250532954,2.94478583082221,1.8424856852825,75420372240.3018
Gibraltar,gi,2010,,,,,,,,
Gibraltar,gi,2011,,,,,,,,
Gibraltar,gi,2012,,,,,,,,
Gibraltar,gi,2013,,,,,,,,
Gibraltar,gi,2014,,,,,,,,
Gibraltar,gi,2015,,,,,,,,
Gibraltar,gi,2016,,,,,,,,
Gibraltar,gi,2017,,,,,,,,
Gibraltar,gi,2018,,,,,,,,
Gibraltar,gi,2019,,,,,,,,
Gibraltar,gi,2020,,,,,,,,
Gibraltar,gi,2021,,,,,,,,
Gibraltar,gi,2022,,,,,,,,
Gibraltar,gi,2023,,,,,,,,
Guinea,gn,2010,15.0502688559001,6853467145.53089,659.235326211315,5.097,16.1026033748146,4.81336016967553,-4.7697025907998,6776357145.53601
Guinea,gn,2011,21.3169268542577,6785137203.33153,636.694958747648,5.094,8.99929064251756,5.61211177430975,-17.1165293375314,6651747203.33222
Guinea,gn,2012,15.2262941038638,7638044556.84656,699.353377212197,4.884,11.5159611123425,5.91528626133322,-13.5979829951241,7516064556.84534
Guinea,gn,2013,11.8875884481828,8376613539.28278,748.455020824734,4.967,4.32935646096067,3.94568708624053,-14.2034724942303,7971453539.25905
Guinea,gn,2014,6.1505055670642,8778473372.82124,765.146999389279,5.09,2.6158977058997,3.69655311664086,-11.1827727004958,8566213820.86128
Guinea,gn,2015,11.7800825029834,8794201742.84609,747.356966759448,5.224,2.9722848994975,3.82591056949435,-11.6007986964145,8650895056.71164
Guinea,gn,2016,8.17268112275132,8595955222.49719,711.996509782316,5.013,5.66895163278967,10.82062719659,-31.9328390727135,8493617258.44898
Guinea,gn,2017,8.91435947913097,10324668271.1362,833.598621691121,4.826,10.3565072127234,10.3000053427355,5.03018582642409,10274041364.5995
Guinea,gn,2018,9.82761701259191,11857030366.7891,933.273615633705,4.787,7.05908442039132,6.35849192736715,-1.60638873400794,11675180326.704
Guinea,gn,2019,9.47001039253012,13442861496.4454,1031.34146480732,5.018,9.40290766328131,5.61691446889876,-2.34042432173531,13328776519.4144
Guinea,gn,2020,10.6016203387167,14088693742.9464,1053.66097696415,6.018,4.24998016732003,4.70459096113575,19.0560604764664,13942249439.3847
Guinea,gn,2021,12.5972882566934,17069115737.8259,1244.96550477914,5.827,11.9862978624966,5.5823328114905,27.1761588078073,16378939819.7924
Guinea,gn,2022,10.4930409984424,19910452541.9219,1416.59612011764,5.267,2.80558292389495,3.97240784200721,16.8265386883899,19564303529.3781
Guinea,gn,2023,7.80497591927973,22199409741.2578,1541.04050914957,5.244,3.92197888518862,6.74493444630886,10.3063100625952,20265865041.9188
"Gambia, The",gm,2010,5.04968075857402,1543294926.87301,801.033372714536,9.723,5.64433086097335,5.90833580968288,1.13391181749086,1513388694.69798
"Gambia, The",gm,2011,4.7958826618311,1409693596.93594,710.608411468152,10.283,4.57212350369147,-8.13044422315659,-7.67135227929092,1377826167.82841
"Gambia, The",gm,2012,4.25432199813899,1415004738.26621,692.579361628102,10.346,3.84516021372072,5.24156924630741,-6.55707152697876,1385745350.56654
"Gambia, The",gm,2013,5.69912989637382,1375609453.43746,653.862713272743,9.454,5.93313138058191,2.872768790327,-7.05935659160073,1345939442.48817
"Gambia, The",gm,2014,5.94799935696626,1229461721.40861,568.00453558864,8.218,5.21172310682789,-1.40738249510954,-6.87758719722139,1200491695.26956
"Gambia, The",gm,2015,6.8084549457961,1378176608.93204,619.536364296461,7.26,9.72036242675256,4.0580738039996,-3.90228061316891,1345126615.38757
"Gambia, The",gm,2016,7.22879272057922,1484578885.97132,650.056501323611,6.285,7.82062274860979,1.94335965478776,-5.1279664746384,1456754210.86823
"Gambia, The",gm,2017,8.03418974545911,1504909462.69521,642.522641296331,5.157,3.92171862000133,4.8226112492757,-6.32875593450885,1476610319.28467
"Gambia, The",gm,2018,6.52096823946573,1670671327.81651,696.219806960615,4.127,6.95176403794258,7.23489033258579,-8.08332529672771,1641472104.63513
"Gambia, The",gm,2019,7.11567625631192,1813609692.49994,738.186751987483,4.538,6.25220639943007,6.22205315994859,-2.04445221575257,1783609669.12913
"Gambia, The",gm,2020,5.93127636562441,1812170891.19069,720.335143352133,5.892,2.18875895856547,0.591487287873974,-4.77621848558059,1785259979.96958
"Gambia, The",gm,2021,7.37034758876618,2014158842.14596,781.890925169531,6.269,7.3821228563862,5.25596878816744,-4.31333160293426,1963778533.68402
"Gambia, The",gm,2022,11.5131198380505,2204734527.88096,836.244875868476,6.076,8.81707580376896,5.49299823010114,-4.09350427164043,2173634527.76626
"Gambia, The",gm,2023,16.9742129632327,2396111021.64149,888.157407724123,6.479,15.6019043854862,4.79750895186164,-8.51928980667699,2365211021.64149
Guinea-Bissau,gw,2010,2.51785140171697,940112538.936436,600.194298540768,3.137,5.21501552229329,5.60536311358261,-7.52999517168867,937792524.96667
Guinea-Bissau,gw,2011,5.04610226320204,1157074319.19388,719.539573498937,3.08,8.45292200371514,8.08504167173554,-1.21431910534762,1138565679.34057
Guinea-Bissau,gw,2012,2.13054580274493,1049412177.11413,635.461653303881,3.143,-0.0272211604902992,-1.71286958446419,-7.93224654147768,1016379261.16589
Guinea-Bissau,gw,2013,1.20712555668414,1109682824.13594,654.304534409417,3.162,-0.932275244837825,3.25607190852087,-4.73187653933365,1101660822.48323
Guinea-Bissau,gw,2014,-1.50924460570503,1135250721.0374,652.022501029449,3.254,1.2975573716642,0.964525745841428,0.555849591467734,1172586039.98851
Guinea-Bissau,gw,2015,1.47672048910494,1152384166.79638,645.066837207039,3.157,14.5196628984565,6.1340893623123,1.81726336561494,1177955665.04504
Guinea-Bissau,gw,2016,1.50312055861088,1245074264.10396,679.665386626818,3.123,2.84072773699329,5.30659633085426,1.36293739261607,1262696604.04753
Guinea-Bissau,gw,2017,1.69111461822289,1469978606.12143,783.123186602022,3.066,10.3961209224862,4.78899161900992,0.263885195365577,1484444605.18198
Guinea-Bissau,gw,2018,0.381324702791081,1554133593.91699,808.531613218504,3.127,-2.53156124592356,3.76145359637003,-3.48324795461301,1502990770.71439
Guinea-Bissau,gw,2019,0.24660026814783,1588638853.59328,807.359903965493,2.413,2.15654088111805,5.55045564999175,-8.0200719570584,1615032331.88075
Guinea-Bissau,gw,2020,1.14000939393213,1646400349.84867,817.780335749159,2.89,0.309718603527614,1.49527443726818,-2.34956550384566,1671667501.36672
Guinea-Bissau,gw,2021,2.24248879577659,1853796455.89489,900.407780831491,3.031,2.16173928550757,6.18267668294831,-0.762101077108201,1870779714.39542
Guinea-Bissau,gw,2022,9.39383877456591,1796608530.82267,853.281304044102,2.666,4.2142843930848,4.60583180729681,-8.16202978382442,1804947438.72529
Guinea-Bissau,gw,2023,,2048348108.35852,951.242748289294,2.65,5.39039286757867,5.19926829741253,,2045279197.48718
Equatorial Guinea,gq,2010,7.78916547991184,16314443436.2903,13720.1658723222,8.07,24.9065341802403,-8.92417588851806,,9578455863.33821
Equatorial Guinea,gq,2011,4.805389221557,21357343668.9447,17198.2136668275,8.045,17.045106569847,6.52392362989873,,13819219548.0269
Equatorial Guinea,gq,2012,3.65662048278806,22388344143.9131,17308.5723924575,7.957,4.85478204392102,8.31287184445641,,14844232072.191
Equatorial Guinea,gq,2013,2.94887694639662,21948834283.7856,16304.0713196418,7.86,-1.07267375706822,-4.13319850131583,,15003861970.1399
Equatorial Guinea,gq,2014,4.30999866149107,21765453081.9826,15548.6624656619,7.845,-1.27384264682834,0.415066301596866,,14796386735.7675
Equatorial Guinea,gq,2015,1.67663085315988,13185496881.0174,9068.91003238645,7.95,-20.1927503678985,-9.11004114881537,,9945017697.70462
Equatorial Guinea,gq,2016,1.41193915479015,11240808847.8878,7453.19797948517,7.962,-6.2854221112699,-8.81641723219757,,8709938327.70214
Equatorial Guinea,gq,2017,0.74435474661241,12200913878.9827,7809.10465655488,8.004,12.7423831594725,-5.66750850486686,,8983531110.24715
Equatorial Guinea,gq,2018,1.06007410662171,13097012133.6159,8102.47084834031,7.967,9.51383429692252,-6.23654406734575,,10026980386.2895
Equatorial Guinea,gq,2019,1.53027528964189,11364133549.7478,6804.14923073888,8.064,-3.16368983363937,-5.48182537893445,,8329916826.1239
Equatorial Guinea,gq,2020,4.76669523944228,9893816007.7398,5764.05502912947,8.781,-10.1685457458373,-4.79108083383294,,7454529303.0535
Equatorial Guinea,gq,2021,-0.0971007664640198,12215878032.7166,6945.63069794539,8.976,17.9386307222713,0.860269956382069,,9147762583.37738
Equatorial Guinea,gq,2022,4.78671704710803,13687643435.6249,7589.29964909381,8.455,22.1004087260455,3.22350831658598,,8930191429.27927
Equatorial Guinea,gq,2023,,12337550583.754,6677.793435386,8.367,-7.64752019845845,-5.08930872071532,,8681962205.66555
Greece,gr,2010,4.71298907760388,296417644404.034,26653.0488008626,12.719,1.180920638269,-5.69374120273665,-10.2094499511211,290552217824.167
Greece,gr,2011,3.3298532335065,283228079776.041,25504.7866510124,17.973,0.976658122998671,-9.87677903873015,-10.0976272377955,275151260812.938
Greece,gr,2012,1.50152696177758,238841140018.233,21624.346052551,24.731,-0.334570200125881,-8.33113395866982,-2.58418506053025,244054444999.141
Greece,gr,2013,-0.921269454256994,236556279640.705,21573.3449762805,27.686,-1.96032167877375,-2.27211692215486,-2.09216226097274,238898896581.592
Greece,gr,2014,-1.31226096405506,233911581521.062,21474.7257123892,26.708,-1.92347453577474,0.792225038353592,-1.59663409250033,236986597189.975
Greece,gr,2015,-1.73588804765284,194567373678.099,17980.7298238137,24.981,-0.17475366575222,-0.228301959026894,-0.828192197799729,195524237566.206
Greece,gr,2016,-0.825653978390973,193097239005.87,17919.2426377048,23.514,-0.489960701596374,-0.0317952126675323,-1.68881636338714,192207306613.596
Greece,gr,2017,1.12125452031419,200381103984.298,18631.9930129293,21.413,0.203613276800695,1.47312498503697,-1.79956830770948,198842523409.192
Greece,gr,2018,0.62562141345364,213298873494.394,19873.4015238771,19.179,-0.234800895538129,2.06467253338354,-2.92946837177349,209711639142.139
Greece,gr,2019,0.253007522038157,207305649887.019,19335.3602002969,17.045,0.245015797961827,2.27718063644569,-1.50121840629263,203407936304.627
Greece,gr,2020,-1.24798355581405,191362985554.861,17886.733165236,15.899,-0.3639597319481,-9.19623147082588,-6.48664200392795,187724248007.129
Greece,gr,2021,1.22382501019854,218303801895.326,20654.7001960815,14.656,1.39275645318513,8.65449785311438,-6.34795283469092,213013301589.942
Greece,gr,2022,9.64525981280632,218880566444.349,20971.8349258283,12.426,6.4958241447423,5.74364918958959,-10.3357101038965,215323644043.481
Greece,gr,2023,3.46480128513405,243498333237.802,23400.7278817691,11.066,5.87456266805546,2.3321238825698,-6.16330418209365,238668954547.047
Grenada,gd,2010,3.43650905943351,771014814.814815,6909.60169568597,,0.479792195397422,-0.511146187173722,-19.4482994535287,731135629.62963
Grenada,gd,2011,3.0334728033474,778655555.555555,6947.38136096464,,0.224507391716472,0.764773550338731,-18.6656495604378,746883222.222222
Grenada,gd,2012,2.41077704021862,799881481.481481,7092.71985352677,,3.92615000865237,-1.15483816409801,-14.9830707473177,765599962.962963
Grenada,gd,2013,-0.0439997864828058,842618518.518518,7424.80212287327,,2.92309825170382,2.35109801677905,-17.064097987527,816932777.777778
Grenada,gd,2014,-0.98360305555498,911496296.296296,7986.33421210788,,0.775212924728535,7.34212396037948,-9.08236900654942,828796296.296296
Grenada,gd,2015,-0.515448031435329,997007407.407407,8694.12438005692,,2.75839206279986,6.44522314693144,-10.6165101004822,880607407.407407
Grenada,gd,2016,1.65038994431573,1061640740.74074,9221.23461079424,,2.64424525750435,3.7396039558691,-8.84957467526886,965140740.740741
Grenada,gd,2017,0.908458255874249,1125685185.18519,9751.42661155932,,1.5261735013888,4.43867566948151,-11.4635306675494,1005085185.18519
Grenada,gd,2018,0.804102313277033,1166514814.81481,10083.021279225,,-0.703659389914975,4.36144039364797,-12.7578936321222,1053114814.81481
Grenada,gd,2019,0.598149764736022,1213485185.18519,10462.7929159533,,3.32753294754764,0.676511738873756,-10.3282132272823,1092085185.18519
Grenada,gd,2020,-0.740732597045498,1043411111.11111,8968.55890108484,,-0.299985587376284,-13.7566222572107,-16.1060034218251,972011111.111111
Grenada,gd,2021,1.21951193916838,1122800000.0,9622.24050459345,,2.79031777299367,4.68747816934534,-14.3720511551808,1024000000.0
Grenada,gd,2022,2.5805392590792,1224577777.77778,10474.2652893842,,1.62494161129776,7.32074061551874,-12.122117222565,1143677777.77778
Grenada,gd,2023,2.69612269814564,1316733333.33333,11246.3451228921,,3.823033409956,3.56612861773655,-18.4907082341822,1233833333.33333
Greenland,gl,2010,,2503167187.49305,43988.5280290494,,2.02760491933817,1.73582505889665,,
Greenland,gl,2011,,2684461375.46585,47186.8759969388,,2.88404565929712,-0.496519391959083,,
Greenland,gl,2012,,2609678486.36749,45936.9562817724,,3.44533181192106,1.39419335955625,,
Greenland,gl,2013,,2684946990.12448,47535.4883792376,,1.06737253143181,-1.29828069335511,,
Greenland,gl,2014,,2842065708.35962,50485.2244135291,,0.990273554004744,4.7421356730152,,
Greenland,gl,2015,,2499113022.81675,44536.3549705377,,8.14438057205848,-2.52931802394475,,
Greenland,gl,2016,,2707139544.46695,48181.7453541266,,3.53778245812826,4.68195410972302,,
Greenland,gl,2017,,2851613679.03433,50765.7494665372,,3.2664996424492,0.0527281828800312,,
Greenland,gl,2018,,3055782146.15957,54545.135857765,,1.84672035174569,0.62306542854094,,
Greenland,gl,2019,,2997309971.87623,53309.2035905065,,0.744863000194002,2.83217756798683,,
Greenland,gl,2020,,3082884653.2456,54693.0766804265,,0.703000441093323,0.187608793759281,,
Greenland,gl,2021,,3235809504.29871,57116.295770722,,-0.416168295320645,1.29021048770599,,
Greenland,gl,2022,,,,,,,,
Greenland,gl,2023,,,,,,,,
Guatemala,gt,2010,3.85950909833175,40676578423.4871,2805.25960237322,3.497,5.13757298846622,2.88417542800377,-1.88548550474234,39642878334.4674
Guatemala,gt,2011,6.21412393067091,46876006272.2387,3168.98370607705,3.172,6.89464340316468,4.16390688293349,-3.37024214653633,45572706218.2146
Guatemala,gt,2012,3.78180754679678,49593929487.1263,3286.61959336267,2.765,3.37775084412593,2.97470856847661,-3.72480170275582,48568929273.3039
Guatemala,gt,2013,4.34337131279521,52996446269.442,3444.15971843874,3.017,3.35844634594847,3.69481919881751,-4.22439861083835,51760446244.4955
Guatemala,gt,2014,3.4183616966296,57852153058.502,3689.14472473545,2.717,2.86031160659735,4.44397758285268,-3.30032026304924,56335052823.6798
Guatemala,gt,2015,2.38872032839551,62186064718.7424,3893.50521848131,2.506,2.23162145989066,4.09217081621244,-1.24431009342642,60699664551.0048
Guatemala,gt,2016,4.44844199942827,66053403469.0024,4060.13755621218,2.583,2.70719129663175,2.67780255532826,0.964776433206893,64628103061.907
Guatemala,gt,2017,4.42453655182538,71653754066.2763,4324.99607911366,2.462,1.7479141087134,3.07985149125689,1.19614112500964,70152653689.6945
Guatemala,gt,2018,3.75186186704516,73328365862.4329,4352.94651790253,2.283,1.27161217513023,3.40687339997949,0.885829177236282,71826156760.7574
Guatemala,gt,2019,3.69998398008598,77172317258.6478,4511.99755157656,2.193,3.56578287211866,4.0178979343828,2.36029059992479,75768261350.5168
Guatemala,gt,2020,3.21444062197352,77719464220.73,4477.61761796418,2.955,2.87232203437225,-1.78555194467604,5.04131134881773,76315720435.3992
Guatemala,gt,2021,4.26105127422813,86478835636.3813,4913.94712869347,2.174,3.16642125173291,8.03326771516488,2.18604717106608,84342291465.0778
Guatemala,gt,2022,6.88512823344287,95630524813.106,5358.08963795,3.051,6.31527590909438,4.20015588892568,1.25183056596165,93633153318.3519
Guatemala,gt,2023,6.20657592272126,104450210572.012,5762.82174615918,2.344,6.64227801635242,3.52679214166824,3.11674962852809,102563749565.884
Guam,gu,2010,,4949000000.0,29719.7967836082,8.2,0.237584677615857,2.26325193567601,,
Guam,gu,2011,,4984000000.0,29926.2052442913,13.3,0.62907025079673,0.0776548243059523,,
Guam,gu,2012,,5265000000.0,31653.7506538168,12.2,3.43097913322632,2.13385063045585,,
Guam,gu,2013,,5399000000.0,32530.7593121483,11.5,0.84049308927905,1.69040835707501,,
Guam,gu,2014,,5610000000.0,33900.1486530583,7.6,2.07782277044168,1.79305192379529,,
Guam,gu,2015,,5799000000.0,35165.7014644795,6.9,2.52246816503092,0.825688073394488,,
Guam,gu,2016,,5901000000.0,35930.6594898711,5.4,1.57407577083902,0.18198362147406,,
Guam,gu,2017,,6013000000.0,36779.0078903909,5.418,0.998991461381451,0.890099909173486,,
Guam,gu,2018,,6051000000.0,37195.9503070464,5.449,1.47239079307833,-0.828231904933389,,
Guam,gu,2019,,6355000000.0,39274.9431424899,5.401,2.43881496389949,2.52360203340596,,
Guam,gu,2020,,5916000000.0,36482.9363953675,6.248,4.03539008928644,-10.5188595714539,,
Guam,gu,2021,,6234000000.0,38074.8793745801,5.991,3.25017571972322,2.0581832574708,,
Guam,gu,2022,,6910000000.0,41833.1517132825,5.454,5.46517905025054,5.09986426216793,,
Guam,gu,2023,,,,5.363,,,,
Guyana,gy,2010,3.73337757704246,3432912516.92427,4581.76179693492,11.636,3.97225241927488,4.13844160137342,-7.1762463185401,3445692394.42255
Guyana,gy,2011,4.9777356370697,3691384317.52178,4947.22170589917,11.819,2.40931982980719,5.19625156051602,-10.0853362607878,3682055317.31347
Guyana,gy,2012,2.39193521312334,4063088535.76331,5444.39751913913,12.038,4.72761506665056,5.27633062046809,-9.02441909942374,4087055581.43303
Guyana,gy,2013,1.90125181860582,4167800928.83553,5556.91231156932,12.303,-0.53668052810572,3.65338433338232,-10.9417365700277,4196300929.03271
Guyana,gy,2014,0.852630497539914,4127660151.8087,5472.68820452237,12.639,-2.10540388667033,1.68649445019584,-9.33174702245427,4154360152.00778
Guyana,gy,2015,-1.00173432776374,4279840193.7046,5640.41560569466,13.004,3.00430951684523,0.687404590619494,-0.907095962415786,4304540193.7046
Guyana,gy,2016,0.836008061506207,4482697336.56174,5870.87823759835,13.257,0.898175926516998,3.80745626378814,3.37225553747119,4436690887.4554
Guyana,gy,2017,1.90465615515584,4748174334.14044,6178.6650437298,13.462,2.10900787395214,3.73449154571284,-2.5604255246699,4665466503.93239
Guyana,gy,2018,1.28284288443528,4787636997.85343,6048.38697180418,13.627,-2.88748792539391,4.44091288475967,-26.677311081907,4688671632.46699
Guyana,gy,2019,2.08723089162013,5173760191.84652,6405.82443444562,13.172,2.96118846307267,5.35284003535665,-57.1070048116682,5090626464.04643
Guyana,gy,2020,0.99333702283873,5471256594.72422,6775.70939096303,15.334,-26.2960990745423,43.479651716849,-11.6095974967976,5365305654.0658
Guyana,gy,2021,5.03285574626702,8041363893.04556,9860.87233445443,14.557,22.4176933066434,20.0600280629427,-16.9076104824515,6440066094.34542
Guyana,gy,2022,6.11505550109935,14718387016.7866,17913.4910146288,12.013,12.0604452530687,63.3345871591983,28.8207799078315,8913522449.01875
Guyana,gy,2023,2.82110335099641,17159509565.4676,20765.3503593109,12.025,-12.8675261337105,33.8026170921817,13.706971462208,10421587649.1544
"Hong Kong SAR, China",hk,2010,2.29289088604673,228638668727.291,32550.136489179,4.329,0.270631981013935,6.76769570235129,7.0032730634956,233477797555.388
"Hong Kong SAR, China",hk,2011,5.3052489299392,248513617677.287,35142.4879344543,3.422,3.89786843894694,4.81471108602818,5.55641787886819,255300102774.923
"Hong Kong SAR, China",hk,2012,4.05390950903844,262628865879.697,36730.796195815,3.285,3.54482583426005,1.70028899867609,1.57916253447199,266426366710.299
"Hong Kong SAR, China",hk,2013,4.33799342105267,275696879834.966,38403.7777145477,3.4,1.81248196706605,3.10150834740608,1.52003210528648,280921093347.086
"Hong Kong SAR, China",hk,2014,4.42364532019699,291459995978.893,40315.3739510191,3.296,2.85026459638024,2.76242285756518,1.39201098734822,297470635792.782
"Hong Kong SAR, China",hk,2015,2.99084819322581,309385622601.348,42432.1619740441,3.314,3.6435717873687,2.38777713430783,3.31756278823982,315110265423.937
"Hong Kong SAR, China",hk,2016,2.40930743862224,320860317562.562,43734.1980702999,3.392,1.6382712065802,2.17543135634364,3.95440937584328,328924087732.294
"Hong Kong SAR, China",hk,2017,1.49387243939522,341273289534.466,46160.429791493,3.124,2.88058680368654,3.7961040663029,4.57729182218877,356100574860.134
"Hong Kong SAR, China",hk,2018,2.40613432046534,361731070995.726,48537.5668888343,2.805,3.65955345372002,2.84692770115917,3.73603565842398,378930152452.638
"Hong Kong SAR, China",hk,2019,2.88320853773996,363074545072.389,48359.0011950597,2.917,2.04491647121345,-1.67239123872136,5.85365354996682,381415346793.49
"Hong Kong SAR, China",hk,2020,0.2509620210808,344943149590.058,46109.2299946609,5.808,0.638293116434753,-6.54476757335387,6.99412189485111,365064198422.111
"Hong Kong SAR, China",hk,2021,1.56875834445922,368954169748.818,49770.5642374739,5.174,0.683636960252912,6.45440824066419,11.8330568374943,394520310037.629
"Hong Kong SAR, China",hk,2022,1.88136707196853,358681066274.469,48826.0527728276,4.318,1.68885829817785,-3.68357113148396,10.1831685319613,382402060827.562
"Hong Kong SAR, China",hk,2023,2.09660511249089,380812234827.832,50531.7385421945,2.949,2.77774905222925,3.27652625631858,8.49184480688452,414999751583.194
Honduras,hn,2010,4.69889064976226,15839344591.9842,1893.32722662035,4.119,4.67604329499009,3.73114034433009,-5.07642907628295,15110478377.9922
Honduras,hn,2011,6.7622795731476,17710275685.4074,2073.66121088074,4.474,7.8072052366428,3.83569066207505,-7.95391811894249,16768716965.8081
Honduras,hn,2012,5.19618615531848,18528554397.5695,2126.03474686503,3.755,3.57978742613756,4.12868774866939,-8.53140502862293,17246974067.0948
Honduras,hn,2013,5.16189898581494,18499729214.904,2081.12843527945,5.646,1.37403051856492,2.79155975746801,-9.52729388609888,17196025367.0829
Honduras,hn,2014,6.12924930313022,19756533971.8698,2179.88171977271,7.078,6.84935672480186,3.0580805621437,-6.94516636573265,18168820189.9466
Honduras,hn,2015,3.15783117980923,20979791685.416,2271.20265980349,6.147,6.9327703694637,3.84007997093951,-4.67090141649466,19549522844.999
Honduras,hn,2016,2.72461223295289,21717604952.1835,2307.34468351082,6.727,3.67806814426042,3.89297219726413,-3.14341400861299,20198525790.5205
Honduras,hn,2017,3.93436084442044,23136247990.5977,2413.0076562942,5.528,4.5128429763521,4.84291391050387,-1.24589511291671,21719792887.0182
Honduras,hn,2018,4.34734937777528,24067750760.499,2464.64241531918,5.648,1.94721691531043,3.84499476966735,-6.57234650779592,22173255705.3739
Honduras,hn,2019,4.36587159819267,24882225741.8119,2502.32744328073,5.698,3.35874088466439,2.55963434592314,-2.65600856407128,22895236635.6885
Honduras,hn,2020,3.46841177951184,23352232483.755,2307.61494319511,10.982,3.40198228348704,-8.96508223267296,2.85135257343249,21695036274.8888
Honduras,hn,2021,4.48087963413445,28144331506.6149,2735.14751503977,8.506,4.60572808888793,12.5652843771279,-5.46356164867157,25771440693.9684
Honduras,hn,2022,9.08963911525025,31426041806.7985,3003.28996826399,8.774,9.31239503002736,4.14356194013767,-6.69789798896129,28961571884.2627
Honduras,hn,2023,6.66325180347457,34400509852.0436,3231.65724461936,6.07,6.1785877403702,3.58260362632656,-4.03707301824623,31872841684.136
Croatia,hr,2010,1.03055505333574,58981738868.753,13731.2865213989,11.62,0.920113149429753,-1.33408152400571,-2.51814375609402,56943854316.0842
Croatia,hr,2011,2.2727272727273,62903737379.7834,14694.9993201417,13.678,1.66934505042573,-0.0977514527446601,-1.66224275963358,60863146670.8241
Croatia,hr,2012,3.41207349081358,57551963753.2104,13508.6836989693,15.935,1.41145606381943,-2.25374558078583,-0.361322793991159,55633820700.9614
Croatia,hr,2013,2.21658206429779,59852401272.3204,14136.3967669505,17.251,0.73288886582057,-0.125449826211494,-0.858964118871847,58734779236.475
Croatia,hr,2014,-0.215196159576268,59612144078.4133,14187.9694531493,17.29,0.126544520072585,-0.5571501973061,0.393612117446996,58743509682.7676
Croatia,hr,2015,-0.464499004644911,51005200669.6941,12285.3032582105,16.175,0.12437215819854,2.32317515803855,2.81569132776121,50921927822.5954
Croatia,hr,2016,-1.12500000000002,52654855638.1057,12821.1738140304,13.103,0.0151130697192627,3.46112947356767,2.46258877507005,51687937114.7988
Croatia,hr,2017,1.12937210282347,56186190437.9959,13902.6310485422,11.208,1.23163897621677,3.28095812140658,4.05033996072394,56015572345.4034
Croatia,hr,2018,1.50012501041756,61668130122.5878,15460.4183295843,8.432,2.02559756591751,2.90468149344008,1.21879362311209,61012800387.368
Croatia,hr,2019,0.771820346498019,61467582193.6824,15563.8167397199,6.617,1.98838183285723,3.10043911443758,2.63940414879378,61266599944.4728
Croatia,hr,2020,0.154811374562106,57963370885.0798,14808.4620188819,7.507,0.803359807884533,-8.31164257884687,-0.79471642197724,58907901172.2404
Croatia,hr,2021,2.55450699642041,69006802298.6956,17789.9304736722,7.608,2.08111752959877,12.6317003277712,0.807872377612066,68667460258.3253
Croatia,hr,2022,10.7805806758686,71198635101.9514,18466.0955472648,6.96,8.01280669780672,7.28793643206565,-3.68078262891498,70919879052.4689
Croatia,hr,2023,7.9412817758683,84393795502.4421,21865.4562838641,6.086,11.7403306343319,3.30254488086325,0.753574362369111,84099779090.4756
Haiti,ht,2010,4.82734190074673,11859312725.1448,1209.72733503094,15.252,7.39382346704139,-5.65151153448299,-0.85860185595704,11881595333.3012
Haiti,ht,2011,6.33279483849042,13008746038.8867,1312.03953552013,14.485,4.32073061328364,5.09821354410036,-2.48774144631427,13046543752.3463
Haiti,ht,2012,5.01804155429246,13708925477.1304,1361.39396587374,14.1,8.20779379091175,0.502424403581585,-3.14501833525929,13763468551.0579
Haiti,ht,2013,4.76502404779142,14902488604.2421,1457.83221179626,13.642,8.07714884191483,4.32478411472874,-3.76338389441215,14934015430.1222
Haiti,ht,2014,3.43816659958601,15146883497.6331,1460.18898613914,13.755,2.21898603934831,2.88877250863379,-4.95582102756805,15195978881.0564
Haiti,ht,2015,6.73184069658997,14849629308.6025,1411.12684746796,13.724,5.20596329822199,1.40000000859727,-1.82345284080223,14890262233.9364
Haiti,ht,2016,11.5029073942666,14069277526.2278,1318.40268167953,13.852,15.7032145295515,1.81246807847532,-1.69084789043559,14117174028.1575
Haiti,ht,2017,10.6800887242584,15093357161.1498,1395.23945184461,13.881,13.7798773975934,2.51027134544685,-2.15252938271163,15151864668.1994
Haiti,ht,2018,12.4814111170435,16403864617.8458,1496.38048970156,13.878,6.5357588755091,1.66781095484656,-2.89019632961826,16454143146.8647
Haiti,ht,2019,18.7037825672506,15016090929.5125,1352.17204191532,14.057,19.8003879006213,-1.72309699839232,-1.12265260280797,15065747025.9284
Haiti,ht,2020,22.7963113642528,14508222518.3018,1290.32538667383,15.546,18.6851861283427,-3.30550546965893,0.355302483558182,14536821917.3148
Haiti,ht,2021,16.8415240198785,20877414952.6375,1835.44394078496,15.28,18.9602364056386,-1.79823988931486,0.419859714184918,20900827152.8852
Haiti,ht,2022,33.98393194707,20253551920.5516,1760.62635668777,14.635,30.2012918564443,-1.68198396897978,-2.42897523935011,20277253097.7066
Haiti,ht,2023,36.8135162780854,19850829757.5418,1705.77905452248,14.556,31.5119631448975,-1.86388420254838,-3.43849433959827,19855138997.3407
Hungary,hu,2010,4.85555795691956,132175349953.713,13217.5045951108,11.172,2.53257045300049,1.0762540427767,-0.187824310820443,125954223289.104
Hungary,hu,2011,3.9299209893507,141942264554.475,14234.471576937,11.029,1.92872070289376,1.86683747544298,0.428149463526032,135068573275.969
Hungary,hu,2012,5.65214517088646,128814279315.132,12984.8365730133,11.003,2.89276167816158,-1.25022602347063,1.07616343983467,123360599722.351
Hungary,hu,2013,1.73319984983101,135684315697.713,13715.0703590361,10.177,2.82053189026186,1.80252210082266,2.99024715804561,131737629361.407
Hungary,hu,2014,-0.227566270988219,141033843265.669,14294.2584180751,7.725,3.6927260947232,4.23220980614269,0.747980298522413,134668476150.214
Hungary,hu,2015,-0.0616446800641672,125174166987.372,12717.038597002,6.813,2.7757419080134,3.7073159793626,2.11974465500318,119182529780.817
Hungary,hu,2016,0.394769306686392,128609822750.039,13104.6995457458,5.115,1.3204719948326,2.20100189293856,4.41513360524006,125141112045.183
Hungary,hu,2017,2.34824281150154,143112196040.326,14621.2395956755,4.156,4.02970505144422,4.27197601620695,1.72222481371539,137321995627.354
Hungary,hu,2018,2.85024792594646,160565642983.587,16425.2050299693,3.708,4.847425391946,5.36234836176223,0.342221041090595,154276621414.076
Hungary,hu,2019,3.33858635382008,164020460331.659,16786.2136399075,3.419,4.78502518079389,4.86422573511891,-0.61012681765295,159691089245.166
Hungary,hu,2020,3.32674385766738,157288955508.176,16131.9540355923,4.25,6.38947660567723,-4.48704604765308,-0.856486462034654,153532999274.884
Hungary,hu,2021,5.11096534382855,182109999477.691,18755.1023464312,4.045,6.43924810515087,7.06122060972912,-3.87800347437411,176321181848.921
Hungary,hu,2022,14.6081439492433,177006128624.627,18353.298364905,3.609,14.2313411581322,4.58340767295068,-8.3205705337549,171906025966.474
Hungary,hu,2023,17.1249659678737,212388906458.724,22141.8669799276,4.107,14.7490051351556,-0.907685956140242,0.787522464190016,204857214604.962
Indonesia,id,2010,5.13420400767928,755094157594.524,3065.68348366636,5.614,15.2642936576449,6.22385418062366,0.681277286873069,734988311267.906
Indonesia,id,2011,5.3560477898215,892969104529.572,3579.46442452684,5.153,7.46594303367513,6.16978420771008,0.188703954019704,868239118588.313
Indonesia,id,2012,4.27949999641975,917869913364.917,3632.272540431,4.468,3.75387875323653,6.03005065305615,-2.66027359462061,891961469678.016
Indonesia,id,2013,6.41251330156418,912524136718.018,3566.60284506078,4.336,4.96599029131677,5.5572636889101,-3.1899648289581,885249528973.057
Indonesia,id,2014,6.39492540819922,890814755511.014,3441.06808455308,4.049,5.44317454935612,5.006668425755,-3.08816907533729,860946502311.299
Indonesia,id,2015,6.36312113115612,860854232717.718,3288.22269737572,4.514,3.98024266013961,4.87632230022123,-2.03504192738521,832298853355.383
Indonesia,id,2016,3.5258051568793,931877364034.196,3521.46943456251,4.301,2.43892408688207,5.03306918280177,-1.81915089252068,902045435910.081
Indonesia,id,2017,3.80879806953157,1015618744168.08,3798.88326177649,3.783,4.29267812199525,5.06978590134916,-1.59465689988054,983437956204.835
Indonesia,id,2018,3.1983464156241,1042271532953.49,3860.95353077708,4.387,3.81832356943335,5.17429153955024,-2.93907291486926,1011212626719.05
Indonesia,id,2019,3.03058664969487,1119099871385.79,4106.94856173421,3.59,1.59848849984144,5.01928768046282,-2.70566198130944,1085078650200.79
Indonesia,id,2020,1.9209680056685,1059054842711.55,3853.70288778903,4.255,-0.401651435218994,-2.06551182934165,-0.418606247730959,1029975056940.17
Indonesia,id,2021,1.56012990525673,1186509691070.97,4287.17313989405,3.827,6.00397322136207,3.70288562827751,0.295885914530007,1154297486846.38
Indonesia,id,2022,4.20946383402165,1319076267291.51,4730.74548910499,3.462,9.56668684525337,5.30741934775764,1.00184767462664,1282833043151.33
Indonesia,id,2023,3.67013142377007,1371171152331.16,4876.31432703188,3.308,1.5330736733459,5.04810577067288,-0.148899137539572,1335866354417.72
Isle of Man,im,2010,,5920369789.50182,70587.3140283741,,5.20678784279833,3.39999842395957,,5981932355.65431
Isle of Man,im,2011,,6565667052.79737,77808.8579649376,,4.85475952954853,1.99999938207415,,6691838863.33377
Isle of Man,im,2012,,6690228371.66909,79329.2034347434,,-3.68368421655127,7.3038903052478,,6817825532.70136
Isle of Man,im,2013,,7001175622.71266,83207.6588430451,,1.53566217535929,4.14186274170054,,7202019507.20772
Isle of Man,im,2014,,7708454412.32126,91885.4528718026,,-0.522056397610342,5.15509984989137,,7655177463.6763
Isle of Man,im,2015,,7084800892.22284,84753.5187422732,,-0.627042047072379,-0.385867273954943,,6826496268.40019
Isle of Man,im,2016,,6846377563.00683,82025.9454509241,,2.2367860662342,6.95230365740586,,6105448845.17859
Isle of Man,im,2017,,6979788333.50279,83481.3038489014,,3.99999709759626,2.83775741504488,,6365336425.65996
Isle of Man,im,2018,,7491649455.92717,89393.8244248812,,1.29998718635152,2.21339675044368,,7111610978.58397
Isle of Man,im,2019,,7314967866.28289,87127.5517977404,,1.80000342483409,0.254878786117672,,6961139582.22977
Isle of Man,im,2020,,6684225641.02564,79513.5330346598,,-0.205802426208734,-8.8368174000649,,6534625641.02564
Isle of Man,im,2021,,7931193222.06405,94299.969348965,,6.5149168978037,3.83783666558899,,6828337218.81813
Isle of Man,im,2022,,,,,,,,
Isle of Man,im,2023,,,,,,,,
India,in,2010,11.9893899204244,1675615519484.96,1347.51939071367,7.652,10.5260308551661,8.49758470221235,-3.25348368945179,1657660502177.3
India,in,2011,8.91179336483371,1823051829894.55,1445.46127486037,7.616,8.73357890618065,5.24131619937695,-3.42928468606061,1807020595447.34
India,in,2012,9.47899691419801,1827637590410.41,1429.32199520032,7.666,7.9343874779296,5.45638755166587,-5.00488971805304,1806177396650.21
India,in,2013,10.0178784746102,1856721507621.58,1432.84397512195,7.711,6.18650400083453,6.38610640094825,-2.64566711733893,1833600950822.72
India,in,2014,6.66565671867899,2039126479154.52,1553.88396075118,7.674,3.33175691706154,7.41022760508854,-1.33950896483453,2015014420953.0
India,in,2015,4.90697344127256,2103588360044.94,1583.99815907985,7.631,2.27958810849833,7.99625378571471,-1.06754907167965,2079182865637.81
India,in,2016,4.94821634062141,2294796885663.16,1707.50892912243,7.601,3.23797495080767,8.25630550179086,-0.527880606037518,2268496715258.31
India,in,2017,3.32817337461298,2651474262755.45,1950.10468280866,7.618,3.96925793352338,6.79538341897911,-1.43948820320988,2622801076651.03
India,in,2018,3.9388264669163,2702929641648.74,1966.25455171679,7.652,3.88424027196663,6.45385134497769,-2.42697545810527,2673994276922.32
India,in,2019,3.72950573539129,2835606256558.19,2041.42863698585,6.51,2.40551716106513,3.87143694070356,-1.04961203910072,2808367623254.15
India,in,2020,6.62343677628535,2674851578587.27,1907.04251637669,7.859,4.81485791893405,-5.77772470686801,1.22362111042791,2638922006729.05
India,in,2021,5.13140747176369,3167270623260.47,2239.61384367482,6.38,8.35490771481598,9.68959249192875,-1.05524166809384,3129982849042.07
India,in,2022,6.69903414079852,3353470496886.33,2352.61392452078,4.822,6.74751308321969,6.9870393257555,-2.35728753316071,3307391497374.74
India,in,2023,5.64914318907925,3567551674623.01,2480.79208721621,4.172,1.33405065563208,8.1529363109041,-0.895916592872975,3515454309538.94
Ireland,ie,2010,-0.918388645376774,221985621537.5,48679.4026820361,14.534,-2.85830318555095,1.68297235056258,1.04496016854502,186534181410.5
Ireland,ie,2011,2.5489783020855,241337364609.738,52692.7813135606,15.354,1.8645376125239,1.64877389978149,1.1722256559786,194723926224.465
Ireland,ie,2012,1.69474116680366,227270922957.327,49411.7387476787,15.451,2.43515097679379,-0.398959964505451,-3.39179943405915,181973474361.183
Ireland,ie,2013,0.515099484900573,243301556084.989,52619.2123745817,13.735,1.33941394529278,2.19217574364818,2.39619373553333,201250103667.877
Ireland,ie,2014,0.190916398713745,266787238499.03,57278.2590911107,11.858,0.260925717324383,9.33603372868623,2.07463267871007,219734367164.689
Ireland,ie,2015,-0.330959783371788,302391428540.035,64311.8234684057,9.908,8.90845059884661,24.6155699766256,6.16611836652655,225197829191.13
Ireland,ie,2016,0.0201247735963237,305733136180.907,64292.659966313,8.374,0.119373685791231,1.22263860996429,-1.19043608616156,243380813400.78
Ireland,ie,2017,0.362173038229378,348532394023.595,72499.3268743015,6.713,1.4999372190243,10.0496285394614,1.64776682090383,268367803612.568
Ireland,ie,2018,0.471130713712916,395461216460.418,81248.3135388,5.741,0.92433709655964,7.54434190760031,4.53684281424396,300093279897.474
Ireland,ie,2019,0.937842961189274,407124824064.995,82508.4659883582,4.95,3.39169553046668,5.040550288018,-20.5619614423642,309776780487.207
Ireland,ie,2020,-0.326183651280033,436555518400.451,87567.1148972037,5.623,-1.92433938965517,7.15789883057209,-6.71276262590436,324405107692.09
Ireland,ie,2021,2.34034113447044,531306516907.984,105561.137468992,6.364,1.09810305153333,16.2556132446002,12.2562799365962,383333737150.831
Ireland,ie,2022,7.82945736434105,548570250341.987,106194.755859223,4.501,6.76287565719737,8.61950355191492,8.82777423084431,382869674217.081
Ireland,ie,2023,6.29942487419125,551394889339.778,103887.800388081,4.288,3.62187153658782,-5.53000736095537,8.11468850147428,419845585586.835
"Iran, Islamic Rep.",ir,2010,10.0893629287979,487069570461.36,6291.19443652344,13.679,15.882625978134,5.79793829590261,,487148670461.36
"Iran, Islamic Rep.",ir,2011,26.2933856738608,629082257472.368,8025.68743364356,12.491,33.4095331541239,2.64571792008958,,629549226632.111
"Iran, Islamic Rep.",ir,2012,27.2568127242908,644019315003.54,8114.08099831877,12.275,18.9538841448282,-3.7471713986414,,648228253786.387
"Iran, Islamic Rep.",ir,2013,36.6030355191029,500399839839.877,6222.74194840326,10.595,36.775631886208,-1.52197920494163,,503591523606.15
"Iran, Islamic Rep.",ir,2014,16.6065532357449,462284793280.825,5672.06372896319,10.68,9.75876873256327,4.98477506709494,,464664338145.23
"Iran, Islamic Rep.",ir,2015,12.4846815611533,409191686496.677,4952.73355532178,11.166,0.197001678736839,-1.42488493937491,,409496710332.525
"Iran, Islamic Rep.",ir,2016,7.24542548952979,459042684192.698,5477.03712389913,12.618,9.39978461338336,8.8150866425182,,459572277672.439
"Iran, Islamic Rep.",ir,2017,8.04492437660278,489168731811.147,5753.11544659399,12.232,13.0353311671579,2.75850524578875,,489767735736.786
"Iran, Islamic Rep.",ir,2018,18.0141183371874,398880231367.268,4631.78709016514,12.195,31.6411842965085,-1.83800757093036,,400959595538.411
"Iran, Islamic Rep.",ir,2019,39.9073455697784,333519146339.191,3831.27894763337,10.74,30.5348662272656,-3.0705879849703,,333580960831.753
"Iran, Islamic Rep.",ir,2020,30.5941390387295,262186179355.944,2988.78122414716,9.687,44.2649836337424,3.33028845926594,,261745239277.174
"Iran, Islamic Rep.",ir,2021,43.3890162681514,383436202446.695,4334.79268631354,9.282,56.3196546439665,4.71977773157164,,383309265851.262
"Iran, Islamic Rep.",ir,2022,43.4884641742179,394362621793.035,4405.09291519791,9.085,50.585248062505,3.77663140152906,,393776608248.051
"Iran, Islamic Rep.",ir,2023,44.5791857572797,404625655204.619,4465.63766994952,9.041,30.4931401221187,5.04489051061807,,404153752602.602
Iraq,iq,2010,2.8777472527476,138516722649.573,4461.75196161555,8.267,16.5867407502258,6.40256484471193,4.68412757383414,140109922649.573
Iraq,iq,2011,5.801455370853,185749664444.444,5775.54229080293,8.191,24.6894374235643,7.546471200426,14.065166727563,185512264444.444
Iraq,iq,2012,6.08909641595043,218002476129.472,6477.59618450955,7.965,2.66976938276827,13.9364301737537,13.5507635163078,219061676129.629
Iraq,iq,2013,1.87949800749469,234637675128.645,6650.35282247395,9.205,-0.0113328650677573,7.62828592298754,6.85843921497559,233577245128.645
Iraq,iq,2014,2.23597407904679,228415656174.957,6249.39226978969,10.59,-4.80663703991596,2.26368817563613,6.94151191976759,227112056174.957
Iraq,iq,2015,1.39333028780309,166774104959.102,4440.14189252367,10.842,-28.7601353853759,2.60676642939541,-1.65602101285884,165257898273.689
Iraq,iq,2016,0.556521397155511,166743557747.671,4334.42096404188,10.82,-11.1041709203303,13.7873730187089,1.29416694062961,165182357747.671
Iraq,iq,2017,0.18405889884769,187217660050.676,4759.2846435467,13.02,14.6503597888451,-1.81975035118309,7.95462137277485,185776960050.676
Iraq,iq,2018,0.367441488936849,227367469034.031,5646.68932074742,13.49,18.2039920993937,2.63385099105624,15.1162785714327,225613469034.031
Iraq,iq,2019,-0.198965380023928,233636097800.338,5671.8568632942,14.109,-2.6744400357903,5.51379057540518,6.74664580876131,232469897800.338
Iraq,iq,2020,0.574162679425795,180898797516.874,4295.18945121228,15.778,-11.2201963874445,-12.0367930931001,-3.48598226553262,179091897517.38
Iraq,iq,2021,6.04186489058044,209691945713.103,4868.49431080783,16.173,38.8998331529519,1.5021807095434,11.7148037882244,207627745713.103
Iraq,iq,2022,4.99476596381044,286640340965.517,6504.12428393548,15.511,26.9938337592464,7.63981140218355,20.237730601562,285694140965.517
Iraq,iq,2023,4.35835351089586,250842782139.464,5565.12644647176,15.447,-18.1894127218862,-2.93555773971221,11.3117013578386,251816082139.464
Iceland,is,2010,5.39673113167477,13751161917.7398,43237.0729488958,7.564,6.36885446534224,-2.83277491540855,-6.14491097728025,11655447395.2346
Iceland,is,2011,4.0010266434312,15221622925.9319,47714.5922308485,7.028,3.09666958205543,1.84577915624217,-4.70354106391418,13450225651.4506
Iceland,is,2012,5.18589988750698,14751508133.5443,45995.5478789467,6.0,3.44088030034162,1.06363660743763,-3.5156011396135,13461900235.8385
Iceland,is,2013,3.87227923748249,16125060515.3117,49804.9829978371,5.376,2.12454183861854,4.55246032015107,6.26157055695868,16010321394.1878
Iceland,is,2014,2.04461481539333,17867662177.8911,54576.7448146565,4.897,4.14165194460018,1.68721501750642,4.34644886292108,17641035407.3781
Iceland,is,2015,1.63305558181326,17517210519.0912,52951.6815110898,3.979,6.0545203480569,4.43666371937172,5.62762590827157,17486094485.2184
Iceland,is,2016,1.69692761997751,20793168030.9524,61987.9263620283,2.978,2.260860866933,6.30368710650176,8.27171987498996,21200175322.7839
Iceland,is,2017,1.76041559180596,24728285177.4603,72010.1490316258,2.742,0.936992856331969,4.19494882908376,4.25674789459763,24848957647.0047
Iceland,is,2018,2.68291768267392,26260850582.0687,74452.1890731447,2.704,2.63161215080015,4.88917299486545,4.28102734251169,26701147667.6892
Iceland,is,2019,3.01397179156053,24681343649.2952,68452.23622306,3.507,4.4567758015221,1.86117794293874,6.54263819647393,25374511608.1548
Iceland,is,2020,2.84792401518665,21629953194.0659,59023.5663465778,5.478,4.01588811980919,-6.94045309489034,1.12712934760835,22327335577.3176
Iceland,is,2021,4.44423970189739,25825287184.3818,69325.9078287926,6.029,6.37202614559868,5.25420975317854,-2.79395804491668,25842739234.8722
Iceland,is,2022,8.3087551155892,28770206626.5564,75314.085560994,3.789,8.88519456670855,8.9925076126915,-2.42669497806943,28515019178.2416
Iceland,is,2023,8.73630299937298,31325116556.3807,79636.9548578508,3.518,5.69949212718926,5.03717943960838,0.927701016991328,31871436144.8226
Israel,il,2010,2.69137006338376,238912622309.59,31338.5568903917,8.48,1.22335517674681,5.63311956432702,3.45172219043069,234571407404.436
Israel,il,2011,3.48494919760703,267406179630.431,34433.822610733,7.139,1.46699975880868,5.5628227805086,1.70078343226233,263882192674.99
Israel,il,2012,1.67920719398061,262917911696.944,33236.5731239421,6.762,3.32947036626514,2.54080459326553,0.373766851279691,256294768864.588
Israel,il,2013,1.5702553921126,297634145181.876,36929.6042163752,6.137,1.70388527748064,4.23059967389156,2.93007376377159,291688051032.678
Israel,il,2014,0.479786761439324,314090281098.682,38230.4954049785,5.789,0.658477266941688,3.8853242385341,4.17707926335931,312212949125.541
Israel,il,2015,-0.601291007162392,302722655203.465,36123.9907881129,5.176,2.33451238274172,2.31351073538721,5.33085308370911,300150272715.578
Israel,il,2016,-0.551552352993558,320958936788.842,37556.6272863143,4.723,0.378235722738012,4.36728364160348,3.9692616530511,318071673537.759
Israel,il,2017,0.25941497450575,357227098125.658,40997.9110240274,4.14,0.0402732589144676,4.27342178782185,3.69664005594415,355438750393.854
Israel,il,2018,0.794075660242718,375149611117.199,42233.2610344935,3.917,0.653516850568892,4.07447600571263,2.90564075690715,374876745460.837
Israel,il,2019,0.84978312826417,399651065197.871,44140.8289372511,3.731,1.90166538221106,3.78514145224655,3.34369182611431,397736725276.623
Israel,il,2020,-0.61441235846577,411728563086.632,44679.7715799755,4.169,0.971284967965317,-1.46460564253812,4.05349579705705,407899013182.635
Israel,il,2021,1.51020047690539,489708278893.053,52255.6159050999,4.812,2.07020211665778,9.34390774596847,3.25881768551542,482170209223.983
Israel,il,2022,4.39359665912654,525000415276.678,54930.7261602593,3.695,4.72579800556809,6.47037150232485,3.2579212324977,520492108611.226
Israel,il,2023,4.22535211267609,513611100815.691,52642.4267486308,3.596,4.26608944082265,2.42300691049012,3.62219585411103,506703670405.958
Italy,it,2010,1.52551602118248,2144936254535.0,36184.7118698678,8.363,0.597839678325897,1.52910575728933,-3.24412215335914,2131574091108.34
Italy,it,2011,2.78063272879323,2306974020278.21,38851.3881339353,8.359,1.72878373434861,0.695463129207852,-2.74163808728921,2289189703989.3
Italy,it,2012,3.04136333226775,2097929495121.68,35235.7989058242,10.655,1.70237984690991,-3.12523879543816,-0.215238993496647,2084406708913.59
Italy,it,2013,1.21999342274306,2153225581941.46,35747.707952689,12.149,1.12578398838561,-1.81802506104283,1.03825599780866,2138212137190.75
Italy,it,2014,0.241047429826756,2173255507985.84,35750.7197500382,12.683,0.902550731497669,-0.0013876397649283,1.70979552518119,2162198263107.91
Italy,it,2015,0.0387903996579733,1845428048839.1,30387.1293187854,11.896,0.782776474937791,0.885667638046783,1.23326652485505,1823940445540.23
Italy,it,2016,-0.09401665691575,1887111188176.93,31126.3246947273,11.688,1.24817181951231,1.2362211072751,2.46140246001819,1882461088199.89
Italy,it,2017,1.22653316645812,1970720904584.71,32554.14668453,11.211,0.709821721481291,1.60369994648362,2.47968309636806,1972735013154.24
Italy,it,2018,1.13748763600391,2099435266458.67,34746.3441392416,10.61,1.07058153142322,0.826646697363699,2.57144669559437,2115040163160.31
Italy,it,2019,0.611246943765304,2019606796583.53,33812.788724868,9.951,1.04700690370913,0.429162534371912,3.23388196417885,2027301728521.57
Italy,it,2020,-0.13770757391651,1907481094079.23,32091.4866621366,9.164,1.57740277527265,-8.86822121046387,3.9369545603398,1921655176693.23
Italy,it,2021,1.87378325762481,2179207773596.09,36852.5425414951,9.497,1.28332191197099,8.9310620660078,2.36551166160116,2182382012040.27
Italy,it,2022,8.20128991161718,2102995942720.44,35635.7442204098,8.069,3.56016140243167,4.66176265113695,-1.5588851197709,2085487745453.12
Italy,it,2023,5.62219442195901,2300941152991.81,39003.3160954123,7.627,5.81875394007432,0.69763299419678,-0.0107548120555719,2250908366681.8
Jamaica,jm,2010,12.6105519975603,13220549908.2494,4809.977380312,7.63,9.81023516820396,-1.45714720947502,-7.06479945013375,12725932639.2705
Jamaica,jm,2011,7.555856465809,14444661522.1463,5232.63644918132,8.034,5.79618847204975,1.73037626746921,-14.283409237551,13926261521.2056
Jamaica,jm,2012,6.87397708674309,14807086555.5283,5340.83333232158,8.695,6.57190361388207,-0.613636039869121,-9.72634702774029,14607486110.2225
Jamaica,jm,2013,9.34150076569673,14264205152.6126,5124.21301411137,9.698,8.41581565660749,0.5176860128024,-9.51223858387756,13930605100.5079
Jamaica,jm,2014,8.27407886231419,13899217721.6818,4975.11326954633,9.046,6.92994589148002,0.689822357374339,-8.01738724810733,13600817721.6819
Jamaica,jm,2015,3.69154228855725,14188936958.4343,5062.89556466908,8.825,6.65540782392959,0.92148712538031,-3.0312415035281,13748936958.4345
Jamaica,jm,2016,2.35102197485846,14077096714.1279,5009.79450059092,8.634,4.66411175576692,1.37522306445538,-0.308749953750269,13482096714.1281
Jamaica,jm,2017,4.37839864991561,14808985171.3441,5259.31334136812,7.399,6.54982735214614,0.997123062335191,-2.68406864668736,14387985171.3441
Jamaica,jm,2018,3.73663882152163,15730792835.5811,5578.10346083169,5.47,4.99324114976486,1.88992368121086,-1.49278165628941,15134792835.5809
Jamaica,jm,2019,3.90510000865872,15830766570.7266,5607.24300668501,4.987,3.18250309465809,0.892291653822227,-1.91168616244942,15389266570.7267
Jamaica,jm,2020,5.2267777929352,13812421803.4084,4879.44024631319,6.501,3.46419204267427,-9.92032244889079,-1.13600321037607,13358021803.4082
Jamaica,jm,2021,5.86278242801063,14657586127.0331,5165.33780988607,5.188,7.42596071258264,4.6014245042592,1.01832689330442,14238986127.0331
Jamaica,jm,2022,10.3495688391272,17097760723.9201,6022.15341099999,4.083,12.7978003859778,5.22151984737387,-0.797768635721277,16744360723.9202
Jamaica,jm,2023,6.47413734662063,19423355409.2316,6839.72503886968,4.4,11.6865531940529,2.20006147154612,2.92911319510629,19134255409.2317
Jordan,jo,2010,4.84551875852116,27133804225.3521,3718.46571622945,12.5,8.07745609713074,2.31483422063046,-6.93580742997941,26919156338.0282
Jordan,jo,2011,4.1624416292779,29524149154.9296,3946.85503855525,12.9,5.91051095801734,2.73717988632104,-10.0122011601875,29259642112.6761
Jordan,jo,2012,4.5152295667099,31634561690.1408,4169.50470054618,12.2,4.60681522593885,2.42935800100238,-14.8926903748186,31246533521.1268
Jordan,jo,2013,4.82462314269537,34454440140.8451,4311.21916713038,12.6,6.1436238894444,2.60994737548631,-10.1695840827968,34115848591.5493
Jordan,jo,2014,2.89947905006057,36847643521.1268,4191.18050084986,11.9,3.44532356315609,3.38407809933472,-7.07786962691051,36430961830.9859
Jordan,jo,2015,-0.876851359704049,38587017887.3239,4042.75678097555,13.075,2.16975211695323,2.49652879315188,-8.99211424558988,38153862957.7465
Jordan,jo,2016,-0.778430463054142,39892551126.7606,3986.71677010853,15.275,1.36200664175068,1.9941808493012,-9.65551431813951,39586916901.4085
Jordan,jo,2017,3.32389447576097,41608435915.493,4065.61628749384,18.12,1.78355010971296,2.47359815449045,-10.5575150922046,41401816901.4085
Jordan,jo,2018,4.46231108475481,43370860704.2254,4145.43989673265,18.257,2.27304680591043,1.91907091341564,-6.83122381081,43171142394.3662
Jordan,jo,2019,0.761514047265601,44503006338.0282,4170.1144003465,16.801,0.844355656854063,1.75124077866225,-1.73661317294453,44510471126.7606
Jordan,jo,2020,0.333294350628378,43700383098.5916,4022.0401356135,19.213,-0.708587970279524,-1.10275188309046,-5.73222808631066,43576298591.5493
Jordan,jo,2021,1.34609377243118,46296100140.8451,4183.49998326866,19.837,2.20360600532175,3.65564191030398,-8.0300621920483,46064410000.0
Jordan,jo,2022,4.22915568897117,48764963380.2817,4332.25159897931,18.2,2.61607218645355,2.64743616429071,-7.82338416371671,48259188732.3944
Jordan,jo,2023,2.08486986327134,50967475352.1127,4455.50540514568,17.969,1.79036458654697,2.67827153754409,-3.74831698453371,50463109154.9296
Japan,jp,2010,-0.728243207517779,5759071769013.11,44968.1562349739,5.102,-1.88074194993916,4.09791791930137,3.83547896264376,5912477091132.79
Japan,jp,2011,-0.27245561610124,6233147172341.35,48760.0789494211,4.55,-1.62208025009267,0.0238095237748297,2.07915328846556,6414396892358.66
Japan,jp,2012,-0.0440645104432602,6272362996105.03,49145.2804308193,4.358,-0.75609311955516,1.37475099920874,0.958442611412041,6445536590964.04
Japan,jp,2013,0.335037912184741,5212328181166.18,40898.6478964744,4.038,-0.354375054330276,2.0051001767726,0.889785415808863,5391605623511.27
Japan,jp,2014,2.75922671353253,4896994405353.29,38475.3952461838,3.589,1.68629478626674,0.296205514142628,0.742322049627637,5079021304760.51
Japan,jp,2015,0.795279630579839,4444930651964.18,34960.6393843385,3.385,2.111298993275,1.56062669674904,3.0702796590698,4619771168713.41
Japan,jp,2016,-0.127258844489754,5003677627544.24,39375.4731620781,3.132,0.419944376057273,0.753826745903538,3.93809128404803,5177794688417.2
Japan,jp,2017,0.484199796126385,4930837369151.42,38834.0529341227,2.822,-0.0743495037290671,1.67533175166503,4.12036966283801,5113251596855.53
Japan,jp,2018,0.989094598021848,5040880939324.86,39751.1330982711,2.467,-0.0002375063876058,0.643391023460339,3.51661817468288,5233677416722.46
Japan,jp,2019,0.46877615938395,5117993853016.51,40415.9567649547,2.351,0.63480316569607,-0.402169200910933,3.45076611445329,5318494421653.03
Japan,jp,2020,-0.024995834027731,5055587093501.59,40040.7655055923,2.809,0.941449700794308,-4.14711889947692,2.96758662260168,5241005753827.88
Japan,jp,2021,-0.233352779398264,5034620784584.98,40058.5373276179,2.828,-0.19006062486126,2.55932023865617,3.90347308918604,5275289207258.22
Japan,jp,2022,2.49770278172255,4256410760723.75,34017.2718075024,2.6,0.333979877221765,0.954736937781391,2.1180194826945,4515110236512.52
Japan,jp,2023,3.26813365933163,4204494802431.55,33766.5268253808,2.6,3.79301783489684,1.67901952310368,3.7860667684835,4453892010756.24
Kazakhstan,kz,2010,7.40046356341398,148047348240.643,8793.07589980782,5.77,19.5422853937296,7.30000000329814,1.80897140296935,128671748240.643
Kazakhstan,kz,2011,8.452904661768,192626464617.071,11287.1464926039,5.39,20.5429582655299,7.40000000144188,7.3030140363931,164881370862.216
Kazakhstan,kz,2012,5.19568369035072,207998568865.789,12018.7966527993,5.29,4.78556981066754,4.79999999528297,1.26375902394522,179881468864.113
Kazakhstan,kz,2013,5.94283871648418,236634603409.089,13478.459627612,5.2,9.49908144359215,5.99999999671084,1.91316832797548,211486897952.974
Kazakhstan,kz,2014,6.84944977003349,221415613595.469,12427.7094576939,5.06,5.77123952478276,4.20000000566705,-1.28837366004242,198714509414.101
Kazakhstan,kz,2015,6.67828585615244,184388404706.042,10196.1226255982,4.93,1.82354987628641,1.20000000053288,-5.4122312771503,172770506433.204
Kazakhstan,kz,2016,14.3610942386247,137278320084.171,7475.56688689424,4.96,13.6384336176426,1.09999999910173,-5.07331546745494,123828020084.171
Kazakhstan,kz,2017,7.44266321306792,166805788827.233,8943.08416791984,4.9,11.211105653729,4.10000000257358,-2.05429721551443,148657290109.179
Kazakhstan,kz,2018,6.16366247577751,179339977690.485,9472.48527327758,4.85,9.20560599766662,4.09999999309841,-0.984581633983154,157278679804.064
Kazakhstan,kz,2019,5.33356098916669,181667184854.501,9457.12614657136,4.8,7.63328623733945,4.50000000091883,-3.8684220835049,158974562541.081
Kazakhstan,kz,2020,6.71815454861464,171082365861.423,8781.50797787648,4.89,4.21085829258907,-2.49999999628,-6.46182057750937,156009669230.591
Kazakhstan,kz,2021,8.04147134028396,197112255360.612,9983.60103576902,5.546,13.9300750551614,4.29999999729456,-1.35935671668035,172923312214.507
Kazakhstan,kz,2022,15.0278644440851,225496328925.494,11255.3396437881,4.86,19.7690064802492,3.19999999970734,2.85390106329207,199981133856.769
Kazakhstan,kz,2023,14.7249900200331,262641892078.524,12918.8661346014,4.821,9.85761932391583,5.09999999973641,-3.41952978676609,236494030772.199
Kenya,ke,2010,3.96138889115385,45405615063.7551,1091.51873101194,2.796,1.63919964802533,8.05847360290906,-5.21669389712653,39852484980.0245
Kenya,ke,2011,14.0224913014704,46869473150.61,1096.14499807675,2.704,10.0650129672316,5.1211061197056,-8.14880935200664,41961926464.5493
Kenya,ke,2012,9.37777003547598,56396704671.5777,1285.00536171512,2.682,9.52297221154848,4.56867961444982,-7.4758716615935,50187341471.2162
Kenya,ke,2013,5.71749357037733,61671440407.8387,1370.87885214659,2.764,7.3375622336044,3.7978483925754,-7.85152228564967,54496773151.3016
Kenya,ke,2014,6.87815499275949,68285796514.2896,1482.81566253497,2.768,7.63503190149002,5.02011100232484,-9.34004850596924,60579831275.5359
Kenya,ke,2015,6.58215429284779,70120446896.8359,1489.11959777284,2.762,9.23865468396285,4.96772112759767,-6.30459656347733,63195136105.8826
Kenya,ke,2016,6.29724953814625,74815144163.8931,1554.12610314423,2.757,5.84962894648808,4.21351706814744,-5.3970086381703,73804818194.5745
Kenya,ke,2017,8.00564967709945,82036510877.2599,1667.48447230835,3.541,7.58193402820181,3.83795817364721,-6.99683322084959,80475458830.12
Kenya,ke,2018,4.6898064677633,92202979985.2863,1836.45275528993,4.284,4.21502841459056,5.64794640709219,-5.41106679141752,90812279975.0377
Kenya,ke,2019,5.23963795764792,100378436207.371,1960.40808854893,5.014,4.2752342393575,5.11415885767801,-5.23852935907811,98773632628.9327
Kenya,ke,2020,5.40516207933392,100657505750.545,1927.66459027849,5.619,4.94885283291357,-0.272766327438816,-3.70614438428959,99981709856.8935
Kenya,ke,2021,6.10793603659176,109703658904.994,2061.35622089594,5.693,4.3307475585662,7.59048947333467,-5.10159025996023,108174641713.497
Kenya,ke,2022,7.65986268272224,114448978152.637,2109.56288513137,5.707,6.95705445631218,4.85998104287999,-5.14588548301183,112689233872.207
Kenya,ke,2023,7.67139634029402,108038588970.595,1952.30457929636,5.567,6.10780209189015,5.55587301319866,-3.99586269636629,106151840150.547
Kyrgyz Republic,kg,2010,7.96772225579684,4794361863.01353,876.954476440354,2.887,10.0339035419669,-0.471566596791618,-9.89833859355209,4489261604.79334
Kyrgyz Republic,kg,2011,16.6363262731495,6197765984.28468,1117.40184423062,2.999,22.4818422448936,5.95627429693504,-7.69730261933363,5538865998.78064
Kyrgyz Republic,kg,2012,2.76844236540957,6605142884.36215,1168.62244675446,3.114,8.65631680881187,-0.0881501998439376,-15.5252325924145,6435842809.7884
Kyrgyz Republic,kg,2013,6.61375202358082,7335033800.59056,1269.66303464348,3.153,3.17518813604272,10.9154694528045,-13.7754189892496,6912033442.54566
Kyrgyz Republic,kg,2014,7.5342472977589,7468102412.68237,1264.52679529608,3.262,8.41522543621389,4.02403863083252,-17.4244156605429,7159302170.58326
Kyrgyz Republic,kg,2015,6.50331838993384,6678177511.66313,1105.65202996955,3.338,3.42728750288953,3.87582544512439,-15.7592478411185,6417477543.55163
Kyrgyz Republic,kg,2016,0.388838296895799,6813095379.1187,1103.27498361324,3.474,6.05056427055605,4.33585592190116,-11.628233310749,6455295204.83045
Kyrgyz Republic,kg,2017,3.1753098637994,7702938379.42036,1221.39056490366,3.57,6.32714586262388,4.73993722377884,-6.95269622627314,7331338207.04089
Kyrgyz Republic,kg,2018,1.54266145238436,8271106235.41552,1283.52040333083,3.67,3.44744511589256,3.75791013557165,-11.6275560440076,8020105523.91389
Kyrgyz Republic,kg,2019,1.13362257718804,9371275264.36735,1421.99927504102,4.295,9.81131194747459,4.60062565707598,-11.3840798908834,8591968638.36629
Kyrgyz Republic,kg,2020,6.32542296338078,8270468614.24051,1229.51775742135,4.63,5.34018553508729,-7.14897757727955,4.52522127933728,8014044231.28542
Kyrgyz Republic,kg,2021,11.9050398185147,9249133946.26531,1349.99730650542,4.096,15.992797923604,5.50700762671923,-7.97583742281609,8626877845.0663
Kyrgyz Republic,kg,2022,13.9229093174176,12134931017.9465,1739.72030814894,4.043,19.6572842421774,8.96750520041391,-42.683633961771,11864509827.1527
Kyrgyz Republic,kg,2023,10.7532770416742,13987627908.8381,1970.15780961839,3.991,13.4157414075184,6.15139183716032,,13793509245.9481
Cambodia,kh,2010,3.99639528107218,13808673288.0696,952.274616324008,0.771,6.26499886932319,5.07691843229247,-7.10406918806883,13409374659.08
Cambodia,kh,2011,5.4784474961745,16032622023.8265,1088.98152823081,0.577,4.95076723151411,7.28665813879552,-6.39866172664646,15499707260.5983
Cambodia,kh,2012,2.93431609293951,17826536699.8016,1192.80263041673,0.496,2.63843608534771,7.65025657870362,-6.80261456302101,17147398897.5327
Cambodia,kh,2013,2.94162509547349,19807135252.8649,1305.6600972686,0.438,2.8690452471251,7.8574997554252,-6.54160754946616,18982047189.3476
Cambodia,kh,2014,3.85568861424207,22041463967.9009,1431.56396469993,0.692,3.29936912050763,8.00032074618566,-6.55176399019618,21110279792.7028
Cambodia,kh,2015,1.22393195511119,24174170369.0738,1547.32010444393,0.393,3.06935934141643,7.20703472529512,-6.61221348694343,23177973370.8877
Cambodia,kh,2016,3.01913975139128,26556545153.3573,1675.19555711109,0.716,1.58007480575829,7.90550116130704,-6.52773923371679,25507606313.3619
Cambodia,kh,2017,2.91263557371478,29355665909.7905,1826.35391688754,0.141,2.07650709154852,8.07503915535979,-6.15664205071234,28215504535.8122
Cambodia,kh,2018,2.45908515380146,33145892168.8958,2036.67377566578,0.13,3.81658094506807,8.77622376224463,-8.73582304512043,31820166406.6153
Cambodia,kh,2019,1.94257500833107,36685356407.7206,2225.87705485686,0.119,2.79255741070172,7.93695013588524,-7.99991923360397,35040667434.0951
Cambodia,kh,2020,2.9402951426397,34818073901.4851,2081.73914242939,0.172,-0.824281402832511,-3.55572193406549,-1.00006150750614,33712316726.7631
Cambodia,kh,2021,2.92073477592949,36790163687.4421,2167.40324198499,0.396,2.64573403501885,3.08984284148661,-29.6082488651911,35300301362.1232
Cambodia,kh,2022,5.34370264895437,39994532959.6074,2325.03050040841,0.231,3.51502483143302,5.10336888677125,-18.9575920517337,38444130462.4415
Cambodia,kh,2023,2.12746796594194,42335646895.7984,2429.74853452838,0.225,1.06309607242758,4.96006658918908,1.30468362030439,41383539142.8578
Kiribati,ki,2010,-3.89955040651649,165458478.20613,1522.10110213175,,-0.858149904545002,1.22596286062763,0.117605340174368,237948086.37183
Kiribati,ki,2011,1.4974097987597,195970104.356667,1771.12894481248,,1.99862599481449,3.26374491722632,-8.82892162135159,267122979.13623
Kiribati,ki,2012,-3.04586292775571,207001557.767135,1843.55346948038,,-0.542030495756194,5.80364100553874,1.74877238409007,304752720.042651
Kiribati,ki,2013,-1.488059084681,201730847.75865,1772.08706898092,,-2.97924613794956,7.73091286402961,-5.02222116720326,321103831.564609
Kiribati,ki,2014,2.10398520925043,200287275.559653,1736.7053011433,,5.00430936891283,1.26367022947325,27.9829866738295,358705793.147194
Kiribati,ki,2015,0.572015743634256,191559398.175292,1639.85274301496,,3.13924707851245,11.2653381034544,29.3632122671814,372670569.368925
Kiribati,ki,2016,1.91731090233378,206467834.045145,1742.66812442095,,1.71663114660052,7.08802960050427,9.3087880043276,346110095.051295
Kiribati,ki,2017,0.355520888546828,222875724.653979,1853.0511299437,,0.91703742395508,3.74913001948165,31.6324764748156,393942612.908992
Kiribati,ki,2018,0.564030491493476,233514703.710292,1912.73798131035,,3.86213659037344,3.47943880004293,32.9466543216842,403822028.281197
Kiribati,ki,2019,-1.81307995302947,216985362.338171,1750.99750920482,,-3.28622635523891,3.26425930432951,40.0111168249068,411922551.894316
Kiribati,ki,2020,2.5532455441463,223123620.597516,1769.43211760217,,4.45803262864328,-0.562016449352072,31.9457764390584,379762256.830964
Kiribati,ki,2021,2.05361676773907,289339292.157301,2253.82500103057,,9.47162129039607,8.52266121721455,6.99903512451459,450862098.649805
Kiribati,ki,2022,5.34595440908904,270841698.369345,2075.90844085067,,-2.43745796327806,3.90535280738948,-12.0081647069354,412934906.303186
Kiribati,ki,2023,9.28307374517721,279208903.337644,2106.76000405677,,3.36844589533216,4.12459054312031,-1.83260365739708,466251742.745288
St. Kitts and Nevis,kn,2010,0.850878649795844,778718518.518518,16622.9457908577,,0.628549213284927,-0.0541942065330545,-15.3287283630879,749534037.037037
St. Kitts and Nevis,kn,2011,5.8351651957086,836092592.592593,17832.4572919975,,5.65965351498537,1.61660730423688,-7.81462598635505,806446925.925926
St. Kitts and Nevis,kn,2012,0.816089281562459,824585185.185185,17532.0559008608,,-0.643441223095877,-0.737636737448398,-3.12891542335696,800808000.0
St. Kitts and Nevis,kn,2013,1.10698554000129,874548148.148148,18580.1301949935,,0.313904254767678,5.72728087234704,-2.86459110864068,859948148.148148
St. Kitts and Nevis,kn,2014,0.247865392364942,952111111.111111,20219.3954237956,,1.20095646597851,7.57696602328922,0.698262924495274,893511111.111111
St. Kitts and Nevis,kn,2015,-2.30187563045616,957222222.222222,20328.8003530109,,-0.156232298668698,0.694135527876625,-8.10718614819114,894222222.222222
St. Kitts and Nevis,kn,2016,-0.687037123294039,1006818518.51852,21387.5415511103,,1.20132522527356,3.93270319273282,-12.0811606049124,950218518.518518
St. Kitts and Nevis,kn,2017,0.694916711613604,1056977777.77778,22464.9899633959,,4.75051936491064,0.220941147299996,-10.2532816485857,1011577777.77778
St. Kitts and Nevis,kn,2018,-1.03712214131572,1076548148.14815,22901.3816403197,,-0.14899986700226,2.00352549800972,-5.8458015330205,1032848148.14815
St. Kitts and Nevis,kn,2019,-0.329562063663977,1107855555.55556,23595.4923231291,,0.0747452453393862,2.83126737870639,-4.78511635759442,1091755555.55556
St. Kitts and Nevis,kn,2020,-1.16724501769353,883922222.222222,18859.0190361046,,-5.74014001963613,-15.3544517590966,-10.8380413895977,860622222.222222
St. Kitts and Nevis,kn,2021,1.195688870384,858622222.222222,18361.1449697886,,-3.32596719351518,0.479678356753311,-3.35211367910693,827422222.222222
St. Kitts and Nevis,kn,2022,2.66817533111249,981429629.62963,21011.5744209816,,3.42010359088465,10.5228492759939,-11.3798541432377,953229629.62963
St. Kitts and Nevis,kn,2023,3.55711230848243,1055499777.77778,22573.6724791004,,5.14466745732078,2.2849480914594,-11.5951196228124,1027699777.77778
"Korea, Rep.",kr,2010,2.93928652655686,1143672241149.72,23079.2601257735,3.324,2.73749683726491,6.80482491783671,2.44392571528201,1145380644380.26
"Korea, Rep.",kr,2011,4.0259650043609,1253289537500.81,25097.595426845,2.992,1.2818638059201,3.68566778212526,1.32756234709964,1261047470780.75
"Korea, Rep.",kr,2012,2.18707104433314,1278046536287.01,25459.1689000965,2.812,1.2518081696316,2.40253099246186,3.81759181803713,1291410762822.05
"Korea, Rep.",kr,2013,1.30134754547413,1370632955321.2,27179.5170146052,2.747,1.01854380505277,3.16470863647184,5.63673153341732,1379368985349.08
"Korea, Rep.",kr,2014,1.27477446401322,1484488526271.8,29252.9312377352,3.082,0.906896750615815,3.2024537945736,5.5931452840881,1491673283689.83
"Korea, Rep.",kr,2015,0.70633177245575,1466038936206.43,28737.4391706499,3.546,3.18559596664953,2.80910326824133,7.17024612402236,1470624628355.3
"Korea, Rep.",kr,2016,0.971685739912168,1499679823909.61,29280.4403170048,3.65,1.98603850545349,2.94688171508626,6.52964042316155,1505162317173.77
"Korea, Rep.",kr,2017,1.94433230786366,1623074183501.9,31600.7358741365,3.653,2.22278138152841,3.15963574012777,4.63508697043555,1629690182358.85
"Korea, Rep.",kr,2018,1.47583935002645,1725373496825.43,33447.1562836166,3.824,0.482948983102617,2.90740377377135,4.48983945461857,1732322374323.88
"Korea, Rep.",kr,2019,0.383000303608136,1651422932447.77,31902.4169048194,3.746,-0.839325308149668,2.24397786011012,3.61361701036494,1665675897739.53
"Korea, Rep.",kr,2020,0.537288023411737,1644312831906.17,31721.2989141857,3.931,1.56374685675343,-0.709415359397681,4.6160437677793,1658668665990.32
"Korea, Rep.",kr,2021,2.49833333333339,1818432106880.04,35125.5224984723,3.639,2.76293194144772,4.30473481906969,4.68690580624589,1838899317165.23
"Korea, Rep.",kr,2022,5.08951365062842,1673916511799.71,32394.6833725203,2.857,1.27552257409207,2.61267219187226,1.54300407564714,1698504131878.33
"Korea, Rep.",kr,2023,3.5974562502901,1712792854202.37,33121.3712885508,2.675,2.06407396162432,1.35673324311098,1.91626791993389,1744702631805.69
Kuwait,kw,2010,4.49640287769787,115416305425.424,39212.2726673435,1.82,11.1033505813839,-2.37049713548224,32.048537015334,124837146336.272
Kuwait,kw,2011,4.8394034987095,154039231299.128,49169.6063983139,2.053,17.2275372444238,9.62857696066133,42.9408981177774,163069653850.474
Kuwait,kw,2012,3.25514600287211,174047662555.419,52155.2225460479,2.231,7.4872520591001,6.62587503701558,45.4600006723134,183196516346.594
Kuwait,kw,2013,2.68229684085039,174168116687.215,49651.0439709448,2.471,0.223023775634857,1.14946444760899,39.8998364643537,187422995955.414
Kuwait,kw,2014,2.90892672858625,162650450784.686,44368.781373043,2.9,-6.75796305451594,0.50091535084438,33.179075850826,178291579838.843
Kuwait,kw,2015,3.27170166092133,114585555830.916,29882.2126867068,2.2,-25.9583314682208,0.592771759399795,7.49155630909272,127279526145.746
Kuwait,kw,2016,3.19839776658374,109406674087.947,27323.6890643847,2.16,-6.83784137377464,2.9260739013296,0.586532843680829,122185300046.006
Kuwait,kw,2017,2.17183298510006,120687539675.517,29047.6535822842,2.227,16.2308738354507,-4.71222158000512,6.42748123987403,139464096588.1
Kuwait,kw,2018,0.543133148199567,138646316321.596,32067.9623689512,2.204,11.2991701085752,2.74333053861318,17.3456575452398,156983445241.041
Kuwait,kw,2019,1.09184802655856,140856394870.02,31707.8737464917,2.251,-0.110446099385726,2.26381690553512,21.4792265624363,161059878933.509
Kuwait,kw,2020,2.101729548274,111045470461.207,25236.0755520534,3.557,-16.4586799927762,-4.81742860622226,19.8384588748188,127412093261.493
Kuwait,kw,2021,3.42362947609188,148459291453.471,34043.542153557,3.002,28.7770836845713,2.26080609815888,23.5373149595846,172593781562.64
Kuwait,kw,2022,3.98064961990313,183940215065.171,40077.238047746,2.174,18.8292916806594,5.85920887270251,34.2924461669909,209941847718.232
Kuwait,kw,2023,3.64216403030709,163704878875.85,33729.7985494456,2.127,-7.35671016267938,-3.64042590261035,31.395617236714,195985100891.899
Lao PDR,la,2010,5.98254521550082,7131771014.70456,1125.91610151261,0.708,9.19657111138675,8.52690551739714,0.410966616116085,6679601953.77919
Lao PDR,la,2011,7.5689885610998,8750104617.17303,1361.54704394913,1.055,10.4687175993928,8.03865268023726,-2.35798203498442,8157259575.12919
Lao PDR,la,2012,4.2551267783209,10192846339.4029,1563.5650771337,1.399,7.52885930495688,8.02609843461283,-7.31300411617256,9584409923.89747
Lao PDR,la,2013,6.37142717782947,11983252626.5452,1812.51774424651,1.757,6.47397208343337,8.02630022699017,-7.81092232090561,11338527583.4343
Lao PDR,la,2014,4.12924306873771,13279245886.3854,1981.03910900473,2.119,5.72655918174564,7.61196343979319,-14.4922715355557,12693401481.3153
Lao PDR,la,2015,1.27735427102992,14426380125.6488,2121.01339097363,2.494,2.34849600685918,7.27006584373785,-15.7184889292204,13784824955.5127
Lao PDR,la,2016,1.59691227583204,15912501722.6143,2303.22156035363,2.881,3.02230644256338,7.02283625501138,-8.70224068894505,15228408813.3552
Lao PDR,la,2017,0.825478607568026,17071155481.4994,2432.43059478511,3.268,1.85209676121123,6.8925308726989,-7.37970657985854,16170183136.7602
Lao PDR,la,2018,2.04039266890201,18141641089.7963,2545.1075420815,2.9,1.91988919391754,6.24796000755872,-9.08923603390857,17355911535.6409
Lao PDR,la,2019,3.32255881256925,18740561512.5555,2589.32081035237,2.537,1.19742392109292,5.4577350924848,-7.04124343564555,17656111399.7487
Lao PDR,la,2020,5.10407262959919,18981805250.2424,2583.77730696131,2.361,5.03450412544517,0.503031829018681,-1.60378619154944,17853654979.9428
Lao PDR,la,2021,3.75562036658877,18827148530.9347,2526.05105018529,2.066,3.71344836687553,2.52835100486102,2.29262780940357,17754927767.6039
Lao PDR,la,2022,22.9562225132056,15468785203.7532,2046.40440255621,1.209,15.7739459226011,2.70742652643155,-2.96567805589965,14311266175.7418
Lao PDR,la,2023,31.2301341732646,15843155731.2552,2066.94979776957,1.188,24.4217202066692,3.74568140158232,2.55329592767601,14685693869.0246
Lebanon,lb,2010,3.98347941855833,38443907042.1227,7625.81051551165,6.775,0.578606723263135,7.97513555844932,-19.6443379596193,37934237042.1227
Lebanon,lb,2011,4.97148571692384,39927125961.5257,7834.96257108993,7.349,2.96508062083976,0.86733987855277,-13.8340690487529,39687755961.5257
Lebanon,lb,2012,6.58147447683677,44016799515.7546,8406.98405608118,7.937,7.48605187549234,2.56479133680038,-23.4382140171445,43812619515.7546
Lebanon,lb,2013,4.82101956297399,46880103080.597,8162.37929361396,8.458,2.57845109226618,3.8278734986016,-25.5114319532074,46661653080.597
Lebanon,lb,2014,1.8546042134091,48095213746.6003,7577.6413302369,8.833,0.105278623259466,2.48406010500743,-26.2298655609816,47517903746.6003
Lebanon,lb,2015,-3.74914524799629,49929337836.8159,7714.1099998804,9.306,3.33578444902192,0.462320792597581,-17.1077378092157,49420827836.8159
Lebanon,lb,2016,-0.783359624361508,51147308774.1294,8089.012088155,9.786,0.87129520217637,1.55454940856943,-20.4780237123596,50329518774.1294
Lebanon,lb,2017,4.32135218303191,53027680685.9038,8608.21084982387,10.251,2.7485363221939,0.903028464073813,-22.8822040339123,52818460685.9038
Lebanon,lb,2018,6.07698907889607,54901519155.5556,9174.53666204759,10.745,5.52248710107466,-1.88470575631651,-24.3470417876755,53788969155.5556
Lebanon,lb,2019,3.00538949390383,51605959131.2741,8905.88005497437,11.301,4.09482315573024,-6.91492472851026,-21.828092491848,50358759131.2741
Lebanon,lb,2020,84.8643330472041,31712128253.7961,5561.19166950397,13.284,85.5420423400206,-21.3998996914321,-8.76184199911137,30697478253.7961
Lebanon,lb,2021,154.756096023393,23131941556.7843,4045.37391066234,12.669,150.000716803737,-7.00123862514116,-19.6978128626341,21239241556.7843
Lebanon,lb,2022,171.205491336641,20992421948.8081,3654.35845534878,11.6,112.149478998819,-0.621678970663112,-34.606227109401,20158671948.8081
Lebanon,lb,2023,221.341644023365,,,11.543,,,-28.103669636709,
Liberia,lr,2010,7.28992796890218,1998000000.0,492.252808033724,2.266,6.51200368905668,6.09982524004147,-42.7136316998038,1818599900.0
Liberia,lr,2011,8.488167518494,2398000000.0,568.087865520004,2.211,10.9234453589782,8.20076822497064,-52.4853470186806,2273155200.0
Liberia,lr,2012,6.83178703418548,2791614000.0,638.368751462083,2.146,7.79715716365929,7.99381444555367,-59.9955509928998,2529644000.0
Liberia,lr,2013,7.577306817414,3177198100.0,710.744570927863,2.08,4.71530813283255,8.68728781639683,-32.8209688370026,2875704600.0
Liberia,lr,2014,9.86111285574904,3225652000.0,706.714490064507,2.079,0.817921326764434,0.701393100287518,-19.9198359881725,2892652000.0
Liberia,lr,2015,7.74869687621322,3227075700.0,692.590082351257,2.557,0.062713425558087,-0.0185649695590939,5.3024253714189,2947075700.0
Liberia,lr,2016,8.83424868336488,3398419600.0,714.613063145659,3.081,6.97295697153928,-1.5549586174878,-8.12261279894881,3117419600.0
Liberia,lr,2017,12.4196323907138,3390703400.0,699.269095727404,3.066,-2.61793415299387,2.45515592012239,-16.6798323783013,3087813500.0
Liberia,lr,2018,23.5635148953742,3422754800.0,692.203127129794,3.056,-0.209872797387817,1.15757512207355,-19.6944373252366,2985754800.0
Liberia,lr,2019,26.9662760197878,3319596500.0,658.164180770507,3.068,-0.560426634044902,-2.46729763532686,-19.6832166735006,2965834700.0
Liberia,lr,2020,16.9557241496255,3176126300.0,616.787867006715,4.109,-1.38060188980627,-2.98249127649473,-8.65744008690813,2887982500.0
Liberia,lr,2021,7.81559385858648,3513049500.0,667.96610514319,3.845,5.35427604467455,4.98671283481617,-2.89623383635124,3295000000.0
Liberia,lr,2022,7.59298486560313,4001047000.0,744.617175237387,2.977,8.66620854081535,4.80810517290655,1.61973328165346,3751047000.0
Liberia,lr,2023,10.0944535665552,4240000000.0,771.887142089677,2.933,1.23085463416679,4.68375688761311,,3967000000.0
Libya,ly,2010,2.79989500109268,75380825062.4216,11600.9068649472,19.276,19.278545342939,5.0272476723775,22.2877634810811,75351617356.9553
Libya,ly,2011,15.5184815317561,48169263294.1007,7593.8391525702,19.478,24.3427533511905,-50.3385151384986,6.62746278785412,48225057019.063
Libya,ly,2012,6.05980392156864,92540938129.1315,14975.8902795144,19.03,5.98193050372183,86.8267484395784,25.7575733312092,90611575226.2892
Libya,ly,2013,2.60581802719517,75351107029.0605,11951.7134126011,19.327,0.0853923422682783,-17.9979615745681,0.0127403569483039,74936698508.7584
Libya,ly,2014,2.43294141599225,57372355592.022,8926.42074591474,19.308,-1.00660401665242,-23.0428058282215,-33.1750366593745,57954482938.5682
Libya,ly,2015,10.4022933588151,48717501321.3052,7458.48917756374,19.676,-7.04070727195378,-0.842656252118843,-19.1840709119308,49953808617.0821
Libya,ly,2016,25.8538742124461,49912073701.298,7525.80299308216,19.522,4.69231431810404,-1.4909411172622,-9.42697758493981,50662881580.3574
Libya,ly,2017,25.8036184788338,67157452181.7738,9965.83236729757,19.02,1.80666382178316,32.4918021862688,6.59107791644499,68439540256.2741
Libya,ly,2018,13.1702038536721,76686029772.1483,11196.5854810844,18.836,3.59757389264269,7.9413678529104,14.7041123833162,77676603170.6261
Libya,ly,2019,-2.16217883470595,69254496471.6938,9963.19489084483,19.05,4.17567264236536,-11.1960828853386,6.95550505080755,71084266693.7479
Libya,ly,2020,1.44703656998741,46854285440.642,6650.33810585348,19.613,-4.75412381683802,-29.4552967282824,-10.2022684905863,47692571365.2013
Libya,ly,2021,2.86833027751019,35217995647.2862,4935.82787349801,19.641,90.405606412238,28.3334624622298,16.1147728474926,34577448955.2933
Libya,ly,2022,4.51030149235703,43246297921.8499,5986.63694851258,19.282,42.6971019985904,-8.25163004105288,,42951797929.641
Libya,ly,2023,2.37317531435169,45096462972.4014,6172.81246940233,18.753,-5.34146995735976,10.1558181770326,,45309062967.0407
St. Lucia,lc,2010,3.25034409180129,1482385185.18519,8673.68720340529,17.12,5.42281943230741,0.330018546071486,-12.6704280191935,1442802851.85185
St. Lucia,lc,2011,2.76940794144093,1568370370.37037,9128.99442011613,18.86,1.41240495830502,4.32694280532142,-14.3071211652342,1548522111.11111
St. Lucia,lc,2012,4.17763587102515,1598207407.40741,9260.30006551714,19.06,2.01336870760498,-0.108756148262358,-10.0247004570207,1560508962.96296
St. Lucia,lc,2013,1.46856511035428,1660222222.22222,9576.23463377087,22.21,6.00571366566349,-2.00502437372521,-6.53120424868059,1622408000.0
St. Lucia,lc,2014,3.51695551369241,1749185185.18518,10044.8218377677,21.597,3.78013189217974,1.52087435207136,-2.42897703597574,1643485185.18519
St. Lucia,lc,2015,-0.983600952696996,1807629629.62963,10334.9225558425,20.858,3.23704301796657,0.100928143120058,-0.477236989939979,1657429629.62963
St. Lucia,lc,2016,-3.07821765676927,1868555555.55556,10638.1901982143,19.933,-0.0557002574800691,3.42809695148472,-6.33816485486914,1757855555.55556
St. Lucia,lc,2017,0.104262078958441,1998518518.51852,11333.1963940441,19.136,3.45699485015136,3.38137472283815,-1.90841389356262,1881318518.51852
St. Lucia,lc,2018,1.93561893150602,2060962962.96296,11642.7403185172,19.329,0.23165307635287,2.88619765184433,1.47239112952094,1958662962.96296
St. Lucia,lc,2019,0.539087559191757,2095370370.37037,11794.2056521711,15.613,2.38707108730274,-0.700859001545481,3.32562257180734,1970270370.37037
St. Lucia,lc,2020,-1.75580833517594,1499296296.2963,8411.19941821204,25.224,-5.4020373519996,-24.3611553496453,-18.939337862207,1463896296.2963
St. Lucia,lc,2021,2.41070312174393,1867185185.18518,10459.1321248092,20.514,11.593212114006,11.5994736212466,-11.29638136232,1792085185.18518
St. Lucia,lc,2022,6.37814695133351,2342703703.7037,13103.7621654634,15.934,4.22003570092014,20.3867675749845,-3.56176856433687,2145903703.7037
St. Lucia,lc,2023,4.07060821926204,2430148148.14815,13554.6651875402,11.092,1.48963461512095,2.21007265992306,-1.56654093638553,2214748148.14815
Liechtenstein,li,2010,,5082337238.44718,141089.812849014,,,,,4285908797.1495
Liechtenstein,li,2011,,5739706004.89616,158066.369379163,,,,,4532105463.48033
Liechtenstein,li,2012,,5456102482.28614,148842.035144342,,,,,3807892637.60499
Liechtenstein,li,2013,,6391708310.67727,172823.607794648,,,,,5110561611.55848
Liechtenstein,li,2014,,6657526979.72277,178735.153020908,,,,,5374223244.85811
Liechtenstein,li,2015,,6268515276.17441,167187.15730982,,,,,5162508403.6364
Liechtenstein,li,2016,,6237302033.50132,165375.491396259,,,,,5985930500.89609
Liechtenstein,li,2017,,6474308717.85289,170547.092298954,,,,,6748709241.06218
Liechtenstein,li,2018,,6692620691.84146,174988.775083446,,,,,6917596481.37865
Liechtenstein,li,2019,,6436467007.11932,166907.839305016,,,,,6269829689.81912
Liechtenstein,li,2020,,6405870210.32293,164671.093553454,,,,,6866331075.94249
Liechtenstein,li,2021,,7710380085.92257,196783.729414593,,,,,7098789073.87021
Liechtenstein,li,2022,,7361504432.19331,186400.23376784,,,,,
Liechtenstein,li,2023,,,,,,,,
Sri Lanka,lk,2010,6.2176488930462,58636161081.712,2808.36779237408,4.784,26.9348761761573,8.01596737040464,-1.83339082942674,58019026505.0527
Sri Lanka,lk,2011,6.7167684358854,67753284043.9282,3224.95736331928,4.118,3.97992934293185,8.66948301160571,-6.81209784164494,67101713795.8986
Sri Lanka,lk,2012,7.54291373239437,70447216891.3366,3327.77612404326,3.88,10.4634471767858,8.63218138024038,-5.69099820826854,69233385160.8634
Sri Lanka,lk,2013,6.90845034828452,77000578167.353,3740.61589348326,4.186,6.25288525916727,4.05174632926911,-3.29942347704936,75248910875.4524
Sri Lanka,lk,2014,3.1790022823606,82528535713.926,3971.91913148166,4.157,1.92062881101653,6.37797889289399,-2.40848114779964,80720442913.0281
Sri Lanka,lk,2015,3.76836783062096,85140955388.8509,4060.13139670248,4.519,3.01438079835941,4.2059554759927,-2.21136123658296,83118677957.8894
Sri Lanka,lk,2016,3.9588884659307,88012282205.8357,4149.76105454457,4.242,5.44322171526078,5.05362489256818,-1.97972336537526,85816595299.7365
Sri Lanka,lk,2017,7.70413767850602,94376237797.2367,4401.05567045499,4.046,5.47284529470402,6.4606812707036,-2.44658578991858,92061614515.9046
Sri Lanka,lk,2018,2.135037737132,94493871200.7869,4360.58473469252,4.318,4.29530620201848,2.31008425192161,-2.96215302641473,92095811316.3413
Sri Lanka,lk,2019,3.52839358231811,89014978344.1404,4082.69404871533,4.67,3.8705276117724,-0.220483886072614,-2.07088768368178,86545573251.9399
Sri Lanka,lk,2020,6.15394508391738,84304298770.5329,3846.17449566736,5.364,3.1043067536519,-4.62451503662909,-1.40813715376196,82024773617.0515
Sri Lanka,lk,2021,7.01478071238195,88609324901.9774,3999.33764677637,4.981,8.02109017405199,4.2074764951157,-3.7064634239359,86619332546.1363
Sri Lanka,lk,2022,49.7211021114327,74144870023.4244,3342.71989646203,4.528,47.4637415221157,-7.34679123599076,-1.95354537364034,72199977445.7357
Sri Lanka,lk,2023,16.5411742279832,84356863743.6335,3827.96495637489,5.997,17.5191628455588,-2.29801056186895,1.84799342605644,81623429815.1851
Lesotho,ls,2010,-2.40524254598706,2234754241.91918,1119.47557793042,16.113,5.33711013720971,5.26967078056286,-11.0020417569816,2872100467.22588
Lesotho,ls,2011,5.0366305210156,2579409619.96722,1280.73390931581,16.157,9.42640700324388,4.61641394528752,-11.8566683946226,3089102150.16736
Lesotho,ls,2012,6.05143662139967,2477702216.26888,1217.93071228944,15.813,2.18204801752952,6.33408374679448,-18.765252030753,2892666013.15149
Lesotho,ls,2013,4.86511899496385,2367112931.642,1151.03735837227,15.97,10.2798956437383,1.79252555575545,-10.7579867652524,2718881337.31294
Lesotho,ls,2014,5.37028961008587,2441063054.05792,1173.5377928819,16.104,14.0351521545479,1.71054990545476,-8.42016664486882,2719632972.79486
Lesotho,ls,2015,3.21844513655931,2359686724.53829,1121.19851342518,16.254,10.2030391854904,3.12406678044546,-5.73228396984582,2639103769.74372
Lesotho,ls,2016,6.59650490696543,2114426452.2019,992.491840678465,16.17,-0.292451232749613,3.60890731687714,-10.5017567713342,2400601096.79311
Lesotho,ls,2017,4.447699373763,2306741672.29006,1069.36673247542,16.401,2.01891023820184,-3.13817493733471,-9.01074725417763,2620025914.52694
Lesotho,ls,2018,4.7518030162474,2556247291.99785,1170.65569702819,16.625,11.7230687269439,-1.48063315848241,-5.62372777156263,3042775635.89218
Lesotho,ls,2019,5.18708359197982,2390702295.82777,1082.05706777516,16.876,3.57545446932066,-1.41799383085205,-7.45753439541607,2852674377.63294
Lesotho,ls,2020,4.97809676252309,2053699870.07191,918.582577421982,18.399,6.54820559883913,-8.15595879914267,-5.89018409974701,2441757550.00044
Lesotho,ls,2021,6.04774591950676,2412130056.55851,1066.58645143823,18.23,3.12378106466741,2.26671067006538,-8.12794759731639,2813524924.21853
Lesotho,ls,2022,8.27180389943028,2354683088.71995,1029.99553333827,16.688,5.53005469308407,2.38778020186284,-11.4187592679775,2827049713.28265
Lesotho,ls,2023,6.34221743124953,2117962450.79469,916.282979328622,16.457,-0.368097835928623,1.82662525852363,-6.99085047562451,2576299023.47091
Lithuania,lt,2010,1.31921362055463,36638128534.0643,11829.122609457,17.814,2.12172204937997,0.427199033691366,0.197960453991681,36887284560.476
Lithuania,lt,2011,4.13027562645085,43186501862.7907,14261.8433787325,15.39,5.62227829514424,6.32363739804052,-3.68690525403636,42261715400.6605
Lithuania,lt,2012,3.08998277055417,42709372066.8627,14294.7178607152,13.365,2.50518117512286,4.38290559620856,-1.606838534778,41584616578.1745
Lithuania,lt,2013,1.04747937065344,46303660422.0434,15655.3513307327,11.77,0.833826421712175,4.04691435091311,1.70747298429575,45495776757.2547
Lithuania,lt,2014,0.103758009433708,48306546656.9281,16473.5678231709,10.698,0.609193063395622,3.77254131499667,3.54699194706827,47960568992.3636
Lithuania,lt,2015,-0.884097405500596,41540954817.2039,14300.2553666736,9.12,-0.0022548670453801,2.83280857741104,-2.51745557937896,39940688841.875
Lithuania,lt,2016,0.905525075460342,42970749245.0336,14981.6208126311,7.862,0.987474343866324,2.67192019895775,-1.01460897973493,41513241212.6196
Lithuania,lt,2017,3.72288862303707,47756764508.446,16884.7100319318,7.073,4.09579148864047,4.61224314600778,1.08697261761581,46031954861.7177
Lithuania,lt,2018,2.69792779208394,54261795148.5372,19368.5391045353,6.147,3.5930097078956,4.9183697945524,0.309996924920131,52084496480.7654
Lithuania,lt,2019,2.33450937988027,55122066225.796,19727.7607453736,6.255,2.3758604116648,4.67735155796807,3.73752991159912,52901803474.7058
Lithuania,lt,2020,1.19989444983569,57412038533.2718,20541.824988603,8.487,2.03874603854945,0.0428140173486753,7.22470104088845,55325495240.9729
Lithuania,lt,2021,4.68354420903453,67037321008.9679,23934.728489916,7.112,5.99976586948216,6.38001676204321,1.46940668521304,64252038543.154
Lithuania,lt,2022,19.7050461518394,71033884499.7824,25085.784063499,5.955,16.0665436484411,2.53752500887173,-6.08497389220301,68451885058.5839
Lithuania,lt,2023,9.11731962390475,79789877416.1681,27786.0057829276,6.841,9.02175581692678,0.34226255222913,1.10087710830163,76751468656.0277
Luxembourg,lu,2010,2.2736791162154,56213985987.4168,110885.991378721,4.423,4.64841846238745,3.76041359255095,5.81430386608805,38203044611.6667
Luxembourg,lu,2011,3.41068341068342,61696281326.2453,119025.057203467,5.122,3.44946167967612,1.04429869455731,5.62953573207791,42768242732.4904
Luxembourg,lu,2012,2.66284165508021,59776383527.3602,112584.676270958,5.03,3.26597731840673,1.64990202978652,5.2554249641521,45915520597.7344
Luxembourg,lu,2013,1.73403963519162,65203276466.9763,120000.140729859,6.045,2.27602449452651,3.17179049916005,5.20354851275535,46779637636.2746
Luxembourg,lu,2014,0.628543985440717,68804811897.6445,123678.702143275,6.044,2.79670220085781,2.62308601577192,4.92857348332843,49979926556.9018
Luxembourg,lu,2015,0.474743161437779,60071584216.1375,105462.012584423,6.796,2.21918065733098,2.26978448419565,5.62139533101291,38657980989.0234
Luxembourg,lu,2016,0.290833333333317,62216885435.9488,106899.293549552,6.669,-1.1076169264046,4.97819043681629,7.41517069613731,41225831605.5643
Luxembourg,lu,2017,1.73079959118887,65712180342.9836,110193.213797228,5.523,2.14290399690169,1.31718766293677,6.18033427082303,47031112675.0589
Luxembourg,lu,2018,1.5281952430738,71000359760.4611,116786.511654677,5.589,2.11133910459871,1.21932191856359,8.3299045617089,50751283867.9215
Luxembourg,lu,2019,1.74332075653848,69890505323.5842,112726.439672814,5.592,0.900736076793322,2.9158479150005,8.61852198736833,47877349992.9411
Luxembourg,lu,2020,0.819957302127036,73699366700.2134,116905.370396853,6.766,4.3010148081047,-0.909829798886719,5.09743603704197,51783516552.218
Luxembourg,lu,2021,2.52692009066166,85584105993.8746,133711.794435985,5.571,4.64389231812459,7.16840198697749,6.53591622323811,58630447829.0688
Luxembourg,lu,2022,6.33600807777919,81641807865.7591,125006.021815486,4.588,5.68354663317177,1.38018589083207,9.19738675468933,54993885553.5022
Luxembourg,lu,2023,3.74140361983136,85755006123.5976,128678.189942826,5.184,3.43002456230172,-1.09572361576994,11.4985644113655,55813004025.6441
Latvia,lv,2010,-1.08463595015162,23468324572.3343,11188.4191700977,19.482,-0.483860816729177,-3.6612590805494,1.75850166439734,24196595119.0757
Latvia,lv,2011,4.3707355993922,26575547900.8247,12902.574053337,16.206,4.7081060032657,3.03634590339776,-3.55024462389465,27444998699.8034
Latvia,lv,2012,2.25778924374595,27116149948.6683,13329.3499931271,15.047,2.87856740673018,7.30524045527754,-3.86974112964083,27972506725.584
Latvia,lv,2013,-0.0294547782579216,29152128167.8438,14484.4715282132,11.867,1.90052883350897,2.09609114087881,-2.8855289884358,30136848287.9397
Latvia,lv,2014,0.620490636732421,30277203767.4058,15185.814581236,10.846,1.66994936442666,2.09495959586268,-1.54126838976541,31426977355.7034
Latvia,lv,2015,0.174242243625186,26344565876.8902,13321.9753140616,9.873,0.386889189160144,3.78336528957813,-0.126358311809163,27135722905.2695
Latvia,lv,2016,0.140633334505327,27117105059.5075,13838.5266823272,9.643,0.607930746358676,2.55168585354701,1.75657365769608,28043520978.3806
Latvia,lv,2017,2.93036312374665,29391059767.4259,15132.4958333982,8.715,2.7092393048564,3.39894937779009,1.53282603585066,30407324342.8224
Latvia,lv,2018,2.53445424186598,33247935477.3576,17252.1710428626,7.412,3.74028070418355,4.30971088766286,-0.384114199278582,33883344508.4941
Latvia,lv,2019,2.81140920075615,33099503950.847,17294.9751600969,6.312,4.31637930930459,0.675375256812075,-0.173662933662394,33726980608.3372
Latvia,lv,2020,0.219064904842156,33379927434.6149,17564.2321549354,8.098,2.39332868457409,-3.46922915339618,3.09270300452461,34385289591.9083
Latvia,lv,2021,3.27582937431156,38185125732.9451,20262.8433862451,7.513,3.29767842276085,6.94723316214511,-4.13624329026991,38710728430.3017
Latvia,lv,2022,17.3102830198815,38018905782.397,20229.4613617326,6.815,9.83594135273617,1.8126824022841,-5.4769655564334,40324774809.7044
Latvia,lv,2023,8.93804623316637,42247850064.5125,22502.8429938094,6.465,6.4069165256975,1.70679524969924,-3.93603588100191,43719961550.3251
"Macao SAR, China",mo,2010,2.80947242060845,28241798491.593,52591.8035225196,2.84,4.7905562312904,25.1228085339326,38.9198611748692,24909546941.8038
"Macao SAR, China",mo,2011,5.80624616691043,36845888757.1886,67041.2823092952,2.56,7.49060388153396,21.6166895972092,40.3805212331346,31539441231.7565
"Macao SAR, China",mo,2012,6.10738928336549,43189721376.9846,76051.6312325843,1.97,6.92096918438956,9.24222773401999,38.8337558786495,36351882835.5526
"Macao SAR, China",mo,2013,5.50057779178484,51536595089.2793,87069.767003344,1.82,7.73261911978639,10.7528722060579,39.3349948333647,42782549812.2165
"Macao SAR, China",mo,2014,6.04823452094085,54902831793.5018,88310.8119567344,1.67,8.73070232803828,-2.0484652159965,32.7057408345899,46126611952.8056
"Macao SAR, China",mo,2015,4.56056338028164,45048190598.3249,70070.2918001631,1.81,4.51399333539446,-21.5143587490514,23.3424523380083,40245123331.8639
"Macao SAR, China",mo,2016,2.36895749705898,45070808688.9611,69074.0363049212,1.939,0.86178191435755,-0.679119307700333,26.523420918983,40643927303.146
"Macao SAR, China",mo,2017,1.22812404052816,50383871120.8733,77704.9215312666,1.987,2.14882373928637,9.86012194497106,30.7652133101259,44837684420.9214
"Macao SAR, China",mo,2018,3.00446293166938,55190661339.7796,83761.8171798142,1.834,3.54276529954534,6.40536532129433,32.8784909153601,48800564682.0746
"Macao SAR, China",mo,2019,2.75193081051982,55082293844.1008,81967.699172769,1.749,2.40354630876251,-2.56346757368024,33.5424094908753,48730916538.9376
"Macao SAR, China",mo,2020,0.811410511491651,25343525935.8358,36976.2561071429,2.566,-0.257671744441836,-54.3361546022371,14.8052095304859,30051600550.8532
"Macao SAR, China",mo,2021,0.0264543647054126,30969334705.0515,45376.314586156,2.229,-0.878982907915272,23.535988887849,8.73438488550019,30858573796.2199
"Macao SAR, China",mo,2022,1.04502802369954,24999113475.8368,36909.9564090312,2.482,1.16083024773521,-19.6093363742205,13.9036281389184,29756251731.2019
"Macao SAR, China",mo,2023,0.476384495788075,45803067940.4072,67476.5290813306,2.235,4.63616686120965,75.0613769262435,31.3945625415819,
St. Martin (French part),mf,2010,,,,,,,,
St. Martin (French part),mf,2011,,775875748.523832,20930.5821177758,,,,,
St. Martin (French part),mf,2012,,,,,,,,
St. Martin (French part),mf,2013,,,,,,,,
St. Martin (French part),mf,2014,,772921958.529509,20638.7705882379,,,,,
St. Martin (French part),mf,2015,,,,,,1.0,,
St. Martin (French part),mf,2016,,,,,,5.0,,
St. Martin (French part),mf,2017,,,,,,-8.00000324038295,,
St. Martin (French part),mf,2018,,,,,,-7.99999506898229,,
St. Martin (French part),mf,2019,,652206037.103874,19033.0649634889,,,6.50000363700821,,
St. Martin (French part),mf,2020,,,,,,-12.500002246731,,
St. Martin (French part),mf,2021,,649206262.847519,21668.3776525323,,,4.89999967133534,,
St. Martin (French part),mf,2022,,,,,,,,
St. Martin (French part),mf,2023,,,,,,,,
Morocco,ma,2010,0.993557401226392,100865329473.44,3067.9853515625,9.09,0.647501047462967,3.49955709403216,-3.89149487244855,99581285619.2078
Morocco,ma,2011,0.9069249096918,110080631332.375,3301.98876953125,8.91,-0.598844907171141,5.52464523319847,-7.26703537698178,108370716160.633
Morocco,ma,2012,1.28712240079219,106937392311.129,3164.17724609375,8.99,0.533172461926384,3.06234368502997,-8.95034696939186,104953373174.425
Morocco,ma,2013,1.88065466724086,115739287305.08,3379.7431640625,9.23,1.26026248256035,4.12221286860944,-6.77731894447504,114282741689.255
Morocco,ma,2014,0.442310053557048,119130841411.664,3435.40698242188,9.7,0.215437762428678,2.7192440802029,-5.53783287947429,116737884764.791
Morocco,ma,2015,1.5579071134626,110413823841.592,3146.24780273438,9.46,3.17293530967125,4.34458297635238,-1.95690775142638,108703008127.117
Morocco,ma,2016,1.63531114327064,111572947004.917,3140.85546875,9.3,0.969883868049919,0.52118550608968,-3.74613174513,110026167792.814
Morocco,ma,2017,0.754663249323619,118540573367.844,3296.52661132813,9.223,-0.0608910142931904,5.05789816173446,-3.10210665362038,116714427716.555
Morocco,ma,2018,1.80391671141896,127341147581.818,3501.69799804688,9.271,0.939181637531973,3.06564133025955,-4.87290163435469,125425336311.069
Morocco,ma,2019,0.303386036590383,128920266409.458,3508.09765625,9.194,0.816805456485284,2.89097476137077,-3.4182057355437,126978615953.539
Morocco,ma,2020,0.705968661338261,121353645057.144,3268.0302734375,11.223,0.142417962079094,-7.17820744246774,-1.1275993199651,120193575825.745
Morocco,ma,2021,1.40195883962006,142022058447.231,3785.93627929688,10.576,2.41520355664963,8.15473889823681,-2.35786783699057,140063329923.044
Morocco,ma,2022,6.65704202759067,130951926351.241,3455.39624023438,9.494,2.66186120617975,1.52720357976111,-3.66568548335361,129037582204.306
Morocco,ma,2023,6.09114152504141,144417103249.646,3771.4462890625,9.044,6.36094888191869,3.40334130078834,-0.617116657998831,142354111742.215
Monaco,mc,2010,,5367561569.59548,161853.920622244,,1.06946196046083,2.06521962654098,,
Monaco,mc,2011,,6088689808.38347,179363.984221513,,0.948018995559892,7.02235694617619,,
Monaco,mc,2012,,5742749294.00852,165444.651378771,,1.16156649694202,1.01221841230461,,
Monaco,mc,2013,,6555591709.88585,184940.663804718,,0.778354745078474,9.57709832354816,,
Monaco,mc,2014,,7070017323.65476,195693.570738894,,0.58684116777053,7.18702777537968,,
Monaco,mc,2015,,6264756528.37691,170437.101188261,,1.13341345923507,4.91037176536236,,
Monaco,mc,2016,,6471290793.55029,173604.753555915,,0.516331732930951,3.00844358752744,,
Monaco,mc,2017,,6430254652.58934,170663.375247872,,0.587452398663714,-3.20618323813213,,
Monaco,mc,2018,,7184333936.01355,188298.315668437,,1.1147767446366,5.69790121192926,,
Monaco,mc,2019,,7383496254.23721,193746.785647412,,1.20921163106718,7.12088951975396,,
Monaco,mc,2020,,6730736282.78961,176891.886538492,,2.97930407095748,-13.2391048292108,,
Monaco,mc,2021,,8623242743.29564,223823.363960226,,1.22173013647281,22.2322155851208,,
Monaco,mc,2022,,8800430486.17137,226052.001905201,,3.22095286767355,11.0469394271752,,
Monaco,mc,2023,,9995350547.12166,256580.515122745,,5.30290144286643,5.04338259195359,,
Moldova,md,2010,7.4838508635085,6974982369.60155,2436.79935102421,2.937,33.3049320977984,7.10000010705836,-6.90279523078091,7480581273.20622
Moldova,md,2011,7.6872510335619,8414352020.49442,2941.36224066021,2.648,8.19079859862242,5.81816614684824,-10.1250094571942,8991792743.46916
Moldova,md,2012,4.54633427355292,8709138634.82921,3044.8084324815,2.151,7.42422201997522,-0.589733954762579,-7.39016827021289,9519279677.54776
Moldova,md,2013,4.59787897363118,9496717875.51932,3321.04397795719,1.873,3.92385122182326,9.0438656074181,-5.16294162285186,10391128071.4427
Moldova,md,2014,5.08878554625879,9402090137.7423,3289.95758568777,1.425,5.14320721702923,4.99962585407656,-6.04440067766107,10224420143.5917
Moldova,md,2015,9.67624033101868,7797667196.73087,2749.55137054338,1.742,11.5743149591168,-0.338235622387202,-5.93562136370789,8247147199.75981
Moldova,md,2016,6.35930898037931,7980917075.7748,2847.08794770479,1.557,3.5508738308871,4.64601436259409,-3.61387040187985,8426887067.08369
Moldova,md,2017,6.57022997455604,9514404016.20949,3453.26727720294,1.586,6.25246649143298,4.17561205106279,-5.8373598499054,10070244015.4311
Moldova,md,2018,3.04505397337058,11252353420.8798,4156.44981956646,1.196,3.21103213223728,4.07559546585034,-10.7699247852566,11788143412.4832
Moldova,md,2019,4.83778351428722,11736797054.6965,4405.33418162155,1.466,5.35171200346649,3.5523140853476,-9.42148010949479,12351757049.22
Moldova,md,2020,3.76597122245358,11530746234.4492,4375.7788930524,1.186,5.57500940096507,-8.27597831976949,-7.6900486921726,11920936240.3002
Moldova,md,2021,5.10641129002836,13691869264.0794,5274.60582195352,0.785,6.38172855134019,13.9299997889786,-12.4095546577967,13958389264.1744
Moldova,md,2022,28.7372976766236,14510490660.2516,5738.42473515618,0.897,19.2532036308322,-5.01548231924089,-17.1069335842635,14570210660.9501
Moldova,md,2023,13.41701043813,16539436547.295,6729.41286813969,1.555,8.70839048786753,0.78324270969388,-11.4467623766158,16806186549.4146
Madagascar,mg,2010,9.24732173644116,9982711338.07029,450.009391645726,4.28,10.2185410293303,0.619239744622121,-8.94853617133511,9803373258.6904
Madagascar,mg,2011,9.48254048582992,11551819617.874,506.163691559309,2.512,10.3861871358875,1.57842705366555,-6.7277511440997,11339961188.9187
Madagascar,mg,2012,5.71384434191053,11578975061.9479,493.511162904211,0.599,5.46617486333369,3.01114811621208,-7.46271017824129,11207841557.6231
Madagascar,mg,2013,5.8264294445198,12423555455.3853,515.301589361832,0.996,5.4523024549118,2.30037622800727,-6.50549854289754,12000180962.1806
Madagascar,mg,2014,6.08040811088302,12522957399.2281,505.684922503435,1.386,6.7317708095171,3.33920311195367,-0.649123766588139,12173057216.3084
Madagascar,mg,2015,7.40419174202129,11323020701.3017,445.320069480568,1.785,6.5037166915161,3.13229807490305,-2.25941841339224,10894778487.7487
Madagascar,mg,2016,6.03575858154679,11848613858.442,453.970714522463,1.947,8.96008072992041,3.99314606199499,0.378142575318561,11379471782.2222
Madagascar,mg,2017,8.60905075422949,13176313593.5509,491.866848718929,2.119,4.96153975601543,3.93330759462793,-0.228589799383039,12760046042.0203
Madagascar,mg,2018,8.59422958870476,13760033282.2925,500.45718552916,2.297,8.29799331094843,3.19435651744398,0.712560880258365,13299570422.2112
Madagascar,mg,2019,5.61051441492365,14104664678.5063,499.818837622534,2.469,6.52209064077279,4.41123212909589,-2.13564971662682,13612309667.8372
Madagascar,mg,2020,4.20179312190557,13051441203.9474,450.771615201509,3.284,4.31114513583488,-7.13767162064489,-4.7784229274215,12717776244.3308
Madagascar,mg,2021,5.81225118787715,14554754116.5427,490.206238571448,3.487,6.64074341609775,5.73961573854336,-4.96025397424559,14294802412.8899
Madagascar,mg,2022,8.16059031991844,15134700203.0497,497.242514792961,3.186,6.93296643519818,3.99999999869678,-5.47996370230454,14765327495.3101
Madagascar,mg,2023,9.87432675044888,15790113246.7478,506.159368687808,3.069,8.69367544716614,3.80000000009488,,15444839759.942
Maldives,mv,2010,6.14988536750173,2588176054.6875,7173.59601844692,10.881,3.29537815566177,6.83547135623688,-7.57604640472633,2276923140.625
Maldives,mv,2011,11.2734146055937,2774350240.04918,7424.520410971,10.06,12.628798047821,8.57269912813135,-13.8208553363039,2479686376.01075
Maldives,mv,2012,10.884695658563,2886163997.20531,7461.29703686309,9.14,6.9372127595247,2.36374748850361,-6.3922910977274,2614016252.04566
Maldives,mv,2013,3.8056300091943,3295009237.50107,8236.08177944126,8.3,6.74659962921251,6.96324663194412,-3.86626742586717,2931310319.51537
Maldives,mv,2014,2.12000175718134,3697353039.20043,8939.07416571472,7.477,4.18319658900101,7.80109480695134,-3.18665825232612,3342254340.1684
Maldives,mv,2015,0.953206658777607,4129505319.12921,9644.90655028145,6.604,7.32344910852898,3.97171570327362,-7.30588031911147,3797041805.22989
Maldives,mv,2016,0.502509413611612,4409942623.85538,9947.80744731739,5.771,0.218876276141572,6.57223606622583,-23.4109557277276,4057032049.12311
Maldives,mv,2017,2.81747338234509,4816426256.52914,10509.628805812,5.401,2.14358292337704,7.05453901381581,-21.267761433937,4440841844.81037
Maldives,mv,2018,-0.133373386117595,5404344162.69888,11423.2838427029,4.95,3.28221513262272,8.66800624215867,-27.8019976962882,4911943788.37226
Maldives,mv,2019,0.220029731065383,5726094799.37709,11740.2724029785,4.562,-1.30973757371325,7.29833574515027,-25.8168822522057,5166269608.4174
Maldives,mv,2020,-1.36977425569811,3712604583.36665,7393.8886543933,5.434,-3.36532461650745,-32.9088287752921,-35.7483018974442,3406811511.66321
Maldives,mv,2021,0.543149688737013,5252457369.55218,10176.143882547,5.024,2.82866184194621,37.507870124321,-8.63308174559145,4717186260.99335
Maldives,mv,2022,2.33314337624567,6177118113.94637,11786.0091545343,4.419,3.41292623420735,13.8260895184139,-16.8682109628804,5465634068.5498
Maldives,mv,2023,2.92746542425035,6590894301.9579,12530.3602359683,4.241,1.88425407158763,4.72639189000989,-21.2217011499484,5819886403.88635
Mexico,mx,2010,4.15672722680174,1105424238731.09,9728.80078377082,5.303,4.37296440049234,4.9713345832195,-0.339592498650935,1093237575189.89
Mexico,mx,2011,3.40737824605742,1229013703416.76,10664.4944032313,5.175,5.66963367375268,3.44404505794418,-0.857892612318958,1210622838008.34
Mexico,mx,2012,4.11150981070289,1255110424817.79,10744.1335242686,4.892,4.54221493776905,3.55321075993527,-1.40984864750597,1228761368842.97
Mexico,mx,2013,3.80639069747204,1327436290282.67,11216.8008505428,4.921,1.70388278647849,0.852101559410627,-2.39396960197863,1288984391393.29
Mexico,mx,2014,4.01861608078679,1364507717614.13,11391.3773497683,4.819,4.36836891312464,2.50376350288664,-1.82131927662925,1332054399903.7
Mexico,mx,2015,2.72064064964023,1213294467716.88,10021.2386118827,4.311,3.22542892692515,2.70232342550646,-2.59917628210589,1182962837135.44
Mexico,mx,2016,2.8217078474766,1112233497452.7,9097.92397674769,3.853,6.07758782303863,1.77249323845399,-2.27311198277187,1083159760755.14
Mexico,mx,2017,6.04145724018986,1190721475906.0,9649.27816772402,3.419,6.56759492961866,1.87172853327193,-1.79746290774801,1160558920059.09
Mexico,mx,2018,4.89935015356551,1256300182879.73,10084.7937562021,3.275,5.20449997011548,1.97208210249194,-2.06414074457574,1223821716221.84
Mexico,mx,2019,3.63596142127046,1304106203694.81,10369.5553568761,3.477,4.31901022867262,-0.392690521579212,-0.296844402091808,1267424146058.02
Mexico,mx,2020,3.39683415570006,1121064767261.88,8841.27075003163,4.44,4.61979011759097,-8.3540345574586,2.39997618948584,1085047504590.05
Mexico,mx,2021,5.68920847683753,1316569466932.59,10314.0506741437,4.019,4.48797277024499,6.04848344290505,-0.341323111758756,1282549137527.22
Mexico,mx,2022,7.8962761916855,1464312692331.58,11385.4070757929,3.256,6.49719200406193,3.68911109348025,-1.20188858644509,1430370469535.23
Mexico,mx,2023,5.52796087314389,1789114434843.46,13790.0243428344,2.765,4.45991367594138,3.19998116598492,-0.306117545828148,1744482317669.68
Marshall Islands,mh,2010,,161100000.0,3095.45768964722,,0.955505038419616,5.53918680023571,-8.90157593664854,197400000.0
Marshall Islands,mh,2011,,172300000.0,3319.39815439151,,7.49236624469398,-0.502512562814076,-3.35417720964158,208500000.0
Marshall Islands,mh,2012,,180700000.0,3514.26515490383,,6.2465252080586,-1.29068462401796,-10.853093241824,209200000.0
Marshall Islands,mh,2013,,186400000.0,3677.90690791421,,-0.630564720016054,3.80898237635019,-15.5136760481559,221800000.0
Marshall Islands,mh,2014,,186000000.0,3735.23977829545,,1.05832196696491,-1.25958378970427,-2.6233164365833,227700000.0
Marshall Islands,mh,2015,,183700000.0,3764.34426229508,,-3.06451612903226,1.88574597892401,-3.82810868960235,242200000.0
Marshall Islands,mh,2016,,201800000.0,4229.80988911945,,7.16941051513543,2.5040827436037,-8.03419828647661,255400000.0
Marshall Islands,mh,2017,,213700000.0,4592.83457628576,,2.25841782928005,3.55815188528943,6.04608391648484,261200000.0
Marshall Islands,mh,2018,,220000000.0,4858.12079054875,,-2.40704270817953,5.48717948717949,24.1051166048242,267900000.0
Marshall Islands,mh,2019,,232900000.0,5292.33985502306,,-4.15426936619718,10.4521147301896,36.9827881728596,282600000.0
Marshall Islands,mh,2020,,241800000.0,5661.96787336674,,6.78233643895216,-2.77288732394366,37.3371142778297,287200000.0
Marshall Islands,mh,2021,,258900000.0,6258.61193705127,,5.77905201152358,1.22227252150293,29.4564732703934,283800000.0
Marshall Islands,mh,2022,,253400000.0,6322.82855503156,,-1.01768275096303,-1.11806797853311,,291100000.0
Marshall Islands,mh,2023,,259300000.0,6678.34239060448,,6.51974948608529,-3.93487109905021,,309800000.0
North Macedonia,mk,2010,1.50997522027621,9407170321.37752,4833.36586759968,33.135,2.04128302301487,3.35875085773812,-2.10791254447937,9276086270.28465
North Macedonia,mk,2011,3.9047542206973,10494626767.6445,5416.86672931659,31.502,3.72217234010574,2.33988604520331,-2.49367551945885,10307350188.4715
North Macedonia,mk,2012,3.31605566687647,9745261300.57788,5049.8265386157,31.096,1.00299826672435,-0.456183223607937,-3.27478423718895,9534185814.44031
North Macedonia,mk,2013,2.78500056726118,10817702346.0674,5626.26115664893,29.017,4.48329315377931,2.92525766450484,-1.63764033882168,10561387533.2571
North Macedonia,mk,2014,-0.281705032928494,11362265252.778,5925.38592218015,28.215,1.44696785759902,3.62912351276373,-0.481713137157683,11149662118.4457
North Macedonia,mk,2015,-0.299920475631552,10064519962.5655,5262.68671928674,26.395,2.00342084578241,3.85586514041738,-1.71222694530355,9747431783.18268
North Macedonia,mk,2016,-0.23929078768441,10672467073.2873,5598.48622617967,24.312,3.46525285653088,2.84820519363306,-2.66389921940311,10247925155.7349
North Macedonia,mk,2017,1.35161889677442,11307067069.6658,5955.2973863451,22.857,2.80702703539038,1.08177273813243,-0.586294696197347,10859414347.1733
North Macedonia,mk,2018,1.45831298507117,12683068114.2388,6713.98925398989,21.208,3.92615528936682,2.88059670964267,0.143273398779884,12150990659.4701
North Macedonia,mk,2019,0.766439573459716,12606338448.547,6718.85826635458,17.414,0.86816868476069,3.91041953840173,-2.98648910497823,12024667114.9758
North Macedonia,mk,2020,1.20007348888487,12361036913.8409,6659.59651070776,16.575,1.37428071825137,-4.68845000956652,-2.91596537662612,11892343875.3738
North Macedonia,mk,2021,3.23074912132919,14000283827.0154,7620.80296977508,15.801,4.28552531461972,4.51067949038222,-2.67744223538636,13385879515.7774
North Macedonia,mk,2022,14.2047173195833,13932436550.0883,7606.2375253797,14.476,8.87368732523663,2.75888415332967,-6.23699171036603,13334444854.3316
North Macedonia,mk,2023,9.36187249769016,15763621848.115,8624.29360948531,13.174,7.76646685488322,2.07274977880975,0.358884359072908,14961106563.4281
Mali,ml,2010,1.10892690670187,10689168016.2613,670.369098976461,1.405,4.36499973505229,5.31393527895875,-11.1430666856707,10269428513.0978
Mali,ml,2011,2.95564395229391,12995112690.2596,789.06272549554,1.422,12.1828901287918,3.21313378044307,-5.05796197481615,12532791363.7248
Mali,ml,2012,5.32312847064058,12442035339.1049,733.738935290444,1.482,4.60540762762535,-0.83673463153076,-2.19137218098702,11981790282.0746
Mali,ml,2013,-0.606736356351471,13242690786.0938,758.475532598732,1.516,0.652631802447871,2.29506828962617,-2.83017478710356,12810032272.8733
Mali,ml,2014,0.883814547137841,14364937124.0727,797.154510755732,1.474,1.26864344003421,7.08468388056527,-4.71102385314756,13980007389.4599
Mali,ml,2015,1.45069057605961,13104764378.326,704.821646439506,1.401,2.88350937506129,6.17180002424978,-5.32405567352504,12808995432.8001
Mali,ml,2016,-1.79964707083386,14026048335.7047,730.85493818079,1.367,1.35112231370481,5.85229919941415,-7.24251138198572,13651410705.5837
Mali,ml,2017,1.75985742927156,15365713048.1993,775.536492065709,1.494,1.93427321118722,5.30545608438166,-7.89367012414417,14864816778.5873
Mali,ml,2018,0.299546507387934,17070867589.9055,835.086710561793,1.62,1.4579639111606,4.74648432724561,-4.89872553380078,16560622892.2968
Mali,ml,2019,-1.65826694846365,17280250810.0321,820.197390833912,3.29,1.93054206895806,4.75616080770808,-7.45796271471238,16584807149.3751
Mali,ml,2020,0.438088940320668,17465392764.3706,804.343956745857,3.528,0.532340181509667,-1.235450447077,-2.17391657299105,16726618026.267
Mali,ml,2021,3.92560283104276,19309463508.0377,862.467400106111,3.966,3.3589739985495,3.05261356942125,-7.6051876049087,18419319470.4693
Mali,ml,2022,9.62147608489072,18780322203.7584,813.965034073188,2.387,5.72783445978014,3.47495171106735,-7.85624060016223,17997835632.0586
Mali,ml,2023,2.05880228274214,20661794596.0873,869.270234286992,2.956,2.22593321089587,4.65677599093294,-7.79375130462375,19697353849.2482
Malta,mt,2010,1.51563513618532,9097044160.9473,21946.6069676515,6.847,2.76562816918006,6.1973451691119,-4.61361469945718,8562471289.61738
Malta,mt,2011,2.9629852819288,9789361703.69731,23516.9691249323,6.378,1.48287290300655,0.991963675296375,-0.132890972924924,9386251622.32362
Malta,mt,2012,2.37582057760386,9609532088.88683,22878.313086001,6.197,2.1597395797348,4.10259030296838,1.57359476452895,9144219499.75461
Malta,mt,2013,1.1802843636655,10796782637.51,25346.5236450477,6.106,2.2557454257814,6.29171574401258,2.50365373946711,9984792825.50518
Malta,mt,2014,0.310306472181665,11888032872.432,27356.6080303021,5.725,2.27101339334533,7.63112937482686,8.34223890375466,11000384403.131
Malta,mt,2015,1.10054826378929,11340795041.8065,25481.8977555627,5.389,4.20024274625111,9.62109756228348,2.65010086231415,10554342526.7615
Malta,mt,2016,0.642702771527304,12025782834.3596,26409.6285858968,4.687,2.12564827894555,4.07771929481284,-0.551812269317061,10688627580.054
Malta,mt,2017,1.36435448150708,14161366723.6779,30259.3952629768,4.002,2.13502600271886,12.972119343498,19.1577413621011,13113525048.4068
Malta,mt,2018,1.15782362451517,16153779511.1559,33332.1905601302,3.658,1.79841678185963,7.18909653691901,13.3484161587894,14669786905.1092
Malta,mt,2019,1.6420600176894,16337793530.7788,32412.2697818499,3.616,2.50640359192941,4.08470602847339,17.8499331598587,14798835701.3958
Malta,mt,2020,0.638544956776712,16385919535.6742,31796.8213417258,4.347,1.83795253840574,-3.47468750932252,16.1164990939613,14532952942.6412
Malta,mt,2021,1.49789217934724,19718565605.433,38027.3801730893,3.394,2.42641153412831,13.4603051960595,9.35025700944488,17295453183.5826
Malta,mt,2022,6.15375621933037,19209979975.2323,36142.2058531852,2.921,5.06118591578404,4.14788281601133,-0.872518136261447,16534181877.2483
Malta,mt,2023,5.09396758978883,22328640241.5553,40395.7692064458,3.11,5.30471876620035,7.49851245937869,6.38045045138846,19351359464.3398
Myanmar,mm,2010,7.71838195873614,49540813342.4834,1010.53417343401,0.727,7.04321189366061,9.6344394520444,3.17749475847855,49528704371.1056
Myanmar,mm,2011,5.0214601462073,59977326085.9908,1213.62898703376,0.75,10.2545766682247,5.59148237823661,-2.60285417206877,59964576988.5087
Myanmar,mm,2012,1.46758322674679,59937796648.2158,1202.6658960055,0.767,3.13009695263828,7.33267044704149,-2.1015900196755,57556421307.7229
Myanmar,mm,2013,5.64303883425501,60269732854.827,1199.09561597055,0.775,4.37807084310651,8.42600102501767,-0.644739708349136,58364906162.4847
Myanmar,mm,2014,4.953299184844,65531374199.6742,1293.00042298704,0.763,3.91022519270633,8.1699074556052,-3.78673335196155,62535394200.1764
Myanmar,mm,2015,9.45417189526018,59607290407.5944,1166.73305546288,0.766,4.13669673908328,6.99284029025125,-5.21601722230963,57499580407.6055
Myanmar,mm,2016,6.92882525816076,63298361996.2153,1229.19713515893,1.058,3.61567809536274,5.86247291517364,-3.03174958632843,61653951995.8482
Myanmar,mm,2017,4.5725365531752,66053040483.0016,1272.82241830603,1.356,5.8734089465466,6.13610824360305,-7.44369978642156,63958040482.7508
Myanmar,mm,2018,6.87232865662935,67860515989.517,1298.21310320785,0.767,5.34109463991011,6.26886221471075,-3.77415133315681,65984255989.6395
Myanmar,mm,2019,8.82506696804558,75065106227.6892,1425.98954211903,0.407,5.42293300468495,6.57911006765414,0.0902156578672671,72641276228.2097
Myanmar,mm,2020,,79006113643.1906,1490.21683548367,1.476,5.34411000806585,-9.04834717984643,,77509313176.5807
Myanmar,mm,2021,,66345291160.1683,1242.72134419599,4.34,19.5172093720929,-12.0163724829117,,65297947226.451
Myanmar,mm,2022,,62253049891.6449,1158.05005034332,3.057,6.1637164891327,4.03749343593624,,61143674717.8036
Myanmar,mm,2023,,66757619000.0,1233.19666209269,3.032,10.7876664462616,0.958446625192025,,65509819000.0
Montenegro,me,2010,0.654946570148479,4142983843.4912,6688.40259641346,19.649,1.60420269843273,2.73433108233829,-20.5662845364964,4114165282.39753
Montenegro,me,2011,3.4501431124869,4544428421.49513,7328.78943085498,19.759,1.20270354887286,3.22845102061061,-14.6274128082021,4580993271.28926
Montenegro,me,2012,4.14524724981119,4087526241.81268,6586.39970256684,19.808,0.177016999632059,-2.72379077130623,-15.624667372656,4156682443.874
Montenegro,me,2013,2.20589268141178,4465772400.37453,7188.86361611271,19.585,2.0669709044933,3.54897991245058,-11.4522927124799,4552823114.57012
Montenegro,me,2014,-0.710514051710227,4593853290.963,7387.87296917548,18.054,1.03622831974151,1.78369858106701,-12.4174302295561,4654833219.9679
Montenegro,me,2015,1.54869158222486,4054730077.57718,6517.19267514764,17.555,2.21957293262733,3.39038139712073,-10.9289242728137,4143543186.70004
Montenegro,me,2016,-0.271385023385176,4376930578.32395,7033.43962398373,17.732,5.10106883707128,2.94928032097511,-16.1640057366555,4415192363.25036
Montenegro,me,2017,2.3802359905313,4856599480.79882,7803.35824465203,16.082,3.82497232809919,4.71646527572034,-15.6778556675142,4956345528.61142
Montenegro,me,2018,2.611223782638,5506942238.35668,8850.3749248372,15.19,3.22610640466073,5.0778888113381,-17.124414916804,5571825861.24026
Montenegro,me,2019,0.361563704540767,5542054181.12616,8909.6538759126,15.128,2.02214868727721,4.06294499167197,-14.3566693575483,5604334042.31501
Montenegro,me,2020,-0.255655699848551,4769996866.00758,7677.37132106817,17.878,-0.175605916816622,-15.3068937570407,-25.9335027097551,4845904669.64871
Montenegro,me,2021,2.41080198403165,5861427505.12493,9465.96153027794,16.543,4.72624261012977,13.0434642521552,-9.2332691434238,5982455401.55457
Montenegro,me,2022,13.0403036347004,6229801580.79157,10093.4387007266,14.851,12.3553221508805,6.40668032879275,-13.1281582011878,6353915382.64158
Montenegro,me,2023,8.58476910455403,7530593375.22034,12221.4775546967,14.621,10.5429703323513,6.33769754243548,-11.307542480472,7604564025.47826
Mongolia,mn,2010,10.0462065881651,7189481998.90094,2625.21881402433,6.549,39.1781879703741,6.3651616786311,-12.3162160595433,6609616844.37432
Mongolia,mn,2011,8.411214953271,10409797377.8571,3736.04201455077,4.769,15.1192654880847,17.2907775869555,-43.3455193285101,9551979901.62167
Mongolia,mn,2012,14.3303348325837,12292770631.565,4328.89001905655,3.905,12.7843788573595,12.3198198494032,-43.7712346792978,11343401728.8116
Mongolia,mn,2013,10.4906567588242,12582122604.2577,4340.14310544449,4.231,2.90784833783545,11.6489161878925,-37.6076656283991,11871513598.9081
Mongolia,mn,2014,12.253980812976,12226514668.0622,4126.23975800524,4.798,7.44883659506563,7.88522548204762,-15.8208781709903,11232542766.2328
Mongolia,mn,2015,5.7356828193832,11619892590.6941,3838.92126989984,4.861,0.609769217723354,2.37983580731722,-8.16234225533353,10652455621.4482
Mongolia,mn,2016,0.733272227314397,11181350649.3573,3619.90026383792,7.235,2.99312676057677,1.48978448679577,-6.25748206242188,10260106001.6486
Mongolia,mn,2017,4.30143105302342,11480847740.736,3645.96708669551,6.359,10.8004464117482,5.63687638694772,-10.0640976839599,9872124813.33454
Mongolia,mn,2018,6.82424790145522,13178094720.4986,4107.64288528468,5.377,7.96061586470999,7.74488062024881,-14.4368935873352,11943636998.2069
Mongolia,mn,2019,7.30106953550723,14206359017.5143,4347.54610314873,9.269,9.97221325666415,5.60224422064255,-15.2163324376399,12634360587.8507
Mongolia,mn,2020,3.79604026111247,13312981429.0891,4001.25193077703,6.594,3.70672176955705,-4.55775197583431,-5.06732429872457,12053017479.445
Mongolia,mn,2021,7.35281243380219,15286441737.6686,4517.61578018785,7.747,14.4200654807454,1.63676957736662,-13.7928750935516,13054692170.9439
Mongolia,mn,2022,15.1479560897226,17146471713.748,4993.51487463495,6.211,17.7147124177501,5.0327096366527,-13.4342448059604,15067905989.6867
Mongolia,mn,2023,10.3475831314339,20325121393.9074,5838.63108083902,5.503,21.7690280161027,7.4221127615025,0.596631968292984,18096012116.6868
Northern Mariana Islands,mp,2010,,799000000.0,14771.4037455399,,-0.880503144654085,1.3959390862944,,
Northern Mariana Islands,mp,2011,,729000000.0,13598.7166094613,,-1.48648648648648,-7.38423028785982,,
Northern Mariana Islands,mp,2012,,746000000.0,14013.6003306158,,1.50891632373114,0.810810810810807,,
Northern Mariana Islands,mp,2013,,772000000.0,14632.8518897608,,0.783289817232372,2.68096514745308,,
Northern Mariana Islands,mp,2014,,832000000.0,15945.417608954,,3.450335683769,4.177545691906,,
Northern Mariana Islands,mp,2015,,910000000.0,17665.1007493109,,5.79545454545456,3.38345864661653,,
Northern Mariana Islands,mp,2016,,1230000000.0,24225.474169342,,4.60693153000844,29.2121212121212,,
Northern Mariana Islands,mp,2017,,1560000000.0,31225.6049960968,,2.97029702970298,23.1707317073171,,
Northern Mariana Islands,mp,2018,,1301000000.0,26509.3628379893,,3.59586881110062,-19.4973343488195,,
Northern Mariana Islands,mp,2019,,1179000000.0,24496.6652122421,,2.33769881156505,-11.4474929044465,,
Northern Mariana Islands,mp,2020,,866000000.0,18220.8382427201,,3.54088108157822,-29.0598290598291,,
Northern Mariana Islands,mp,2021,,914000000.0,19455.50139424,,0.545723837893178,4.96987951807229,,
Northern Mariana Islands,mp,2022,,1096000000.0,23785.754590043,,2.80318995750133,16.6427546628408,,
Northern Mariana Islands,mp,2023,,,,,,,,
Mozambique,mz,2010,12.4255421735156,11411894723.864,496.185839392659,3.261,7.64522798725267,6.67972935662864,-14.7165826342636,11052119444.6459
Mozambique,mz,2011,11.1666056127874,14619279988.716,618.17649286789,3.296,2.34836229044998,7.13405842300445,-22.7703546509242,14364079955.0014
Mozambique,mz,2012,2.60245456956618,16688114144.0745,685.685748199513,3.305,3.17523457430677,7.9945031610722,-40.6875061700663,16612647548.8091
Mozambique,mz,2013,4.26135250941963,17198073057.1981,686.505672517351,3.346,2.60123626905104,6.57141389665537,-36.3613191591472,17139483398.1312
Mozambique,mz,2014,2.55974875844295,17978246586.0662,697.142680444123,3.377,1.0858708962558,7.70256844839309,-32.2453333565598,17776333933.4733
Mozambique,mz,2015,3.55075967356746,16208985769.615,610.563774706589,3.426,7.05995033545015,7.3930936986377,-36.6947715334654,15908852641.2848
Mozambique,mz,2016,17.4180418197597,12069051237.1711,441.489734819071,3.457,12.1608912915425,4.69699024225795,-33.6916062672094,11833552380.143
Mozambique,mz,2017,15.1132073899384,13264640645.7768,470.93856305196,3.539,7.97801240165271,2.63820737310658,-17.9387522356553,12884983781.3009
Mozambique,mz,2018,3.91133439990729,15017358952.8452,517.507260258101,3.604,3.7951186149991,3.48493202422782,-29.4674796418232,14730512197.9489
Mozambique,mz,2019,2.80270307928111,15512759046.672,519.09255091362,3.646,4.67764534705535,2.31781394821475,-16.0764477598265,15236312737.5433
Mozambique,mz,2020,3.48393567493204,14235420174.1884,462.433876479921,3.921,3.17166106815796,-1.21952250011192,-24.9913481328696,13948700692.435
Mozambique,mz,2021,6.40847652975692,16168055475.4449,509.907829475551,4.053,4.5505652081862,2.37743572761507,-21.1927915856731,15828197520.8126
Mozambique,mz,2022,10.2794018093421,18883528581.3734,578.251663751351,3.596,9.15161419934587,4.36445074535436,-33.7160091783462,17461632220.2092
Mozambique,mz,2023,7.12697482131851,20954220983.5473,622.985619320596,3.519,5.30134150828523,5.43685912188634,-10.5335560237746,19117015861.5895
Mauritania,mr,2010,6.28354087427704,5628878797.98257,1659.96369705455,10.075,22.3431687773344,2.62022948104543,,5559972100.89651
Mauritania,mr,2011,5.68631959575954,6764627745.9033,1931.19975525465,9.968,17.5477655809925,4.17278327815399,,6609314084.92644
Mauritania,mr,2012,4.90242727217997,6728208836.22143,1859.11733247641,9.864,0.455837161396261,4.47001319170479,-18.223160371795,6537356580.81046
Mauritania,mr,2013,4.12910173783393,7223071097.08417,1934.24103064714,9.929,4.48796826973528,4.1508131898954,-17.4684556266355,7026930507.60294
Mauritania,mr,2014,3.53436856147324,6592537781.81518,1713.00865264234,10.028,-11.8763231173524,4.27482328814457,-22.3452375422524,6339728998.26575
Mauritania,mr,2015,3.25472688117631,6166863896.68677,1554.94897871782,10.108,-4.79390858192335,5.37633924099251,-15.5013464565918,5986395816.42587
Mauritania,mr,2016,1.47171045650004,6398747592.13185,1565.76575722696,10.283,11.2101297440599,1.26090923067225,-11.0456852081297,6282235172.53117
Mauritania,mr,2017,2.25427651934813,6800135898.28827,1615.00401327323,10.336,1.58393834945385,6.27054566937677,-10.4262723627796,6703487753.41138
Mauritania,mr,2018,3.06735996058356,7473550557.07378,1722.93528854073,10.407,4.55445732510799,4.77217365692621,-13.0177274187857,7435080653.07267
Mauritania,mr,2019,2.30009262117937,7894764885.82312,1767.072710621,10.416,5.32804482625433,3.14100489306969,-10.5273103616245,7798537820.05985
Mauritania,mr,2020,2.3856948845632,8260752385.23089,1795.76459566714,11.054,6.4408732898183,-0.360657384151068,-6.97484998771505,8155048186.47861
Mauritania,mr,2021,3.56516484650185,9222536364.01272,1947.78918383313,11.144,7.46487321650835,0.742715395138262,-8.75965093399859,9076362254.14883
Mauritania,mr,2022,9.52526628622843,9557966698.25369,1960.35240077424,10.531,-0.61236174643426,6.79600510182286,-14.8995650002897,9500605780.42507
Mauritania,mr,2023,4.95305034506872,10651709411.4594,2120.82320358953,10.446,3.37147741701096,6.50718719858594,-9.07371592526961,10660320959.1791
Mauritius,mu,2010,2.93236301369854,10003670690.3497,8000.37643182154,7.654,1.12641892024499,4.37720322344293,-10.0540447638357,10003670690.3497
Mauritius,mu,2011,6.52249254869342,11518413429.9684,9197.04299089459,7.447,3.1614637980008,4.07753806610333,-13.5461288550227,11299782797.643
Mauritius,mu,2012,3.85216033315983,11668696396.7887,9291.23627601053,7.472,2.46552355243207,3.49611836470866,-7.09172688122855,12083538713.4471
Mauritius,mu,2013,3.54329573934839,12292974141.4044,9764.64413060045,7.322,4.13433189504995,3.36040609974133,-6.10328682706151,12635532278.4093
Mauritius,mu,2014,3.21769191994684,13074129952.0532,10366.3550754936,7.467,2.16830404926014,3.82696982009337,-5.27783309373618,13453633098.4742
Mauritius,mu,2015,1.28654970760232,12007291045.6489,9507.87133656424,7.41,1.39953074265865,3.69055690369433,-3.47276014053665,12411835683.3359
Mauritius,mu,2016,0.977675134719049,12594155464.4136,9965.72531085228,6.814,2.38463204087334,3.8624682634,-3.90142490101587,12811307718.2771
Mauritius,mu,2017,3.66699702675908,13713506130.6081,10841.6847754844,6.752,1.63650567594517,3.93798380632353,-4.46441191248389,14051920385.6177
Mauritius,mu,2018,3.21605383144587,14735695930.9727,11643.4605962124,6.426,1.67538916911592,4.00674057198549,-3.76903120298371,15450103729.5488
Mauritius,mu,2019,0.405655190309553,14436346979.6355,11403.2527870674,6.331,-0.46584287384826,2.89128499346516,-4.97698958833493,15153839975.8896
Mauritius,mu,2020,2.58080077182822,11408106446.3144,9011.04288445023,8.626,2.57304044505899,-14.5465381490166,-8.78947144116732,11947741898.9683
Mauritius,mu,2021,4.02852888157383,11484348857.8529,9068.97300226707,7.719,3.15720035090573,3.40379866177662,-13.0319974912817,12106744454.6433
Mauritius,mu,2022,10.7737512242899,12927979286.0453,10239.7970461095,6.322,9.56592044781137,8.87988519700977,-11.1140662620035,13475522983.7872
Mauritius,mu,2023,7.05298238454735,14644524819.0054,11613.0441587588,5.571,8.507830178109,6.95828740328457,-4.42310477684678,15000124262.0903
Malawi,mw,2010,7.41159092883827,10128323010.6049,683.124694716799,4.798,12.1272220613228,6.87406585401587,-9.57007930375057,10021166893.8185
Malawi,mw,2011,7.6228226284852,11648142958.3651,763.061000394572,4.842,13.9902377428521,4.93266999845892,-9.75872117783752,11532861683.3477
Malawi,mw,2012,21.2712650013779,8773203178.16512,558.46208832772,4.952,17.639764474193,1.90000000072142,-8.48798044395288,8638482884.79603
Malawi,mw,2013,27.2833333333334,8031571927.62055,496.947368267313,4.978,27.0462909961503,5.41034999949837,-15.3915920767632,7872142936.48892
Malawi,mw,2014,23.7920649469687,8801326169.14547,529.5133440206,4.967,20.9692813073299,5.6252699997921,-12.8223513014995,8640515834.70583
Malawi,mw,2015,21.8673475542553,9219474379.31534,539.605363240686,4.954,19.8146692597742,2.80000000125513,-11.5453760878876,8999698474.69735
Malawi,mw,2016,21.7111132136499,7909868618.46366,450.506105510719,5.007,20.2926829287348,2.49999999902064,-12.7134008077219,7886787909.55495
Malawi,mw,2017,11.5433939188771,8943543793.5839,495.769683367165,5.039,10.5769245154404,4.00000000038216,-17.4208707671145,8735399094.03681
Malawi,mw,2018,12.420178108921,9879231591.52434,533.203173686705,5.014,6.15234698561271,4.35356471619211,-17.2586885571347,9558096354.04683
Malawi,mw,2019,9.3708360560567,11051865579.8121,580.889816066776,4.966,7.72855642393151,5.71682519194337,-11.953204223662,10785451582.33
Malawi,mw,2020,8.62551469650552,11769313597.8545,602.507478176106,5.728,6.21829711958308,0.793596429787286,-13.9233224686156,11440171500.7669
Malawi,mw,2021,9.33014410835212,12378129750.9872,617.447520802454,5.662,8.15296842929594,4.55829212016083,-15.492249323196,12006215738.734
Malawi,mw,2022,20.953969729969,12429060150.742,604.269751184515,5.037,17.1668303930955,0.921115069005936,-17.8461868521848,12054582591.864
Malawi,mw,2023,28.7897428247298,12712150082.0792,602.343619809252,5.033,22.8067220172078,1.89245798756383,-17.9049420444647,12349147692.6145
Malaysia,my,2010,1.62285235577035,255017638455.59,8899.34505544675,3.39,7.26684593389439,7.42484738326097,10.0556778509323,246905159655.731
Malaysia,my,2011,3.1744709215131,297951668674.835,10217.1068585031,3.05,5.41240809007968,5.29391283414003,10.905001967915,290892852065.831
Malaysia,my,2012,1.66357102479206,314443047642.111,10600.5744240026,3.1,0.999932303470885,5.47345419253853,5.18877994987762,302839192295.004
Malaysia,my,2013,2.10501231233612,323276235524.415,10713.6407638899,3.16,0.17447448132144,4.69372252557893,3.46614353655814,312493632789.776
Malaysia,my,2014,3.14299050879095,338066095097.254,11013.3107334403,2.88,2.46746678366378,6.00672194558203,4.39159166153878,326875882255.886
Malaysia,my,2015,2.10438980238359,301355266964.947,9648.6797937523,3.1,1.21805573355338,5.09153242155011,3.00891850128321,293133023632.862
Malaysia,my,2016,2.09056659525742,301256033870.334,9476.53409809923,3.44,1.65825996642414,4.44978139761541,2.36768591329055,292917092605.123
Malaysia,my,2017,3.87120115774237,319109094160.343,9862.54806612235,3.41,3.77896094306453,5.81272240983328,2.807870911226,310119720279.85
Malaysia,my,2018,0.884709160571235,358788845712.53,10901.8019954421,3.3,0.624674674586643,4.84308697634881,2.23708206947011,347616421527.931
Malaysia,my,2019,0.662891865764326,365177721021.516,10920.191763972,3.26,0.0718269093121364,4.41318742129586,3.5038866968342,355643356741.268
Malaysia,my,2020,-1.1387021539305,337456163961.211,9957.52626697613,4.54,-0.818007729183023,-5.45684658426701,4.18956779359845,330671265155.887
Malaysia,my,2021,2.47710241465447,373784823672.946,10903.1116425938,4.64,5.67593848764116,3.31534954399166,3.87747670667502,363611089241.775
Malaysia,my,2022,3.37869862549928,407605841348.235,11748.0919307944,3.93,6.40348511820096,8.86182187578046,3.12519285726352,394667473818.317
Malaysia,my,2023,2.48886560125754,399705169318.477,11379.0861000632,3.869,-1.87225562537837,3.55548715410509,1.56542803967803,388101205732.467
Namibia,na,2010,4.8749198764395,11431412421.1316,5418.21633365814,22.12,3.72589849891101,6.03924947955858,-3.92244710726353,10835987790.3209
Namibia,na,2011,5.005595180812,12523359440.5499,5834.7917675794,19.476,3.81487636243496,5.09133813864338,-6.84779731737787,12010748072.7806
Namibia,na,2012,6.72199777334886,13042053591.6857,5942.64680978673,16.771,11.2603084734349,5.0616820696264,-8.58334513038749,12519827110.1304
Namibia,na,2013,5.60092502290401,12043307277.1235,5346.62131149967,19.028,4.03979089350075,5.61471962254485,-8.23764757879194,12011999579.4904
Namibia,na,2014,5.35016966859602,12435430969.6301,5378.32326241205,18.521,8.23489179866652,6.09251915977956,-9.42886877840748,12363536657.7186
Namibia,na,2015,3.39401538410559,11335161083.5061,4774.10650865775,20.808,3.86457435077661,4.26417453763675,-13.7578944670231,11317050632.4328
Namibia,na,2016,6.72858234593338,10722018732.0936,4395.68776162376,23.352,7.96867201225912,0.0337944502063294,-16.4970881327639,10511261596.5703
Namibia,na,2017,6.14579981111164,12895153370.9132,5143.96072323076,21.733,9.91903698902131,-1.02724808856709,-4.42059051747783,12661495881.2477
Namibia,na,2018,4.29159105337875,13682019076.4022,5308.60813408705,19.877,4.42848894081101,1.05993949860752,-3.55152146428618,13176748522.8513
Namibia,na,2019,3.72239414422695,12541928303.48,4731.9210318831,19.921,0.926315844160413,-0.839152163419357,-1.76497330612085,12234173555.5494
Namibia,na,2020,2.20938236933469,10583748541.5258,3878.58982993966,21.004,4.63153061468802,-8.10140201443319,2.98724582177764,10539865094.8199
Namibia,na,2021,3.61690530108814,12402486183.6396,4412.8355693052,20.922,1.5343303300027,3.60382919248703,-11.230237845488,11934183889.9631
Namibia,na,2022,6.08128114112413,12567271004.6761,4349.04532248966,19.695,6.44785295155228,5.34966408559102,-12.8152208955281,12080731344.0848
Namibia,na,2023,5.87993463284275,12351025066.9131,4168.28521087347,19.365,6.41362439275798,4.159985754998,-14.6468621115493,11781635235.6255
New Caledonia,nc,2010,,9364350076.91225,35798.9084757829,13.95,,,-14.5218511333909,9769099063.43057
New Caledonia,nc,2011,2.42899693753383,10351448004.7674,38835.9401851385,13.935,,,-13.4437447217601,10746989206.2424
New Caledonia,nc,2012,1.74967234600262,9659151917.40484,35559.5672006157,14.051,,,-20.0199924731485,9952372303.77889
New Caledonia,nc,2013,1.27761318992718,10151382933.1594,36671.1566752621,14.347,,,-17.7669952366321,10477490867.8299
New Caledonia,nc,2014,0.178851060785511,10635035594.7528,37816.9558599295,14.59,,,-12.2281865063866,11145232413.911
New Caledonia,nc,2015,0.570508141048402,8738203074.3957,30858.7237060533,13.637,,,-12.8101852123627,9232789689.98738
New Caledonia,nc,2016,0.578317435520754,8724568954.89799,30782.8544433514,12.714,,,-7.49878946256032,9230967084.67858
New Caledonia,nc,2017,,9174048681.98577,32354.7102832901,11.676,,,,9718047504.02142
New Caledonia,nc,2018,,9896402283.68587,34902.8968780031,11.702,-0.77442780779991,3.99570728203879,,10273712517.1537
New Caledonia,nc,2019,,9475655324.59495,33411.3358835672,10.88,2.43407708116916,-1.40000000198451,,9835664554.07088
New Caledonia,nc,2020,,9454629467.91408,33270.330597637,13.558,0.430124980373847,-2.40000000064407,,9840168247.32791
New Caledonia,nc,2021,,10071349663.8484,35311.5543551452,11.54,4.82764312949604,-2.09999999762849,,10450016550.8159
New Caledonia,nc,2022,,9623318718.31459,33516.363085906,10.71,3.84571494150525,3.49999999631376,,
New Caledonia,nc,2023,,,,10.939,,,,
Niger,ne,2010,0.804073080882659,7851192502.30917,474.425692340831,0.722,3.47504301438173,8.57816674262253,-14.4829041887519,8283686875.69784
Niger,ne,2011,2.9423851401332,8772950777.79176,510.75956176268,0.316,3.97160518256159,2.35775693603874,-16.3335422488129,9327272805.03519
Niger,ne,2012,0.455089820359289,9426912647.59111,528.510104469655,2.177,5.30833937178907,10.5489445763446,-10.8373796125038,9746582481.36369
Niger,ne,2013,2.29723114955317,10224897437.8648,552.103334363117,1.397,-0.369174082139452,5.31513063394726,-11.2529264462121,10626393166.2762
Niger,ne,2014,-0.930287259984466,10862943543.5419,565.30989731175,0.524,-0.40567684540504,6.64213665495603,-12.0310951996373,11351529661.747
Niger,ne,2015,-0.576090369833189,9683867926.44282,485.662574175279,0.553,2.249426436212,4.39264883207291,-15.3473430526611,10161942025.7141
Niger,ne,2016,1.65388922387806,10398861981.7583,502.706475406446,0.548,1.79272146557585,5.74089315058157,-11.3633579890889,10734604834.9542
Niger,ne,2017,2.79637318871284,11185104251.6943,521.804130023434,0.554,0.368276728970102,5.00536078615544,-11.3934461122487,11600276120.4447
Niger,ne,2018,2.96760366004456,12837307496.8821,578.568035680892,0.535,2.40368624331715,7.21141802762897,-12.6586015970767,13405990160.9815
Niger,ne,2019,-2.48979265070855,12889555561.2299,561.691304349698,0.531,-0.0243827627404585,5.93985257123522,-12.1993364507939,13479237677.1727
Niger,ne,2020,2.8981937602627,13744653103.058,579.512495758236,0.594,1.16297974177712,3.55064109436891,-13.2104717583835,13156291934.1654
Niger,ne,2021,3.8378680284051,14915002436.069,608.722439593808,0.78,3.11864597184903,1.38359636198477,-14.0736964853201,15188308377.3499
Niger,ne,2022,4.22621791916392,15433852712.2963,609.745147574878,0.418,4.01899997944746,11.9000000000277,-16.1987356727326,14058647971.5528
Niger,ne,2023,3.70097316425834,16819170420.5653,642.937917863471,0.425,3.38791792310056,2.49999999999999,-13.8696165457749,16182366023.8817
Nigeria,ng,2010,13.7400521363694,366990417129.04,2202.25672957344,3.746,16.342766325307,8.00565591628646,3.57264829109627,347315817192.993
Nigeria,ng,2011,10.8261371880017,414466676831.16,2418.41316975875,3.77,9.77845809675884,5.30792420289512,2.57400123356654,391494346889.747
Nigeria,ng,2012,12.2242413020583,463971018239.281,2633.19734671361,3.76,9.94763670635021,4.23006117493168,3.7446896447893,441706108191.483
Nigeria,ng,2013,8.49551838265678,520117180313.906,2872.79083379398,3.711,4.96474571561274,6.67133539306172,3.66244030371784,494387410379.986
Nigeria,ng,2014,8.04741087967907,574183763411.508,3088.72131316169,3.902,4.66262291733076,6.30971865525467,0.157882534299197,555021693443.684
Nigeria,ng,2015,9.00943498007699,493026682800.63,2585.73360671797,4.135,2.86366512298943,2.65269329543003,-3.13140101186134,480318932817.476
Nigeria,ng,2016,15.6968126387972,404649125252.16,2070.4127339595,4.499,9.54367006412473,-1.61686894906529,1.25472098152786,398387885254.181
Nigeria,ng,2017,16.5022662139641,375745731053.427,1876.34027111773,4.828,11.1189180817699,0.80588661910221,3.60982550121523,367400071058.266
Nigeria,ng,2018,12.0951065173432,421739251509.08,2057.87944554011,5.067,10.2284850865888,1.92275734200651,1.72693303668361,410486871490.792
Nigeria,ng,2019,11.3964223378115,474517490844.461,2265.15520863056,5.206,10.384779195217,2.20842927714881,-2.88402835896401,465356470849.403
Nigeria,ng,2020,13.2460234276597,432198898467.795,2019.65706326224,5.742,7.84914204720589,-1.79425308274458,-3.69874324007746,427431916390.616
Nigeria,ng,2021,16.9528457221608,440833635873.827,2017.27486481527,5.45,10.1310336867347,3.64718654072446,-0.738183955457954,432250677057.07
Nigeria,ng,2022,18.8471877843274,477403400101.174,2139.37478476974,3.821,11.3113349413983,3.25168140827093,0.213362293998091,464530827755.53
Nigeria,ng,2023,24.6595502031139,363846332834.618,1596.63696129001,3.074,12.6218692275514,2.86021499108364,1.65528597155347,352906093813.226
Nicaragua,ni,2010,5.45513425887423,8758572306.31602,1526.56185349171,7.83,6.13837855596503,4.40964549908733,-8.87473406412904,8514372005.16553
Nicaragua,ni,2011,8.082387980991,9774320144.00049,1679.71034177231,6.618,10.2142805344967,6.31747638326586,-11.9077335594988,9505620189.24681
Nicaragua,ni,2012,7.1935505333896,10531980451.1847,1784.69212752824,5.208,6.24324468031767,6.49597922902167,-11.7242906566647,10116180544.4559
Nicaragua,ni,2013,7.13546785289407,10982954744.4415,1835.43436443315,5.28,4.35018051670501,4.92611504652518,-12.5685667665946,10448754688.5348
Nicaragua,ni,2014,6.03596861798425,11880433902.9361,1958.36966453366,4.52,8.39196021308561,4.78649248722054,-8.02832630350546,11432533909.6492
Nicaragua,ni,2015,3.99737996694396,12756685550.3389,2074.45446460028,4.7,7.58928670486381,4.79144081994679,-9.87325426365583,12267685461.4032
Nicaragua,ni,2016,3.52317317628473,13286101094.3863,2131.68828465802,3.9,4.59008266954466,4.56295442923394,-8.48330139890493,12651897675.9312
Nicaragua,ni,2017,3.85067166284727,13785924216.2724,2182.61875100395,3.3,4.12270412733761,4.63253398090997,-7.16020184439183,13074230327.7193
Nicaragua,ni,2018,4.94723728039886,13025234820.8225,2035.16750115975,5.2,2.65847892308047,-3.36368764606334,-1.79728045766792,12373034902.7208
Nicaragua,ni,2019,5.37628990844126,12699028889.666,1958.62132892996,5.472,5.3954978400473,-2.89702791954369,5.93824934608707,12232628822.9947
Nicaragua,ni,2020,3.68181341625572,12681569254.2815,1931.61515811642,6.201,5.39260941499944,-1.75595289214087,3.70695448310772,11871469383.2535
Nicaragua,ni,2021,4.92841396948968,14144060853.1362,2128.60980633198,6.118,3.54283387393042,10.3160912841791,-3.82407049684088,13248461277.5386
Nicaragua,ni,2022,10.4674244465991,15649897116.8965,2325.16737851871,4.961,8.77765225788374,3.75228475736668,-2.47222072522306,14530697776.4776
Nicaragua,ni,2023,8.38765854872536,17829218219.3591,2612.87066241288,4.716,10.6686540407565,4.56922317096145,7.74683434240701,16935018482.1057
Netherlands,nl,2010,1.27530569556683,852464982433.335,51305.7338533973,4.991,0.710272896566892,1.31932023296244,6.62577458654035,839862719800.002
Netherlands,nl,2011,2.34107017751373,913140741332.687,54701.7728030611,4.977,0.242655794971853,1.77334520657246,7.22308776759068,902234771926.072
Netherlands,nl,2012,2.45554765291604,845689017065.625,50473.9442002689,5.821,1.32912975468633,-0.977877008513829,7.82619576758532,829582906275.0
Netherlands,nl,2013,2.50689852657885,883951539006.669,52602.2860520766,7.241,1.1449273315191,-0.0302324516552943,8.37547933230026,870916060451.767
Netherlands,nl,2014,0.976035079699679,901556501756.467,53457.2234864322,7.419,0.344077998493205,1.61261007449123,8.85180304004638,883166065399.213
Netherlands,nl,2015,0.600248147278776,775743675302.734,45793.8135434697,6.872,0.888432968331628,2.12060522421717,4.9187157948109,757772895013.281
Netherlands,nl,2016,0.316666666666743,797163949289.885,46808.5291492503,6.007,0.565543724908352,2.42428576536633,7.27492902578538,765032765730.352
Netherlands,nl,2017,1.38145871407206,848233537845.884,49513.6817346384,4.837,1.4393271596339,2.7815460987956,8.12817028557607,824285426585.884
Netherlands,nl,2018,1.7034979474447,929733599796.862,53955.0770024266,3.832,2.53340287057884,2.25874039624952,8.97983331472266,910598593874.509
Netherlands,nl,2019,2.63369910249601,928903005576.469,53554.9007491475,3.379,3.02788368438249,2.30009159476197,6.83928934055718,891679358650.979
Netherlands,nl,2020,1.27246037789161,932560861701.17,53467.9277413737,3.82,2.3557302816255,-3.86795339323423,5.61802810313741,880056390964.983
Netherlands,nl,2021,2.67572008805385,1054472123449.6,60141.9880911492,4.209,2.74734323804928,6.27683073230526,10.0468874909398,1046137352484.48
Netherlands,nl,2022,10.0012078753473,1046540797548.64,59123.318556487,3.526,6.15557492580412,5.00723459045037,6.65774559718475,999999206889.109
Netherlands,nl,2023,3.83839354342808,1154361305398.06,64572.0059558854,3.537,7.343742684744,0.0745607216494903,9.84754479203882,1144673458276.42
Norway,no,2010,2.41890639481001,431052143940.438,88163.2085931423,3.527,5.95536133797087,0.787051845495441,11.6594077914656,435702909141.045
Norway,no,2011,1.28495158809152,501360549669.404,101221.813476644,3.196,6.67279000191441,1.10565602733728,13.254644393537,506139118181.721
Norway,no,2012,0.696864111498362,512777309840.997,102175.919298374,3.129,3.35308930089886,2.71795926678982,12.3837606139974,517101160292.222
Norway,no,2013,2.12048620353112,526014468085.106,103553.840134417,3.425,2.5532389173337,1.01619082409272,10.1612781853655,531585021276.596
Norway,no,2014,2.04170286707211,501736471832.848,97666.6951838749,3.486,0.258332848947191,2.04813199855084,10.954886718139,517499761967.733
Norway,no,2015,2.17113665389527,388159512245.53,74809.9658049898,4.296,-2.80446812171388,1.85733972643303,8.01360708862408,404192290999.276
Norway,no,2016,3.54999999999998,370956547619.048,70867.3609970749,4.68,-1.59809716352439,1.16472423497285,3.98049523650322,387092976190.476
Norway,no,2017,1.87510059552554,401745275035.261,76131.8384032764,4.164,4.08094934122931,2.46374628510146,5.38896566318335,416379568809.188
Norway,no,2018,2.76483134528788,439788625883.8,82792.8427113304,3.801,6.74295724699287,0.828900664137592,7.94959431636822,457569996925.915
Norway,no,2019,2.16773003305402,408742840909.091,76430.5889473338,3.684,-0.548467415755809,1.12377787436797,2.91600859889184,421234090909.091
Norway,no,2020,1.28658490708005,367633418886.627,68340.0181033702,4.424,-2.51726059053333,-1.2781717845226,1.14557292891118,382834834941.145
Norway,no,2021,3.48388055266678,503367986030.268,93072.8925119571,4.359,20.2134754838135,3.90868677689417,14.8001387979332,502221885913.853
Norway,no,2022,5.76412317852272,593726965415.619,108798.451165901,3.231,28.1618243830717,3.00563516076298,28.7529564185732,596856513825.084
Norway,no,2023,5.51784987104659,485310823603.662,87925.0944188399,3.572,-10.6191584030873,0.479647246011822,17.3298808213308,507846254957.478
Nepal,np,2010,9.32650410745394,16002656434.4746,585.278491984574,10.554,15.1469324490072,4.81641464694573,-0.797465992929109,16124973167.3285
Nepal,np,2011,9.22707546125951,21573872420.7008,785.518656222132,10.64,26.3973066649675,3.42180870116162,1.33775079697372,21678317045.9088
Nepal,np,2012,9.45980980357135,21703100877.1309,788.202937148377,10.643,7.7411500296797,4.67014192446953,2.66070688066427,21854809619.7468
Nepal,np,2013,9.04016311917636,22162204924.5726,803.269595420477,10.687,7.08265099891379,3.52515317129149,5.23137372695533,22310902766.2253
Nepal,np,2014,8.36415469659563,22731612922.1906,821.455224911731,10.617,8.03536619587905,6.01148284250441,2.18298241690426,23065091325.5243
Nepal,np,2015,7.86890895590899,24360801286.7638,875.543635474862,10.644,4.40904543328786,3.97605327162971,10.0433083922087,24704984111.0513
Nepal,np,2016,8.79034332004633,24524109483.5293,877.256454696737,10.742,7.15033478751282,0.433113719381524,-0.68434663855188,24843843665.6829
Nepal,np,2017,3.62709610696607,28971588940.364,1034.28374906846,10.66,8.26141254915089,8.97727935643466,-3.56432924017779,29263410261.8486
Nepal,np,2018,4.0611633875107,33111525237.149,1179.19843190389,10.559,4.3558584680418,7.62237610397935,-8.30080510271616,33328197894.5092
Nepal,np,2019,5.56868547784929,34186180699.0255,1203.14294706401,10.389,4.69115593292496,6.65705543110467,-5.12963069016168,34539791626.5539
Nepal,np,2020,5.05236655289212,33433659301.2466,1154.21517578318,12.975,3.21740233241114,-2.3696206292072,-0.251653542060189,33828751647.5543
Nepal,np,2021,4.14968003360264,36924841394.2605,1252.75076731986,12.186,6.76271216331268,4.838149614115,-14.5240163530398,37122384063.19
Nepal,np,2022,7.6507917679853,41182939600.67,1385.91066275016,10.844,8.24119195323605,5.63131455871746,-7.49867255763833,41421597989.0937
Nepal,np,2023,7.11475951738199,40908073366.8455,1377.62603571292,10.628,5.41614518486134,1.95254463264347,0.358510890863517,41385089422.5577
Nauru,nr,2010,,47562844.6104251,4735.92000502092,,-9.85579007730527,-0.159976911238559,49.7848772152702,57343262.8111403
Nauru,nr,2011,0.3003003003003,65444173.7762725,6480.90451339597,,7.45389470490414,14.3946334157295,30.1939047718241,80826669.2169585
Nauru,nr,2012,-0.124750499001971,100794924.670417,9817.36872216004,,17.5446496245365,25.2793205022189,34.5869703159003,121406064.310865
Nauru,nr,2013,,94385014.9425842,8974.51886874433,,-9.19198932147347,3.64774041663625,48.5829941527655,118560095.041606
Nauru,nr,2014,,98752257.0453222,9193.09784447237,,0.427698869811181,16.4233356386109,26.3583785058955,121387295.103025
Nauru,nr,2015,,84383388.6448573,7703.43149943923,,-8.18935000109762,2.69801727367511,-19.7926487086071,116082379.685108
Nauru,nr,2016,,97276023.0784346,8724.30700255019,,26.2510936824673,4.36324053905588,2.13759732718368,133308308.005729
Nauru,nr,2017,,108862278.516511,9613.41209082575,,14.9235600448444,-6.01122998653516,12.961263318691,152302863.335384
Nauru,nr,2018,,130937589.753517,11408.6947593898,,18.4724386773845,-1.21912201456978,7.32942552169986,175662111.503431
Nauru,nr,2019,,124871111.377973,10776.8284610316,,-4.72850619813472,8.48673659193109,4.47675032899806,176651639.181756
Nauru,nr,2020,,124530027.301054,10695.6993301601,,4.33105392665381,1.98181949377276,2.59589265142634,187208047.962679
Nauru,nr,2021,,175513984.500084,14989.6647450751,,18.0815764631453,7.20659466591439,3.75845295029461,263806198.141865
Nauru,nr,2022,,156803087.302496,13287.2711890938,,-10.8014231608239,3.02263627499464,1.8912535139693,254436437.63877
Nauru,nr,2023,,154170289.321861,12982.7612060515,,5.37381833304376,0.590699675931191,1.24703031565373,262445000.248109
New Zealand,nz,2010,2.30202385958572,146517541181.254,33676.7741239925,6.557,3.15959278016349,1.44462128410649,-2.34059485272367,139234248471.139
New Zealand,nz,2011,4.0279066739204,168295307149.46,38388.5280906616,6.491,2.46773450113406,2.24134221542516,-2.8657021926417,160666204294.734
New Zealand,nz,2012,1.05991318445632,176210710655.208,39974.2997334925,6.931,-0.189641681425684,2.2894629674209,-3.90856098118256,168876091936.708
New Zealand,nz,2013,1.13442266445817,190909855416.34,42977.388040868,5.839,4.1610248197395,2.76017958953716,-3.05741153614488,183385712392.826
New Zealand,nz,2014,1.227507505974,201337554959.49,44578.2253868016,5.428,0.481109438978876,3.75431941509395,-3.0912993181172,193229267483.34
New Zealand,nz,2015,0.292704628136101,178104220784.881,38639.3501941427,5.415,1.44403850036466,3.73403577291154,-2.6179752290053,172197562719.015
New Zealand,nz,2016,0.646240284454524,188898209220.167,40070.8956577431,5.147,2.41043257431994,3.74831145236631,-2.12609804081912,182801552357.251
New Zealand,nz,2017,1.85078767452536,206566916732.292,42913.186956185,4.736,3.61693254394582,3.39728250444887,-2.80906760923629,198736921883.604
New Zealand,nz,2018,1.59829703801696,211846555690.736,43228.6976473771,4.335,1.7531271050093,3.49949703045593,-4.04821394261566,204160040592.513
New Zealand,nz,2019,1.61963190184048,212846907683.439,42747.2099299966,4.109,3.08556630950096,2.36196217785604,-2.79306502128914,207518405665.816
New Zealand,nz,2020,1.71456170007245,212697530897.56,41785.6922905898,4.595,1.95515165378657,-0.424906457573115,-1.12865212882116,208606894464.654
New Zealand,nz,2021,3.94112060778728,253644079784.977,49624.1816729553,3.776,4.57816245517681,4.54624763852878,-5.83652013150899,246933088131.277
New Zealand,nz,2022,7.17222476016441,246733522841.353,48216.5095836302,3.297,5.58708755877011,2.7748426484212,-8.76545636261221,239404000803.12
New Zealand,nz,2023,5.73316283034957,252175506110.168,48280.8114166238,3.729,4.75854916721366,0.733302171674978,-6.76716667289858,244146718394.277
Oman,om,2010,3.25657959078624,64993498049.4148,23570.1798147325,3.935,14.3749912143336,2.47199856582773,7.59476361744698,61422626788.0364
Oman,om,2011,4.0421886711639,77497529258.7776,25188.0074151885,3.958,15.884491777402,2.89460973541192,11.4435714770699,73359687906.3719
Oman,om,2012,2.94773495257209,87408842652.7958,24642.2978768596,3.765,3.60643426874947,8.86312225557018,8.99068507231773,82904291287.3862
Oman,om,2013,1.05354820265932,89936020806.2419,23458.0233840053,3.547,-2.22041185302194,5.22770408145942,5.87992091672239,86700650195.0585
Oman,om,2014,1.01401483924156,92699089726.9181,23160.6502252547,3.449,1.75729954907395,1.29225229411081,4.62995815380301,88413003901.1704
Oman,om,2015,0.0652901330286599,78710793237.9714,18808.3077921839,3.401,-19.1464725188166,5.01705799719045,-13.7629351868833,76448114434.3303
Oman,om,2016,1.10920805807027,75128738621.5865,17110.1897460545,3.266,-9.13627527605452,5.04642394571691,-16.5548466336002,73063719115.7347
Oman,om,2017,1.58909413567799,80856697009.1027,17820.0661809335,2.522,7.29794329780007,0.304057565922449,-13.6143943671899,77933420026.0078
Oman,om,2018,0.889312370970404,91505851755.5267,19901.7615642016,1.8,11.7322946084517,1.28710391543288,-4.87333794620046,86577373211.9636
Oman,om,2019,0.490815362820671,88060858257.4772,19180.1864152801,2.04,-2.66623355343535,-1.12863801728058,-4.9181886997824,81936020806.2419
Oman,om,2020,-0.40640291946585,75909492847.8544,16784.8630630058,2.94,-10.7835605977296,-3.37972052697999,-16.5486765828436,70302210663.199
Oman,om,2021,1.68221185876085,87323797139.1417,19403.4600160211,1.9,12.1410502759484,2.5821749892893,-5.53764911438882,81295188556.567
Oman,om,2022,2.5061425061425,111943823146.944,23665.6394740852,3.3,16.9897185502658,9.5771061309605,3.89667138645212,102620026007.802
Oman,om,2023,0.950782997762827,108810923276.983,21549.8368728192,3.176,-4.05592540343423,1.3104401130721,2.42405359925175,103593758127.438
Pakistan,pk,2010,12.9388705634889,196709621849.586,987.304571124485,0.653,10.5886442624245,1.50171752152883,-0.688324235118166,193427623453.121
Pakistan,pk,2011,11.9160927116277,230586581059.665,1131.73513834324,0.796,16.4109562675144,2.68011685421705,-0.957124213324854,227569579578.823
Pakistan,pk,2012,9.68235186055684,250106966104.704,1204.36475491585,3.667,9.91831543776397,3.02758391088629,-0.936399348037174,246861967230.679
Pakistan,pk,2013,7.69215611899565,258657231672.412,1225.4340119198,2.954,7.38310696738498,4.36686504978387,-1.70727876868057,254988233264.07
Pakistan,pk,2014,7.18938402847028,271390474857.632,1266.61340849959,1.827,7.20976543926079,4.11642817161422,-1.34787339235798,267435475356.814
Pakistan,pk,2015,2.52932817254229,299963590534.773,1380.47020838317,3.566,4.44198033438504,4.21794209572506,-0.934446742353906,295364590988.181
Pakistan,pk,2016,3.7651191635658,313630000130.435,1424.69161195897,2.285,0.922163326262009,6.57383828511043,-2.29279660651385,308284997722.844
Pakistan,pk,2017,4.08537368032608,339205534861.1,1519.23459514248,3.215,4.02974599325579,4.43262590683975,-4.76985760466006,334191536057.051
Pakistan,pk,2018,5.07805725868917,356128166704.921,1569.33814626355,4.083,3.84178663274797,6.15170261099519,-5.29556175645778,350691167594.255
Pakistan,pk,2019,10.5783618004555,320909472770.669,1390.41690981745,4.83,9.03633484170507,2.49763692943365,-2.66677325730292,315299473058.399
Pakistan,pk,2020,9.73999313898155,300425609817.981,1278.39735206896,6.127,9.9444982105729,-1.27408744338709,-0.216650637871501,294966609817.792
Pakistan,pk,2021,9.49621056124947,348516647445.148,1455.31922370186,6.338,10.2673420806694,6.51388575852702,-3.52439577565177,344116647445.148
Pakistan,pk,2022,19.8738599646655,374890295666.694,1538.3228133171,5.485,13.9370112392938,4.7781068690358,-3.25858181478804,369642295666.626
Pakistan,pk,2023,30.7681280657005,337912301397.727,1365.27743222493,5.408,25.9997683355601,-0.0396925228069165,-0.244214768763813,332147301397.546
Panama,pa,2010,3.491288726188,30231009500.0,8331.46421351868,5.845,2.55070367962715,6.07339353106087,-10.3251596675923,27919709500.0
Panama,pa,2011,5.8758024367877,35687738300.0,9662.29592216607,4.03,5.48770339491702,11.9088772249531,-12.6581291367517,33773738300.0
Panama,pa,2012,5.69819959165992,41595439700.0,11064.8063606203,3.691,6.31829463661421,9.62729346439019,-8.97959013521379,38857139700.0
Panama,pa,2013,4.0271599157106,46949496500.0,12273.3225037637,3.674,6.15793630878711,6.32435388662846,-8.69870883492861,44042096500.0
Panama,pa,2014,2.62652699929151,51427104900.0,13213.1989637473,4.391,4.69411939871949,4.62581375565551,-12.9838146887401,47073004900.0
Panama,pa,2015,0.137492058461504,55767806100.0,14082.6548502728,4.335,3.01478936555419,5.26691719595516,-8.69390485131528,52316906100.0
Panama,pa,2016,0.739734025300033,59760858700.0,14832.3611608191,4.717,2.47501533207914,4.57196707937275,-7.54284607111912,55623707800.0
Panama,pa,2017,0.875585918759878,64327688800.0,15694.6297454295,5.338,1.7946937582834,5.7440594635578,-5.82244596474605,60514887600.0
Panama,pa,2018,0.761578359399944,67316471200.0,16151.3273478476,5.161,0.700536904723975,3.91819807389903,-7.884192985624,61995613500.0
Panama,pa,2019,-0.355083821021245,69778991200.0,16477.9066285687,6.256,0.538350741190015,3.10306788630359,-5.05023173163902,65459457700.0
Panama,pa,2020,-1.5502754080376,57059846500.0,13290.5608347594,14.663,-0.494685753745316,-17.8212299695008,0.675537934000576,55305091100.0
Panama,pa,2021,1.63070337301898,67396392500.0,15509.8069109784,10.177,1.41511725950885,16.4671249191559,-1.1555200892392,63404274400.0
Panama,pa,2022,2.85965128834711,76276116700.0,17332.4360742988,8.086,2.17180785976841,10.769665870619,-0.622928866140088,72807217200.0
Panama,pa,2023,1.48641355277038,83318176900.0,18686.4050961265,6.544,1.70673831397947,7.39930155626219,-4.48721721694321,79285543400.0
Peru,pe,2010,1.52832059732901,147527631520.729,5072.11494019615,3.6,5.71072859407522,8.33245910749577,-2.41611244249563,136691650811.911
Peru,pe,2011,3.36931095333853,171761737046.585,5861.35793645245,3.477,6.7457871247569,6.32719240161117,-1.96422212136988,159083185069.533
Peru,pe,2012,3.61121294940163,192650021648.583,6519.37852981527,3.238,1.20258494022738,6.13972470560435,-2.79147705040979,180517336685.894
Peru,pe,2013,2.76789666082002,201175543571.392,6746.80025696601,3.575,1.05723435149577,5.85251821084928,-4.7657988022505,190810241241.438
Peru,pe,2014,3.41194579807465,200786250582.943,6667.13410360861,3.208,2.43244108501779,2.38215737180541,-4.2824745585632,191695514405.553
Peru,pe,2015,3.39809194746308,189802976285.619,6231.71150338894,3.272,2.69052090074331,3.25224477218451,-4.60845775233445,183303872361.819
Peru,pe,2016,3.55717663556279,191898104390.379,6217.03599995447,3.741,3.08088269037734,3.95331871520767,-2.20406789294844,183940620942.667
Peru,pe,2017,2.99490045809443,211007984080.911,6736.16693725487,3.691,3.61565826105974,2.51883544233135,-0.857819433900692,201299928108.921
Peru,pe,2018,1.50915423024742,222597009739.235,6978.49121548627,3.492,2.27741531762133,3.969351341365,-1.17201548545427,211617892395.279
Peru,pe,2019,2.25212191358027,228346006003.648,7037.00803692604,3.379,1.87221626775495,2.24063176875049,-0.623492995809212,220088217727.993
Peru,pe,2020,2.00241205759292,201409694755.934,6133.32552410183,7.179,3.71917119669504,-10.9333065010382,0.938341730002029,196052808902.926
Peru,pe,2021,4.27166381536798,226354278280.885,6826.9720069846,5.097,10.0831018285055,13.3552295093079,-2.06502617018971,208856003550.009
Peru,pe,2022,8.33370630096231,246488757636.211,7363.27206939639,3.85,4.76646193670118,2.72550021563363,-3.9528164279387,229767512928.334
Peru,pe,2023,6.45561348369586,267603248655.253,7906.58502858,4.899,6.56634363134418,-0.55018230632048,0.829344941528944,253422835356.13
Philippines,ph,2010,3.78983634797591,208368893151.144,2162.91375885614,3.605,4.37088435978275,7.33449996514402,3.44540917722718,231747446290.001
Philippines,ph,2011,4.7184170471842,234216730295.938,2383.91892526787,3.592,3.91880578110506,3.85823282420755,2.40919069908821,259495340501.428
Philippines,ph,2012,3.02696391124796,261920540972.102,2614.61644410764,3.504,1.99417610100127,6.89695170786769,2.65327822076163,290823739749.145
Philippines,ph,2013,2.58268766141795,283902828581.65,2781.27957670473,3.497,2.06106335042293,6.75053130394745,4.00964958379015,317288012998.106
Philippines,ph,2014,3.59782343864211,297483555344.802,2866.83803767919,3.6,3.05305530800513,6.34798748029741,3.61563913350118,331766346480.069
Philippines,ph,2015,0.674192536845408,306445871246.718,2909.85818014474,3.068,-0.719682789326697,6.34830971539886,2.37094985952193,341466825828.893
Philippines,ph,2016,1.25369880080982,318627003012.52,2985.19564020101,2.695,1.2803117382459,7.14945675286656,-0.376262661570348,354012676979.657
Philippines,ph,2017,2.85318772590947,328480736798.792,3038.12124955619,2.552,2.32025994680146,6.93098832521765,-0.652387929430577,364718697508.835
Philippines,ph,2018,5.30934661627707,346841896583.515,3168.51036606257,2.338,3.74065383086987,6.34148557098946,-2.55939306315271,383816939950.168
Philippines,ph,2019,2.39206534422404,376823402244.928,3400.78949772302,2.237,0.697076301045342,6.11852566118505,-0.808557862517338,414552288030.862
Philippines,ph,2020,2.3931623931624,361751145451.597,3227.57910235199,2.522,1.6504901854719,-9.5182947406494,3.20065009232564,389165789740.532
Philippines,ph,2021,3.92718022100332,394087359848.11,3484.38593882819,3.398,2.2824784602486,5.71473313426225,-1.50797765976295,408104073652.169
Philippines,ph,2022,5.82115811213955,404353369604.631,3548.06930572116,2.598,5.48864820202009,7.58098212785563,-4.51605763317135,428113122133.855
Philippines,ph,2023,5.97802515541409,437146372729.942,3804.8725797521,2.222,4.59648506190769,5.54585117087767,-2.83353281449545,485154567168.652
Palau,pw,2010,1.44219017355169,188174300.0,10229.0878451837,,-0.0645398446834378,-0.895890570670019,-9.92627534071103,186058700.0
Palau,pw,2011,4.6746987951807,198873900.0,11000.879522071,,0.540086169407502,5.11827567484974,-12.743853807435,195804000.0
Palau,pw,2012,3.61418047882138,215762400.0,12145.3644807205,,7.14900851582783,1.25344701956125,-15.9825116313334,207871200.0
Palau,pw,2013,3.35481004221287,225345718.75,12768.9097206482,,7.71202544661706,-3.03626082731732,-12.9629960003294,220074418.75
Palau,pw,2014,4.19174548581256,243156484.375,13726.0222622072,,2.99107712093694,4.76999999999992,-19.9022950383968,234081884.375
Palau,pw,2015,0.949040643697081,278824781.25,15690.7586522228,,5.97861846793357,8.20000000000032,-8.69575927867609,265680781.25
Palau,pw,2016,-1.04230533415074,298323500.0,16762.5723436534,,7.46603050286012,-0.440000000000111,-16.5699316346181,282581000.0
Palau,pw,2017,1.4179881966692,285600000.0,16034.1342914889,,-1.03886801058309,-3.25999999999986,-23.4170168067227,279700000.0
Palau,pw,2018,2.10970464135017,288546281.25,16197.7254546986,,0.920598423666746,0.110000000000014,-18.778963210083,281046281.25
Palau,pw,2019,0.26737967914444,281941562.5,15841.1935329812,,-2.48399540230776,0.199999999999847,-29.7402054725436,279941562.5
Palau,pw,2020,0.218181818181833,258990843.75,14556.5896891862,,-2.27744753063782,-5.99942585620028,-44.638643716531,264990843.75
Palau,pw,2021,2.6124818577648,235752906.25,13257.2066721026,,5.59286809408013,-13.7938879740177,-49.0933502542983,245452906.25
Palau,pw,2022,12.3526638378124,255591062.5,14392.1990258461,,9.86330040028969,-1.31844903330447,-52.9862033027857,258791062.5
Palau,pw,2023,12.8199748216534,281849062.5,15899.4224911152,,8.24167046557693,1.87706979817723,,266049062.5
Papua New Guinea,pg,2010,6.01360893567856,14250786674.7766,1866.86889851208,2.002,9.9171611234198,10.1284540720232,-4.50849152932172,13182459454.5496
Papua New Guinea,pg,2011,4.44083401028971,17985138065.8549,2288.37591141234,2.62,8.83316822422471,1.10754362619616,-1.10018483437862,16273190424.1724
Papua New Guinea,pg,2012,4.53720508166972,21295168665.7247,2635.0873631547,2.631,-0.574719487183756,4.65711959686239,-10.7881600289653,20197600410.434
Papua New Guinea,pg,2013,4.9603174603175,21261338064.8783,2560.77458976327,2.692,3.58693538896726,3.82494632800675,-16.2256819496775,19541529643.4411
Papua New Guinea,pg,2014,5.22211720226841,23210823987.308,2723.17529825196,2.536,5.43739265412782,13.5437706216546,12.1393177239905,22809098942.2622
Papua New Guinea,pg,2015,5.99595778127107,21723437010.0982,2484.5963398603,2.503,-1.23111841681596,6.57835632304275,11.2064023719229,20304538492.9359
Papua New Guinea,pg,2016,6.6737288135593,20758876952.6232,2316.39479758492,2.472,2.51784593601241,5.48957315278187,13.6287612457148,19814206948.728
Papua New Guinea,pg,2017,5.42204568023834,22742699138.356,2477.76530986323,2.569,7.69953503846061,3.53461081750459,15.9024612947226,21662807667.8112
Papua New Guinea,pg,2018,4.37448921453162,24109780708.0268,2566.36833735041,2.635,9.79760566069545,-0.279252284959952,13.6302697156748,22779684590.4295
Papua New Guinea,pg,2019,3.92867290939597,24750626040.5917,2575.77274251891,2.634,1.06226146394965,4.4805145710407,14.3799231035246,23013814348.1214
Papua New Guinea,pg,2020,4.87167398565555,23848447849.7467,2429.61134586681,2.883,1.63449664597253,-3.16743204087665,14.3372352654053,23104207317.1053
Papua New Guinea,pg,2021,4.48359014042398,26109413522.3081,2607.57861884395,3.003,11.595270333527,-0.511353444150672,12.5772553471443,24519488109.9086
Papua New Guinea,pg,2022,5.25323922215241,31647277767.3976,3101.71063200047,2.689,15.0288207468673,5.70758411822096,14.4322078264296,29784181761.0989
Papua New Guinea,pg,2023,2.29869991296791,30729242919.4411,2957.68262498549,2.661,-3.62211156973066,3.03570475499642,13.612170248963,28819335417.8677
Poland,pl,2010,2.58069370250543,478111630683.514,12567.7317676382,9.578,1.57921733174169,3.16892748258036,-5.16657584018312,462249195768.249
Poland,pl,2011,4.2394014962594,527848543023.469,13867.6669408192,9.576,3.06571454649757,5.25546256612796,-5.11055687403888,509126016589.444
Poland,pl,2012,3.56037151702783,498148649702.66,13087.420943321,10.031,2.18343357394524,1.51178167644575,-4.11182485634079,479188660855.595
Poland,pl,2013,0.991982606332428,518179836405.36,13621.9023794031,10.293,0.270975789944856,0.684240607051805,-1.98155143805472,499262960365.017
Poland,pl,2014,0.0538213132399802,542134167178.627,14262.2841914116,8.971,0.482272387523025,3.92050862390032,-2.97288032663133,521376161737.583
Poland,pl,2015,-0.87412587412577,480054118583.367,12637.5220324406,7.475,1.32071091723995,4.43176700264478,-1.3254755565429,462002918158.907
Poland,pl,2016,-0.664767331433961,473259583969.643,12464.0110508476,6.141,0.0828624483893066,3.03117767594847,-1.06875807090352,454775433601.938
Poland,pl,2017,2.0759355367385,528356676667.211,13913.3402919927,4.867,1.77020284945432,5.15245773325907,-1.18631982461877,505864085381.071
Poland,pl,2018,1.81295156542679,594616687350.017,15658.2120316794,3.835,1.22699825174134,6.2458584723942,-1.96597240687912,569457737081.91
Poland,pl,2019,2.227478809383,602683770144.88,15874.5220531254,3.267,3.02644690867653,4.58045817256199,-0.272945793712772,577797688425.851
Poland,pl,2020,3.37446972618589,605914237903.742,15987.5753654045,3.155,4.23859434856777,-2.03556882399977,2.39835922164097,583489675593.182
Poland,pl,2021,5.05502704719272,689170230665.35,18635.5104895754,3.268,5.34023602800748,6.92718266052501,-1.30156521580162,658886045351.756
Poland,pl,2022,14.4294507575758,695607470875.276,18891.2121169279,2.811,10.689577427514,5.25545697386036,-2.27455866454271,668250895914.937
Poland,pl,2023,11.5289127961105,809200697797.088,22056.6661704127,2.743,9.54718862520608,0.138832754787188,1.79621693846398,778230830221.408
Puerto Rico,pr,2010,,98381300000.0,26435.74878578,16.1,2.49409859130991,-0.413254118484772,,64294600000.0
Puerto Rico,pr,2011,,100351700000.0,27278.8830499205,15.7,2.36982634915921,-0.358510628287917,,65720700000.0
Puerto Rico,pr,2012,,101564800000.0,27944.7338937424,14.5,1.17922814906284,0.0292751104898059,,68085700000.0
Puerto Rico,pr,2013,,102450000000.0,28513.1657351067,14.3,1.18201519575018,-0.306826657099748,,68944900000.0
Puerto Rico,pr,2014,,102445800000.0,28981.4573305866,13.9,1.20055485938157,-1.19036345385338,,68797500000.0
Puerto Rico,pr,2015,,103375500000.0,29763.4883013861,12.0,1.97754447018805,-1.04929003238674,,69602000000.0
Puerto Rico,pr,2016,,104336700000.0,30627.1634017011,11.8,2.22158248433406,-1.26369434781117,,69985200000.0
Puerto Rico,pr,2017,,103445500000.0,31108.7527508912,10.8,2.09140216242223,-2.88521838398481,,69049500000.0
Puerto Rico,pr,2018,,100958100000.0,31615.0667918433,9.2,2.04611568543814,-4.36142703162535,,67601100000.0
Puerto Rico,pr,2019,,105126400000.0,32916.866800639,8.3,2.41285225696176,1.67546379498209,,70765100000.0
Puerto Rico,pr,2020,,103130900000.0,31427.4291136799,8.89,2.38228345642378,-4.1808743093346,,70353300000.0
Puerto Rico,pr,2021,,106426600000.0,32619.250416757,7.9,2.79963990475235,0.385222719529239,,73357200000.0
Puerto Rico,pr,2022,,113567200000.0,35268.0791015719,6.0,3.03307902175796,3.56811024720668,,78476700000.0
Puerto Rico,pr,2023,,117902300000.0,36779.0594913858,5.725,3.23545943820875,0.563519426800866,,81550700000.0
"Korea, Dem. People's Rep.",kp,2010,,,,2.81,,,,
"Korea, Dem. People's Rep.",kp,2011,,,,2.894,,,,
"Korea, Dem. People's Rep.",kp,2012,,,,2.916,,,,
"Korea, Dem. People's Rep.",kp,2013,,,,2.928,,,,
"Korea, Dem. People's Rep.",kp,2014,,,,2.883,,,,
"Korea, Dem. People's Rep.",kp,2015,,,,2.896,,,,
"Korea, Dem. People's Rep.",kp,2016,,,,2.931,,,,
"Korea, Dem. People's Rep.",kp,2017,,,,2.846,,,,
"Korea, Dem. People's Rep.",kp,2018,,,,2.757,,,,
"Korea, Dem. People's Rep.",kp,2019,,,,2.782,,,,
"Korea, Dem. People's Rep.",kp,2020,,,,2.948,,,,
"Korea, Dem. People's Rep.",kp,2021,,,,3.0,,,,
"Korea, Dem. People's Rep.",kp,2022,,,,2.805,,,,
"Korea, Dem. People's Rep.",kp,2023,,,,2.831,,,,
Portugal,pt,2010,1.40257289895369,238443864993.217,22551.935098809,10.771,0.782135870239699,1.73762451045437,-10.2611634070617,230536903683.95
Portugal,pt,2011,3.65301100430724,245426767676.002,23246.5425416481,12.682,-0.260435343228338,-1.71352750320345,-6.11854777822696,241146265856.975
Portugal,pt,2012,2.77333854051586,216536676771.973,20593.4274224109,15.531,-0.376402236465708,-4.05090261868355,-1.52721549957903,211105801823.003
Portugal,pt,2013,0.274416666666663,226677408291.745,21676.4859642714,16.188,2.27438689186236,-0.984106758103536,1.53973827822347,223406869807.927
Portugal,pt,2014,-0.278153367467428,230078616299.675,22120.6850127107,13.897,0.724456717260622,0.741391470583679,0.315317528197346,225198395238.514
Portugal,pt,2015,0.48793862390472,199038523119.639,19215.7813014347,12.447,1.96244673853694,1.58979828893855,0.508297093307308,194045468799.965
Portugal,pt,2016,0.607397074641719,206305431241.638,19980.2808866516,11.068,1.85408723431426,2.00414109360487,1.42555528145605,201411635475.272
Portugal,pt,2017,1.36861411643472,220862990767.229,21442.3842768879,8.869,1.53220021015437,3.31472078233416,1.56389644169824,216161830459.115
Portugal,pt,2018,0.993715683468326,242092894542.888,23541.1401075289,6.994,1.8523724616237,2.94628241620853,0.7276825303456,236395409034.201
Portugal,pt,2019,0.338178410046034,240115970063.019,23343.3628970034,6.464,1.83436786237921,2.74568471619554,0.765771121812592,233752871351.921
Portugal,pt,2020,-0.0124383299575305,229618773422.577,22299.4044062173,6.801,2.10314342298463,-8.20463206255478,-0.629832722737585,225467491361.699
Portugal,pt,2021,1.26565719069044,256055879091.139,24711.4510062111,6.577,2.01977632737365,5.55875752305435,-0.672210743652409,252978982539.953
Portugal,pt,2022,7.83269124233323,256898675068.927,24620.519556875,6.011,5.32749894377305,6.98584193827881,-2.08477768135412,251691706536.851
Portugal,pt,2023,4.31128191898672,289114289663.542,27331.2094945255,6.509,6.90236590321598,2.52628110806764,0.561731143094815,281752856063.905
Paraguay,py,2010,4.65116279069765,27260886405.2263,4750.96273669322,4.569,4.65570138250342,11.0952312685521,-1.13186238216126,25835676255.5284
Paraguay,py,2011,8.2539682539683,33756238766.5,5805.40154543044,4.67,5.09571053875749,4.28637120702282,-0.677611879362919,32316546158.8783
Paraguay,py,2012,3.67591897974496,33271921136.315,5642.1699167298,4.085,4.79827587865157,-0.708043112316886,-1.8192171071173,31826845945.9459
Paraguay,py,2013,2.68385738718582,38501122141.4241,6435.68342733182,4.385,4.33767609515789,8.29307648940471,0.869670699189852,36883896783.0201
Paraguay,py,2014,5.02882767456766,40377929295.6419,6652.25478942291,5.034,2.85700648471038,5.30123859237025,-0.786984268884853,38813188600.5099
Paraguay,py,2015,3.12900274473925,36211447840.0971,5879.33792308671,4.556,1.60388801037963,2.95715173487106,-0.211443868847551,34791041670.0166
Paraguay,py,2016,4.08682280577241,36089700222.9461,5775.1596339946,5.255,4.13475444403026,4.26802583314583,4.60142654296843,34772206410.5902
Paraguay,py,2017,3.60247741348943,38997129473.5558,6152.26711537703,6.138,2.15920929174615,4.81007885554041,3.35657585005266,37645080815.2412
Paraguay,py,2018,3.97561015740694,40225448340.6322,6258.44991640954,6.217,1.96024819846549,3.20425034076639,-0.232847914321805,38831476238.1311
Paraguay,py,2019,2.75709727562775,37925338329.1494,5821.18199548637,6.595,3.06187945458328,-0.40185510068001,-0.577796386359664,36767424995.415
Paraguay,py,2020,1.76751592356698,35432178068.1814,5365.47220721191,7.548,2.20392146778615,-0.819785390971916,1.87300921514449,34220989522.023
Paraguay,py,2021,4.787983101236,39950899938.7482,5976.9317978996,7.311,8.44812602664209,4.01673731780312,-1.10846909700613,38564964617.2409
Paraguay,py,2022,9.76556667164402,41952910858.0846,6205.62595379319,6.755,8.05446050272607,0.176038366132886,-7.15542769879496,40588715171.0241
Paraguay,py,2023,4.63202285403356,42956263543.9482,6276.35113919957,5.794,2.06875531020788,4.71412407945468,-0.566372055431578,41584973464.2718
West Bank and Gaza,ps,2010,3.74915727597096,9681500000.0,2557.07562356699,21.416,13.1963162481764,5.77736205629419,-13.4993932332553,10280600000.0
West Bank and Gaza,ps,2011,2.8772435849594,11186100000.0,2880.79843707909,17.597,5.41982473738784,9.60080848913594,-18.500705760576,11935600000.0
West Bank and Gaza,ps,2012,2.77908768282492,12208400000.0,3067.43872735614,19.202,2.86773402643237,6.09645656326154,-14.917075141058,13065900000.0
West Bank and Gaza,ps,2013,1.72439933626931,13515500000.0,3315.29753909282,19.894,5.7383714378646,4.69856986552234,-14.7723926183376,14675800000.0
West Bank and Gaza,ps,2014,1.73298510037447,13989700000.0,3352.11259506043,20.526,3.67222811544951,-0.157866650855297,-13.5869104014545,15472300000.0
West Bank and Gaza,ps,2015,1.43161145810476,13972400000.0,3272.15432360708,23.005,-3.70701301671946,3.72129967114788,-13.8789175930847,15684800000.0
West Bank and Gaza,ps,2016,-0.219106604907316,15405400000.0,3527.61382413178,23.939,1.27802248372888,8.86461881995935,-13.90776226662,17301000000.0
West Bank and Gaza,ps,2017,0.212570934228881,16128000000.0,3620.36048715937,25.677,3.22541499220273,1.41936756294787,-13.2065607876551,18257000000.0
West Bank and Gaza,ps,2018,-0.195107773730735,16276600000.0,3562.33094270256,26.256,-0.301992725159963,1.22707737782703,-13.1500305467431,19062800000.0
West Bank and Gaza,ps,2019,1.58018333639455,17133500000.0,3656.85827137011,25.34,3.84946930147241,1.36268746558062,-10.3854804313719,19791500000.0
West Bank and Gaza,ps,2020,-0.735332001092191,15531700000.0,3233.56863835858,25.895,2.22090183339058,-11.3184661065134,-12.251111498554,18024400000.0
West Bank and Gaza,ps,2021,1.23748102831369,18109000000.0,3678.63565662194,26.39,8.95397174062261,7.01198227592003,-9.81804738509636,21736300000.0
West Bank and Gaza,ps,2022,3.74122391852077,19165500000.0,3799.95527015163,24.42,1.68265652739991,4.08276027347105,-10.6265229873781,23693000000.0
West Bank and Gaza,ps,2023,5.87110177678988,17420800000.0,3372.34974423005,,-3.90362226607192,-5.41093700031979,-16.6201865252463,20657700000.0
French Polynesia,pf,2010,,6086644798.55982,22494.806706186,12.145,-0.287103184096253,-2.4660641898174,-0.294406118669795,
French Polynesia,pf,2011,,6203940036.91982,22831.5185348524,12.274,0.0398540381661689,-2.96195745427229,2.82663363720287,
French Polynesia,pf,2012,,5692858099.00217,20846.5457478364,12.143,0.346766937067926,-0.927537712532072,1.37240717988221,
French Polynesia,pf,2013,,6031827122.60663,21955.6329264095,12.029,2.09042696818406,0.398801414346934,3.27354524979354,
French Polynesia,pf,2014,,6151996560.84289,22258.6321384251,11.889,1.36123772707739,0.593554452942286,4.29649738932559,
French Polynesia,pf,2015,,5325846361.81186,19166.9594761931,11.789,1.9600633571178,1.66510563013841,5.46732880455944,
French Polynesia,pf,2016,,5497036476.8031,19690.0775734589,11.715,1.06284877515266,2.3696444471055,7.49427461409959,
French Polynesia,pf,2017,,5833352692.7995,20826.9312492172,11.573,-0.379454943329449,4.37450238290198,,
French Polynesia,pf,2018,,6135116253.33452,21925.616043938,11.572,-1.20319688581242,1.83202822787646,,
French Polynesia,pf,2019,,6022276196.13871,21582.5892046801,11.565,0.822431269471167,2.69993449863051,,
French Polynesia,pf,2020,,5792545870.80614,20746.2720428286,12.951,1.65824532511503,-7.05099065433484,,
French Polynesia,pf,2021,,6150640646.38319,21982.9038942614,12.531,0.198829632204649,2.09478896837454,,
French Polynesia,pf,2022,,5814661208.90544,20738.6499971661,11.888,1.79361104875255,4.46607459000271,,
French Polynesia,pf,2023,,,,11.749,,,,
Qatar,qa,2010,-2.42525675161714,125122306346.154,77387.3267885308,0.45,6.9793298939115,19.5923315337859,,112178571428.571
Qatar,qa,2011,1.13836623529202,167775268626.374,103261.506539346,0.56,18.2701713424367,13.3751764107929,31.0675119241216,154504256813.187
Qatar,qa,2012,2.31534853431661,186833502362.637,108470.378825036,0.48,6.32996223555197,4.73001184360784,33.1847245628586,174708777087.912
Qatar,qa,2013,3.22197756829293,198727642967.033,103697.008372373,0.28,0.767488571935985,5.55604064306607,30.4240457483909,188363906703.297
Qatar,qa,2014,3.34972085659523,206224598571.429,95840.6310094498,0.2,-1.4827510630932,5.33432329196459,23.9592611415734,196924049120.879
Qatar,qa,2015,1.8140772393776,161739955576.923,68985.2946961507,0.17,-25.1298074959928,4.75334572438737,8.50181028353526,158174570961.538
Qatar,qa,2016,2.6765917009819,151732181868.132,61253.6375482797,0.15,-8.97669905751843,3.06419188430156,-5.45006694867961,150622841208.791
Qatar,qa,2017,0.394878914083005,161099122225.275,63279.8556949332,0.14,7.78756965604812,-1.49760470227838,3.98856887721847,160679616730.769
Qatar,qa,2018,0.255815382724408,183334953818.681,71039.8490579352,0.11,12.4144035260003,1.23487220191065,9.08293669883969,179589624148.352
Qatar,qa,2019,-0.666641124861147,176371267689.082,66841.3013472693,0.1,-4.45591421178636,0.688240959581748,2.41529709782418,171961652307.692
Qatar,qa,2020,-2.5403150300476,144411363345.27,51683.5054353851,0.14,-15.100420309421,-3.55760399909477,-2.06750647355623,141366857857.143
Qatar,qa,2021,2.30446565742003,179732009554.846,71751.8831234838,0.14,22.4660221244491,1.62684672468288,14.6435967830201,176969097472.527
Qatar,qa,2022,4.99527553740761,235709325708.341,88701.463350036,0.13,25.8769173658359,4.18500971344966,26.7778361985376,227481667472.527
Qatar,qa,2023,3.02764899198902,213002809330.267,80195.874646942,0.13,-10.6934814488438,1.18715991184813,17.1136863386523,206928908231.366
Romania,ro,2010,6.09141668601891,170064350671.827,8399.5374234284,6.959,5.93211185989944,-3.90581157302972,-4.98543687917279,168094458195.664
Romania,ro,2011,5.7892532881588,192623977894.173,9560.6755277458,7.177,3.98254945792303,4.49558909946313,-4.81588301986923,190288593351.457
Romania,ro,2012,3.33492267693442,179117323107.087,8929.95366231474,6.794,3.81023942192328,1.90361696799603,-4.5780429237629,176155821463.583
Romania,ro,2013,3.9847123554813,189798603751.235,9497.67411615237,7.096,1.39458661535372,0.278771877470234,-1.13746709997941,187012758431.175
Romania,ro,2014,1.06830987684298,199722319675.741,10031.7710755404,6.802,1.71417093292732,4.11600109267832,-0.341464408053706,198781424858.361
Romania,ro,2015,-0.594156437495203,177885131240.315,8977.01748158196,6.812,3.26453494332559,3.1570360543854,-0.637491637323504,176016433717.531
Romania,ro,2016,-1.54479666813897,185290759248.844,9404.54005870715,5.901,2.61991857394388,2.85993252302089,-2.10324885883263,182793770174.934
Romania,ro,2017,1.3390212110439,210147385855.419,10727.9822007426,4.927,4.65130664700149,8.19547826641261,-3.19415712159883,207139929998.628
Romania,ro,2018,4.62548443137779,243468683030.34,12502.2624061935,4.187,6.18674870152643,6.120930007146,-4.57574630656688,239021337055.325
Romania,ro,2019,3.82785432599438,251677082534.495,12992.0326104674,3.912,6.94651343516345,3.92326384963494,-4.83888471153027,248106362712.884
Romania,ro,2020,2.63107311184743,252033792712.145,13082.3006559554,5.035,4.11051645013276,-3.67438440910189,-5.11170596373103,248241836530.323
Romania,ro,2021,5.05232876096582,286578196368.297,14986.7854904274,5.59,5.61025509902417,5.5457096259051,-7.17641506065995,280850525992.947
Romania,ro,2022,13.7954887432521,296354358293.475,15557.8826247584,5.614,12.0919624576312,3.96530766311717,-9.22066575659504,287401142589.008
Romania,ro,2023,10.3971874764996,350775856415.189,18404.2730871704,5.589,12.7699377919606,2.40427177912809,-6.97326015106598,341406887173.994
Russian Federation,ru,2010,6.84939230255025,1524916715223.95,10674.990234375,7.407,14.1911095688207,4.49999999920672,4.4233366535099,1477812038495.23
Russian Federation,ru,2011,8.4404648593257,2045922753398.04,14305.33203125,6.571,24.4600860621898,4.30002918567749,4.75452652542426,1985523437666.18
Russian Federation,ru,2012,5.07474300799149,2208293553878.42,15401.8515625,5.484,8.90786842087834,4.02408615746921,3.22793090052757,2140632821885.44
Russian Federation,ru,2013,6.75371026220942,2292470078346.22,15941.4482421875,5.513,5.32013887237915,1.75542214874298,1.45817388483059,2212865788369.71
Russian Federation,ru,2014,7.82341183865513,2059241589895.01,14055.47265625,5.212,7.49007111696609,0.736267221765672,2.79290979175164,1991279402292.03
Russian Federation,ru,2015,15.5344050528403,1363482182197.71,9277.7138671875,5.615,7.24973590678889,-1.97271922580408,4.97088857375125,1325733351220.47
Russian Federation,ru,2016,7.04244762954799,1276786350881.14,8663.158203125,5.591,2.84422269802643,0.193690071260534,1.91643731021353,1241289768349.06
Russian Federation,ru,2017,3.68332944412233,1574199360089.0,10658.9130859375,5.238,5.34981508767618,1.82579006401834,2.04412673615753,1532146060813.91
Russian Federation,ru,2018,2.87829723647884,1657328773461.31,11211.8876953125,4.871,9.99797671148308,2.80724541059601,6.97989872935135,1616936904758.28
Russian Federation,ru,2019,4.47036660760173,1693115002708.32,11447.701171875,4.513,3.26313281881684,2.19807571335009,3.87612476973049,1639594452707.88
Russian Federation,ru,2020,3.38165937237898,1493075894362.14,10108.3271484375,5.62,0.898246027195242,-2.65365450102773,2.36911533657246,1458071184362.37
Russian Federation,ru,2021,6.69445891957612,1843392293734.38,12521.5224609375,4.749,19.4115890615904,5.61429037578345,6.77842857565971,1800376274532.51
Russian Federation,ru,2022,,2266029240645.34,15445.2421875,3.867,16.7152740606271,-2.06971152527731,10.4912490569379,2219007320645.76
Russian Federation,ru,2023,,2021421476035.42,13817.0458984375,3.076,7.07360156603734,3.60000000000001,2.48008562206929,1994504886035.41
Rwanda,rw,2010,-0.246128693436934,6124756654.12346,593.624927744346,11.673,3.18717431895028,7.33465645006753,-6.51687014325837,6073490473.92275
Rwanda,rw,2011,3.0801706924026,6884913658.10632,651.133677964662,11.775,7.19147737875907,7.95838869847094,-6.92834416704242,6827682931.80234
Rwanda,rw,2012,10.2710182318876,7654761573.54991,706.817317494399,11.701,4.7228346580055,8.64150815836322,-9.68045775900612,7552066586.40123
Rwanda,rw,2013,5.92426867984854,7819963715.75353,704.924190167572,11.785,2.68970175896683,4.71984856978263,-7.48220361390479,7688179237.00505
Rwanda,rw,2014,2.35449052820358,8238966063.86692,724.957521209377,11.844,4.73237348815783,6.16716615166932,-11.3438930759343,8050147969.23617
Rwanda,rw,2015,2.52850284192421,8543759677.58157,733.998585018273,11.838,0.485928791648902,8.8568555974538,-12.6837777141814,8381415487.9646
Rwanda,rw,2016,7.17434301982009,8695272300.91019,729.519154199595,11.801,5.03012214050614,5.97074525431094,-15.3051258052923,8456915984.28202
Rwanda,rw,2017,8.27953672260832,9252834336.49492,758.301002985965,11.875,8.16262594714252,3.91817093628465,-9.46048131401367,8961396887.97232
Rwanda,rw,2018,-0.311210160390699,9637904655.17446,771.773521962568,10.759,-0.603329019206939,8.51646722592409,-10.114250948548,9290176578.87054
Rwanda,rw,2019,3.34787655037648,10349300380.33,810.051420243718,11.236,2.47117029507604,9.44738518613097,-11.8932236858243,10001278819.8817
Rwanda,rw,2020,9.85039902274207,10174387374.3478,778.701538550324,11.829,6.71183680148918,-3.37368746369782,-12.064812216896,9937664507.81212
Rwanda,rw,2021,-0.391346748300791,11069280649.6459,828.833032800998,15.775,2.85751132750647,10.8579677614975,-10.924027530399,10843185964.5843
Rwanda,rw,2022,17.6892095588153,13316160895.0447,975.469315871749,15.084,15.9144975139225,8.15773308481241,-9.36031324294925,13036292514.0951
Rwanda,rw,2023,19.789546746467,14097768472.1883,1010.2689290184,12.352,10.1301242308679,8.24128769450616,-11.7303701619048,13817608901.8164
Saudi Arabia,sa,2010,5.33941680637454,528207200000.0,22028.3790215788,5.55,17.1912927985998,5.03949284261405,14.0881886013289,542914944400.0
Saudi Arabia,sa,2011,5.82621608838862,676634666666.667,26966.2941648251,5.77,15.412103777545,10.9937616764876,24.383882084584,692763354533.333
Saudi Arabia,sa,2012,2.86626887489915,741849866666.667,28348.5730107499,5.622,4.01223554962029,5.40891607761418,23.4095849519027,761738805173.333
Saudi Arabia,sa,2013,3.53252470694918,753864533333.333,27290.1978052614,5.6,-0.892597886207128,2.53477827137303,18.9779926660548,775051883546.667
Saudi Arabia,sa,2014,2.23629031536978,766605866666.667,27079.6733871148,5.877,-2.04340434872742,3.81142279142699,10.4695042638399,789633446080.0
Saudi Arabia,sa,2015,1.20607322150109,669484266666.667,22453.571552265,5.6,-16.4369469112862,4.5090590631757,-7.86281622610283,690847754533.333
Saudi Arabia,sa,2016,2.06884036053473,666000000000.0,21515.6600083775,5.6,-2.36045062575421,1.88449273567737,-3.67180807394518,681352861413.333
Saudi Arabia,sa,2017,-0.838194579675018,714994666666.667,23081.2045336558,5.89,6.38731634132101,0.911048655580274,1.69587571441748,726876989173.333
Saudi Arabia,sa,2018,2.45814158007532,846583733333.333,28036.0264674095,6.029,14.7336140424025,3.19922678028009,8.61769056124221,854758208400.0
Saudi Arabia,sa,2019,-2.09333333333329,838564800000.0,27892.8421521179,5.636,-2.02274033833496,1.09773374954092,4.58535509505622,846719422506.667
Saudi Arabia,sa,2020,3.44545825956692,734271200000.0,23271.4037647084,7.66,-9.18456817699072,-3.58153486307663,-3.47926474073661,745486551306.667
Saudi Arabia,sa,2021,3.06328988941547,874156000000.0,28396.0864182336,6.621,13.3007001530628,5.07511034987979,4.63688719545091,887051480960.0
Saudi Arabia,sa,2022,2.4740737192537,1108571466666.67,34454.1957708412,5.589,17.9839455619021,7.48598429134137,13.5628144844014,1118179993493.33
Saudi Arabia,sa,2023,2.32708518362692,1067582933333.33,32093.9622984711,4.008,-2.96488667496891,-0.754914810584665,3.29091687721662,1073418445360.0
Sudan,sd,2010,12.9776663898014,58962978034.4828,1305.63598632813,15.161,22.6694192116219,3.85824195230107,-2.92618988919934,54796022310.3448
Sudan,sd,2011,18.0966171221351,55018567210.5263,1332.6572265625,17.44,26.3283499650477,-3.21353209253371,-4.82188496528231,51237402657.8947
Sudan,sd,2012,35.5590574147024,37632919966.6667,1019.22210693359,17.002,30.1285931395558,-17.0046884048945,-16.6318777556219,35608466700.0
Sudan,sd,2013,36.5223449139154,43024018082.1918,1138.62780761719,16.3,36.4286291176933,1.95514463302422,-13.5321488136858,40223884726.0274
Sudan,sd,2014,36.9066427863595,49516748617.9775,1275.43835449219,15.411,34.0669855189111,4.66137954229873,-7.16013618473832,48568747977.5281
Sudan,sd,2015,16.9095706050977,51726758676.7677,1292.37963867188,14.347,14.0225574392301,1.91017689052751,-10.5569345811594,50563738020.202
Sudan,sd,2016,17.750253831196,42630376000.0,1033.21594238281,13.606,20.6855877306245,3.46764218409288,-9.88346111101847,41763874766.6667
Sudan,sd,2017,32.3516260968437,41283617976.1905,966.505676269531,12.953,34.6223707315316,0.70925628476644,-11.1697054533751,39632308795.2381
Sudan,sd,2018,63.2925073455888,32333780383.2924,731.027465820313,12.303,55.9753254437569,-2.6809305497999,-14.4693934170139,30521438452.0885
Sudan,sd,2019,50.9940515002965,32338079165.2893,709.975280761719,11.658,51.9788933465452,-2.17825104530091,-14.7808388986177,30717965586.7769
Sudan,sd,2020,163.257782355458,27034593750.0,577.795227050781,11.958,115.65291501439,-3.62980082410752,-21.6064794369516,25561386740.0266
Sudan,sd,2021,359.093040778999,34229513774.9936,712.122009277344,11.044,235.515443582343,-1.8685204827207,-7.65468962500371,32885091723.3444
Sudan,sd,2022,138.80846024176,51666875363.0963,1046.24084472656,7.53,116.874075405794,-0.957816591119183,-8.59889945377348,50588328583.9847
Sudan,sd,2023,,109265503110.904,2183.44140625,,213.72584787991,-20.1115759693272,,108296704784.696
Senegal,sn,2010,1.22868119673341,16121315909.0758,1275.88357492357,2.803,1.60441579019933,3.39088925336209,-3.65650876220736,15971192907.043
Senegal,sn,2011,3.40322829786971,17814283639.3119,1374.67591873844,2.853,3.85747038355476,1.33409107961258,-6.44529936745546,17532438785.7207
Senegal,sn,2012,1.41822871177844,17660870411.5235,1326.83798848379,3.888,3.27411157616761,4.00299555090457,-8.65191854670285,17359552048.495
Senegal,sn,2013,0.710245486695272,18918667724.8817,1379.83196553924,4.986,1.18613046995503,2.41238527605579,-8.19227245767784,18595820748.9949
Senegal,sn,2014,-1.09025507446895,19797253440.2679,1398.89137601382,5.841,-1.51585973451603,6.22407443790986,-6.80294523804886,19408861677.0509
Senegal,sn,2015,0.13521193363526,17774766696.1759,1218.00613555438,6.757,1.06978461964601,6.36704365066983,-5.31619475400192,17312461398.5564
Senegal,sn,2016,0.837284942557434,19040312333.1864,1266.43957151587,4.455,0.955649520089025,6.35606857181878,-4.178756111634,18541862786.7709
Senegal,sn,2017,1.3181531484778,20996562943.5979,1356.80518449031,4.078,0.598916826886537,7.4074861863013,-7.26914082739769,20409580182.44
Senegal,sn,2018,0.460985642464282,23116701556.1381,1452.55612562445,3.455,-0.839644464738328,6.20924103389086,-9.58292425612148,22515158389.2178
Senegal,sn,2019,1.76011151192938,23403995992.1354,1431.18128932159,2.863,2.08580185181253,4.61362809749708,-8.10949609772066,22793623628.4741
Senegal,sn,2020,2.54314685681652,24530513037.7518,1461.08720350553,3.437,1.60273383045899,1.3420737726679,-10.8532305243561,24122233479.2522
Senegal,sn,2021,2.18032278088147,27520784129.7508,1598.10676952274,3.44,1.44730627584974,6.54400109964304,-12.0900482268387,26818952801.8446
Senegal,sn,2022,9.69681899081073,27619479059.6131,1564.74522071584,2.837,8.72786615579552,3.82586363675534,-20.0668972619486,26730995883.9422
Senegal,sn,2023,5.93947798773215,30848333083.7055,1706.44218024762,2.8,3.85182919223391,4.58406140454957,-19.6828748022512,29815310912.7186
Singapore,sg,2010,2.82366134885608,239807980591.24,47236.683084953,4.12,1.10780871344616,14.5197497108994,22.9333472183785,237216943354.934
Singapore,sg,2011,5.2477933984048,279356499090.458,53891.4570264372,3.89,1.17079820355097,6.21493416858989,22.2184518342372,269757413084.683
Singapore,sg,2012,4.57560270376527,295092888076.589,55547.5553077786,3.72,0.495345771200874,4.43549759378537,17.6432739045995,281970766822.76
Singapore,sg,2013,2.35860415399832,307576360584.992,56967.4257940383,3.86,-0.431059391871671,4.81763099120676,15.707187590209,291009669943.259
Singapore,sg,2014,1.02514803039391,314863580758.455,57564.8023114977,3.74,-0.267270041634802,3.93554027709007,17.9502135491878,303910658616.471
Singapore,sg,2015,-0.522618167075298,307998545269.398,55645.6068614606,3.79,3.07195500966418,2.97679931634806,18.6930222903094,286982925099.558
Singapore,sg,2016,-0.532268739716253,319053943915.005,56899.9181805173,4.08,0.489627028998726,3.58864369582668,18.0392463471499,299704968202.289
Singapore,sg,2017,0.576260310166349,343257164581.712,61162.0973932771,4.2,2.89404191400374,4.51292631770927,18.6260950135482,319463982475.515
Singapore,sg,2018,0.43862011844684,376892697588.005,66840.6373389791,3.613,3.60410043476227,3.51711418509255,15.7021310963339,330780032057.128
Singapore,sg,2019,0.565260568780326,376901649222.451,66081.7199235165,3.1,-0.20441464095768,1.34505874082728,15.3540131622503,333217559842.775
Singapore,sg,2020,-0.181916666666634,349488382610.662,61466.803676358,4.1,-2.43859056928547,-3.86979893430043,17.4848519172132,301827008237.772
Singapore,sg,2021,2.30485959040484,434111559282.849,79601.4129622433,4.64,10.2637667092318,9.69076687082064,19.9108522556576,369181671818.698
Singapore,sg,2022,6.12106004039418,498474540987.78,88428.7024226232,3.591,13.4781380113655,3.83807678519807,18.8115123045876,402947122111.431
Singapore,sg,2023,4.82146729476466,501427500080.059,84734.2559206054,3.444,-3.06902994364776,1.07503175095101,17.8297603314757,420675068720.039
Solomon Islands,sb,2010,1.05148163321038,898133684.898793,1685.15499035363,1.617,1.74527790331425,9.70838816928725,-16.050570178358,854225748.127504
Solomon Islands,sb,2011,7.34270706018,1063895360.69907,1924.05277323978,1.292,4.47682788873855,7.42994961675907,-1.76448181407241,990047255.301777
Solomon Islands,sb,2012,5.91200602491155,1185215418.25562,2066.25352289833,0.984,4.65219263177319,2.46600138697883,2.22664220100674,1128048090.58295
Solomon Islands,sb,2013,5.3913638858756,1285911586.132,2161.39573596215,0.694,2.3522743375372,5.23774017780327,-2.99759976580723,1289722485.27314
Solomon Islands,sb,2014,5.16590237925171,1335571420.72676,2164.9442392168,0.729,3.67027557918389,1.18921747092358,-3.71115377219683,1320294155.73102
Solomon Islands,sb,2015,-0.57446928635949,1307909887.55212,2045.47889485251,0.735,3.35777295956466,1.67614615649777,-2.75805796717988,1283709265.13979
Solomon Islands,sb,2016,0.512485626268792,1379490304.2254,2082.62989047871,0.734,0.344942428061586,5.55473153366954,-3.53779116137824,1336643909.59761
Solomon Islands,sb,2017,0.488686760261083,1469789119.08756,2143.57465243959,0.725,2.5766856785921,3.07534803424636,-4.27498999015075,1440170145.00361
Solomon Islands,sb,2018,3.46147484973729,1615478393.28614,2278.20633913383,0.72,7.85787438297851,2.74599542334096,-2.95981146196371,1594890892.86961
Solomon Islands,sb,2019,1.63485544012247,1619155017.3924,2223.66502559565,0.743,1.24130303241819,1.74856655451832,-9.51098244742117,1602564673.522
Solomon Islands,sb,2020,2.96354992076065,1536145814.17007,2063.33101522108,0.864,-1.32591732051718,-3.3811475409836,-1.63132631148554,1572050827.1044
Solomon Islands,sb,2021,-0.115437894412839,1522794913.0914,1996.86976779348,0.884,-5.504745457506,2.56434975416948,-5.13474114732006,1540747133.63315
Solomon Islands,sb,2022,5.51812928576938,1566360686.10632,2005.4139933198,1.483,2.01661207154767,2.40248143622522,-13.9516929510842,1574657865.26896
Solomon Islands,sb,2023,5.88585897042164,1633319401.19414,2041.6364912646,1.455,3.88899446253055,3.07976981501386,-10.9101157275012,1658453812.50834
Sierra Leone,sl,2010,7.18566275668163,4033122830.14424,648.129229488008,4.413,17.4339240319793,6.63749245827172,-14.5122684691414,4033073711.0576
Sierra Leone,sl,2011,6.79138291952621,4587078913.13315,718.161680687537,4.54,17.295115798704,6.00983104607874,-41.7151434822152,4586860848.1358
Sierra Leone,sl,2012,6.58776239392585,5927684219.15278,904.840762004552,4.552,12.0412148525003,15.201748273464,-20.4162828250865,5927502383.72685
Sierra Leone,sl,2013,5.52412877994266,7697098118.19922,1146.4163912665,4.538,6.95914982637184,21.0790141636427,-9.5762775850755,7696661903.44187
Sierra Leone,sl,2014,4.63931171409667,7845456215.27807,1140.92742266148,4.678,1.79536377351708,4.55925353270435,-6.02552076426269,7845075238.30954
Sierra Leone,sl,2015,6.68943562498681,6651626733.64854,945.148168480629,4.606,19.6403377509812,-20.4910741067999,-15.0801915545255,6651514105.59496
Sierra Leone,sl,2016,10.8860609413903,6042615859.61074,838.631615328371,4.294,5.85170885537505,6.34672785193577,-4.86340760211655,5946667599.37297
Sierra Leone,sl,2017,18.2215094003386,5818480351.63706,788.486867334833,3.834,8.95600063695517,3.7538032140037,-11.680321040579,5718813430.74186
Sierra Leone,sl,2018,16.0295447693699,6390514688.52816,845.914540460932,3.192,14.0105639405151,3.47290262012454,-9.25504556429235,6321721809.58471
Sierra Leone,sl,2019,14.8049990906021,6523577590.38319,843.71251730417,3.203,9.91558334836972,5.50270937378153,-7.78800790188033,6453832475.36326
Sierra Leone,sl,2020,13.4468711101052,6688594757.62129,845.313836261458,3.508,13.2769444949676,-1.2533490322766,-5.83703102745449,6661953410.23387
Sierra Leone,sl,2021,11.8739588840234,7165214367.64956,885.184270659578,3.556,7.43295884720851,5.8968527047094,-7.29657128553341,7095115114.09872
Sierra Leone,sl,2022,27.2082883814653,7119137321.90082,860.130884035452,3.175,26.9524276570781,5.3135546141915,-6.35040642174422,7052172099.95978
Sierra Leone,sl,2023,47.6428733253179,6411869546.28929,757.85833603088,3.153,29.2160488413443,5.7100218981806,-9.45681062756132,6357900250.52952
El Salvador,sv,2010,1.17933576873673,18447920000.0,3040.07300952878,4.893,2.59792051504036,2.15419536693635,-2.88821622788294,17909710000.0
El Salvador,sv,2011,5.1289237668161,20283780000.0,3330.60049486653,4.297,5.95334315490372,3.77358499834686,-5.48105199392229,19665540000.0
El Salvador,sv,2012,1.72973481581383,21386150000.0,3497.91256915509,3.843,2.475549962784,2.88770010188691,-5.79721503254672,20515590000.0
El Salvador,sv,2013,0.757669184522973,21990960000.0,3582.26694005169,3.693,0.631311695261005,2.18295232499635,-6.90474689247509,21000760000.0
El Salvador,sv,2014,1.14134467538233,22593470000.0,3666.01248913873,4.154,0.993230854860357,1.7293998423459,-5.3713869873012,21558030000.0
El Salvador,sv,2015,-0.731384487387957,23438240000.0,3790.34089108162,3.998,1.307617777231,2.40000008852115,-3.2159293549397,22346390000.0
El Salvador,sv,2016,0.60404908699661,24191430000.0,3901.34014965811,4.418,0.657746207396585,2.53906241135864,-2.27403286613894,22945050000.0
El Salvador,sv,2017,1.0123540331558,24979190000.0,4020.12671373919,4.385,0.986566456267596,2.24761908134138,-1.85990733613607,23591570000.0
El Salvador,sv,2018,1.09033000581892,26020850000.0,4183.54620971358,4.006,1.71626308707515,2.4124442237792,-3.30179306522223,24550760000.0
El Salvador,sv,2019,0.0753241350024612,26881140000.0,4320.11671534627,4.17,0.848014701105342,2.43747159065784,-0.421693578525018,25540040000.0
El Salvador,sv,2020,-0.371590212324095,24921190000.0,3997.19279583709,5.008,0.653512318599752,-7.893101359867,1.11030429654712,23543800000.0
El Salvador,sv,2021,3.46692585313082,29043140000.0,4642.60743101342,4.327,4.14207468599355,11.9047617015957,-4.30553038660689,27355140000.0
El Salvador,sv,2022,7.19861615609867,31988920000.0,5093.51833879776,2.999,7.143242839221,2.79955216943868,-6.82165878501212,30006450000.0
El Salvador,sv,2023,4.04554694222477,34015620000.0,5391.06926181338,2.992,2.7288450232809,3.51097706608982,-1.36904279807399,31873990000.0
San Marino,sm,2010,2.58541815582587,1881191925.32503,56543.1898204098,,1.43035574550051,-5.47368421052632,,
San Marino,sm,2011,2.89979584300123,1813717438.69134,55601.3929703047,,0.152699197986834,-8.3147735708983,,
San Marino,sm,2012,2.8273322422258,1604701299.43546,47945.8991734281,,3.12004460358166,-7.04453441295546,,
San Marino,sm,2013,1.60439298078082,1678741475.14095,50807.8289138024,,2.00061717503941,-0.78397212543554,,
San Marino,sm,2014,1.11296303373851,1673911426.17254,51260.4938347125,,0.388644528758022,-0.702370500438988,,
San Marino,sm,2015,0.145686073241066,1419401070.56043,43146.8240435428,,-0.742700250740796,2.29150556129265,,
San Marino,sm,2016,0.644075340346552,1468343139.74326,44359.4797662688,,1.31670533871484,2.34440586055426,,
San Marino,sm,2017,1.01413313194508,1528620346.31168,45192.0279766943,,1.74335584048488,0.258265466328027,-0.391282695967683,1415999665.61456
San Marino,sm,2018,1.16333522293158,1655353653.05934,47950.6880557136,,2.06429610242003,1.49390531817373,-1.8872752884789,1507442962.87199
San Marino,sm,2019,0.472651967352852,1616232125.12587,46627.0122356944,,0.914100160109228,2.06568514732739,2.03446629723337,1479667047.50921
San Marino,sm,2020,-0.133368898372915,1544714493.24409,44426.6463400658,,0.344576815256147,-6.64791081780605,2.7823596967632,1394334873.33738
San Marino,sm,2021,1.61551411551421,1855395999.76534,54168.9828262684,,1.84143317836185,13.8977895076234,5.39603170026162,1672180214.30153
San Marino,sm,2022,5.32545321311365,1831700577.08904,54264.570495898,,2.7646735234789,7.89844145767604,15.5187024540628,1672839869.40509
San Marino,sm,2023,5.93190858629403,,,,,,,
Somalia,so,2010,,2687807003.73935,219.202453852397,19.031,-15.3469023050206,6.69435192557543,,2661757590.86352
Somalia,so,2011,,2906000096.93249,235.325945610434,19.052,-2.88779805597117,6.69435192561608,,2881763046.05489
Somalia,so,2012,,4364670160.00146,350.261946720969,19.105,5.77054398305643,6.6943519255742,,4364670160.00146
Somalia,so,2013,,5062881613.12833,393.398704973003,19.013,-10.4668138347536,10.9592914484669,,5030881623.04339
Somalia,so,2014,,5728399710.56333,429.431656017709,18.861,8.92321069866951,8.97800590578942,,5697749720.61377
Somalia,so,2015,,6152149080.00168,445.583078625015,18.597,6.94895320598204,10.4621884118733,,6122909830.00215
Somalia,so,2016,,6613743089.99932,460.928491979039,18.578,4.08186837702725,7.03487297368963,,6583423311.6127
Somalia,so,2017,,7621501720.00021,510.939952988052,18.523,0.597727181659508,14.7357951487888,,7588940646.51802
Somalia,so,2018,,7873440838.36559,509.525802439801,18.738,4.97532968432834,2.05431485565899,,7839349638.49573
Somalia,so,2019,,8655023960.002,539.893931565468,18.828,11.8594164700306,2.82431336541845,,8619332513.2951
Somalia,so,2020,,8628393719.99922,518.184778494176,19.413,5.36583593677899,-2.75248103927831,,8590360804.26614
Somalia,so,2021,,9483997404.25227,549.114743546859,19.662,7.3886001174333,3.45822792939802,,9441984488.45382
Somalia,so,2022,,10202767269.9603,573.128092470162,19.05,7.91416641125198,2.72711429582988,,10157767269.9601
Somalia,so,2023,,10968517090.0004,597.458854603159,18.941,4.5724656131988,4.21638432609835,,10922457080.0007
Serbia,rs,2010,6.14255360247248,43536629233.1424,5970.92660940072,19.204,4.95030895713286,1.61097266144839,-6.18385847336539,42660028434.7263
Serbia,rs,2011,11.1373976342129,51251098408.0924,7082.2861666075,22.959,11.0023151879629,0.0542724785839397,-9.92802601945114,49347436352.3306
Serbia,rs,2012,7.33038589596646,45103269969.4112,6263.04086072815,24.0,6.04404445896019,-0.443956029497713,-10.4794350040675,43688184212.71
Serbia,rs,2013,7.69426362896655,50455529604.0696,7040.41812068781,22.154,7.8010852139731,0.451578762944706,-5.53788697865576,48570920276.0956
Serbia,rs,2014,2.08244793880154,49114321280.3466,6886.67809068704,19.223,2.90940668005459,-1.80427024822048,-5.36439658261537,47332816794.2133
Serbia,rs,2015,1.39235822000187,41297410634.9586,5820.3215576888,17.66,2.16912087992016,1.29573851189748,-3.31781960336985,39457763395.7096
Serbia,rs,2016,1.12231397417769,42225495909.5633,5982.37030126471,15.257,1.54382768559221,2.97519779211943,-2.81825710129299,39988171446.5188
Serbia,rs,2017,3.13106248590115,45972834713.8077,6548.03653824187,13.477,2.99735460836095,2.36339378690924,-5.05239948291626,43120235148.2036
Serbia,rs,2018,1.95984076293801,52787520248.9242,7559.86165747394,12.733,1.99999940277962,4.64935035491007,-4.65847286841161,50210951337.9451
Serbia,rs,2019,1.84922984511086,53864693664.5568,7755.632986437,10.395,2.34783114136296,4.75020793899014,-6.56331526088246,51089361866.0137
Serbia,rs,2020,1.57553290083415,55874017668.998,8098.70955668849,9.011,2.6493593974983,-0.950023991851594,-3.89586001943546,54250382218.3185
Serbia,rs,2021,4.08510285335102,66159884072.5308,9680.52798074468,9.843,5.68404945078089,7.94905650472278,-4.01208394283306,63725727979.9209
Serbia,rs,2022,11.9815117344703,66797564758.339,10022.9688543402,8.439,10.5159219499465,2.63098644408841,-6.67240065379081,63640695711.6359
Serbia,rs,2023,12.3719043552519,81342660752.3732,12281.5058488303,8.268,13.8402321392915,3.84747112784942,-2.39368330844907,77124644204.4078
South Sudan,ss,2010,1.16962180301106,14602072410.9506,1498.27034985194,12.503,12.9264024311492,5.49341639529945,,
South Sudan,ss,2011,46.8521757193597,14907308932.7534,1448.98435006408,12.635,38.8333429721931,-4.64031673600859,,8550148979.59184
South Sudan,ss,2012,45.5258978371706,11931472169.4915,1109.26050083408,12.896,46.5069047554802,-46.0821223743007,,11486155559.322
South Sudan,ss,2013,-0.0580909784225664,18426469016.9492,1650.18943353528,12.727,36.5121584994857,13.1297311406943,,17413371593.2203
South Sudan,ss,2014,1.67429906295525,13962212847.4576,1242.73450181032,12.602,-26.7002845822567,3.37364847715736,-5.65945565697319,11954212847.4576
South Sudan,ss,2015,52.7663304192142,11997800760.2242,1080.14718624765,12.485,17.6893321393151,-10.7933646271143,-4.169014055128,10522802563.6757
South Sudan,ss,2016,379.999585624026,,,12.955,,,-5.76700049530002,
South Sudan,ss,2017,187.851630279442,,,13.111,,,8.30684638743949,
South Sudan,ss,2018,83.5015294921999,,,12.952,,,-9.0382483224269,
South Sudan,ss,2019,87.2413641500033,,,12.709,,,-4.15741601037528,
South Sudan,ss,2020,29.6758435538571,,,14.319,,,-35.0491711578272,
South Sudan,ss,2021,10.5167158294359,,,14.029,,,-0.13161314202058,
South Sudan,ss,2022,-6.68732094212672,,,12.545,,,-11.7319125163085,
South Sudan,ss,2023,2.38280434813759,,,12.477,,,13.6100823263813,
Sao Tome and Principe,st,2010,13.34005235378,190021192.489536,1045.20958234528,14.626,6.96532412446513,1.44845522890635,-46.0873607998782,189652128.861836
Sao Tome and Principe,st,2011,14.3271667616801,226455001.243083,1219.80189089671,14.224,11.6807042204602,1.99943210333259,-46.7031436146436,226030077.537509
Sao Tome and Principe,st,2012,10.6379353431628,229371348.202606,1210.79264672325,13.59,6.46776354057626,2.94294277416023,-43.1048517717609,228462175.902575
Sao Tome and Principe,st,2013,8.10583270875476,267041747.584354,1382.5757842916,12.48,7.20255760722401,5.11967735428513,-30.4299465368537,270108837.370331
Sao Tome and Principe,st,2014,6.99849943966421,293119143.246825,1489.67633417608,11.435,4.62269799152351,4.90621048664867,-35.4587784381715,301248736.146009
Sao Tome and Principe,st,2015,5.24587835022454,259999643.047388,1298.10946596396,10.594,4.50369709639151,1.5397042826735,-26.4207009685278,263296442.08608
Sao Tome and Principe,st,2016,5.43051966119156,292267272.196925,1434.87018050521,9.686,7.05347169543845,5.17682468684113,-21.0403152023302,295113951.413028
Sao Tome and Principe,st,2017,5.6902961992902,322002845.229335,1555.79477812888,8.808,4.08077375939095,4.11297966281954,-22.7156290253769,321612895.939217
Sao Tome and Principe,st,2018,7.86859628873909,383717327.830508,1825.59971753966,8.714,8.91966149527528,4.37812808264972,-19.5798259962622,385528483.765863
Sao Tome and Principe,st,2019,7.72024525213248,412976082.620705,1935.2931816596,8.831,11.2643680903642,2.01431672129407,-21.799320591176,412519347.900467
Sao Tome and Principe,st,2020,9.81932791540146,471229484.607144,2167.22001796925,9.686,9.26827734771341,2.62485949543812,-12.64674361519,476007362.623223
Sao Tome and Principe,st,2021,8.13777038378732,524402455.54816,2362.58827248102,9.6,5.16433588592962,1.89929891337832,-18.1632158527971,527132540.019692
Sao Tome and Principe,st,2022,18.0056351122841,540809499.189348,2389.73729784737,8.992,15.7806509935932,0.168698492216564,-14.688595567935,551326234.783983
Sao Tome and Principe,st,2023,21.2589138473,678976264.835436,2940.93352926715,9.071,21.6884761062027,0.372252775001456,,685740967.432403
Suriname,sr,2010,6.94108221639996,4368370997.92126,7943.60482816915,7.15,7.19655419062693,5.16882515225814,14.8990514000174,4264071651.04609
Suriname,sr,2011,17.7117796414558,4422276621.78703,7949.88867218383,7.54,13.8444468459506,5.84936767173009,9.7530323873173,4160160036.71971
Suriname,sr,2012,5.00686319367273,4980000000.0,8851.24050668908,8.1,10.7352006048331,2.69034974668847,3.26046699609317,4787510969.69697
Suriname,sr,2013,1.92343604108305,5145757575.75758,9043.19281529222,6.6,0.383766168173977,2.9334416518612,-3.80907333945483,5014507666.66667
Suriname,sr,2014,3.38341272749477,5240606060.60606,9108.18905406764,6.94,1.58368715816022,0.255503031645475,-7.94454297839106,5170283939.39394
Suriname,sr,2015,6.89390359168238,5126237646.22072,8813.61705392067,7.22,4.85459060945995,-3.41304268067621,-15.3413674981336,5112966262.14963
Suriname,sr,2016,55.4123879763196,3317421648.09918,5644.2061057532,7.917,24.0693638258796,-4.91166050905851,-4.83755000193214,3151061276.71735
Suriname,sr,2017,21.9969430173304,3591679430.99988,6049.52128553675,7.888,28.1451055406702,1.56603782534897,1.92551128292716,3197679430.99988
Suriname,sr,2018,,3996198866.57453,6665.74180472239,7.693,5.66059377089626,4.94827108468886,-2.97065426623087,3608698866.57453
Suriname,sr,2019,,4016040575.08796,6629.66775248603,7.556,5.17890859157816,1.16758977233877,-11.1616172949162,3604040575.08796
Suriname,sr,2020,34.889784309078,2911807496.20227,4755.39221710693,8.76,45.2177563492464,-15.9751917148622,8.92387981171874,2446107496.20227
Suriname,sr,2021,59.1196626251977,3107923197.96954,5029.84838543953,8.491,62.0745334560841,-2.43538583612838,5.66881725385778,2714723197.96954
Suriname,sr,2022,52.446027276241,3791603200.0259,6084.43876736445,8.16,49.4232837396802,2.40622235601218,2.01288430178227,3484003200.0259
Suriname,sr,2023,51.5873159600861,3455146280.83975,5494.07409425517,7.631,32.2686064902092,2.53956675446825,4.28281782874234,3135046280.83975
Slovak Republic,sk,2010,0.957018132975143,91112160800.7668,16899.448680529,14.387,0.470528037018013,6.79058214015053,-4.6203044518302,89266361508.6168
Slovak Republic,sk,2011,3.9192859914629,99705104723.4341,18469.4354316836,13.634,1.61977068406445,2.56242455855089,-4.92376770602968,96477145180.4088
Slovak Republic,sk,2012,3.6061026352289,94724394278.052,17516.9691054078,13.966,1.33888228226206,1.56917115628399,0.938943103720465,93046097962.1777
Slovak Republic,sk,2013,1.40047368963025,99134277850.3418,18312.7805149823,14.226,0.534061780956677,0.703323634738325,2.91051144201471,98208151922.9999
Slovak Republic,sk,2014,-0.0761653295419871,101713075598.862,18770.9289896545,11.536,-0.132601652541283,2.70795062355194,1.77620820872982,100294158379.669
Slovak Republic,sk,2015,-0.325219777427673,89178548717.3324,16442.0760860018,11.492,-0.185693219770044,5.1768795103709,-2.05103816352739,86733263300.8359
Slovak Republic,sk,2016,-0.520010196278266,90347173228.6356,16636.0769133073,9.679,-0.390909938960164,1.94781902582312,-1.41742583384371,87583418794.8866
Slovak Republic,sk,2017,1.31194588223228,95978130734.9766,17645.5298716761,8.142,1.18187358611384,2.87473225538896,-1.71807692688754,93926182364.7602
Slovak Republic,sk,2018,2.51403712883812,106611673364.837,19573.3717031314,6.544,2.10864784120307,4.06212036983018,-1.59262375291934,104466604126.592
Slovak Republic,sk,2019,2.66456133425431,105843498304.094,19406.0589683582,5.761,2.40120775491499,2.27589918160336,-3.51259174873163,103173702727.27
Slovak Republic,sk,2020,1.93694126694223,107732602896.441,19735.4858280801,6.719,2.40777968361606,-2.5855125291319,-0.437071238574067,105812952730.797
Slovak Republic,sk,2021,3.14960629921268,120592216208.386,22138.1949833348,6.894,2.24393114860719,5.72698854011892,-4.78961916349394,115128905716.297
Slovak Republic,sk,2022,12.7741463637611,115928615553.286,21342.7666714692,6.143,7.48894730705902,0.449673875081572,-9.59769039750434,113663598494.847
Slovak Republic,sk,2023,10.5319476645211,132908336234.295,24491.3771867262,5.84,10.1364912548588,1.37833727209444,-1.67789244355586,129363521385.089
Slovenia,si,2010,1.80117022137134,47793117240.9001,23329.8417691156,7.236,-0.491469663518984,1.11213741551349,-0.686229865264753,47569634553.8168
Slovenia,si,2011,1.8028517194191,51199194599.3094,24940.6284841605,8.166,1.36451861108193,0.655439911782537,-0.772202643426759,50883600760.681
Slovenia,si,2012,2.59741386039003,46167053954.3367,22442.1417859955,8.841,0.626619401658687,-2.9155386026986,1.40334115378876,45851550969.7617
Slovenia,si,2013,1.76920085881907,47867056858.8892,23236.9655321695,10.103,1.1327980246691,-0.823777238320488,3.51650748197892,47767746832.5068
Slovenia,si,2014,0.19934382657075,49514466379.6057,24013.0682060959,9.668,0.631553050140269,2.76283164316371,5.32786784003455,49538339538.6998
Slovenia,si,2015,-0.525552285820877,42709468274.8137,20697.2748530619,8.962,0.867195845770979,2.39330872436074,4.11844607611057,41777966741.8734
Slovenia,si,2016,-0.054999541670474,44290685824.0682,21447.8377796036,8.0,0.885483330309867,3.03441395415184,5.29223433710436,43632048585.5441
Slovenia,si,2017,1.42910743319306,48153200134.6613,23303.077705959,6.564,1.28762872790161,5.17440453956443,6.82058845826205,47713353120.1966
Slovenia,si,2018,1.7386086198818,53689067639.9176,25888.0481065655,5.108,2.1809554232366,4.37908171612922,6.52066143026877,53372127792.3945
Slovenia,si,2019,1.63052260754344,53909922735.545,25814.1687167572,4.446,2.33858818675805,3.50525166840163,6.45290585431634,53555776974.3685
Slovenia,si,2020,-0.05485681576061,53384760135.1581,25392.0651093612,4.971,1.18953023258868,-4.08499815297814,7.67395367082141,53456563151.3511
Slovenia,si,2021,1.91706506089259,61529280461.092,29187.369382785,4.744,2.68996436135656,8.38965032094461,3.36842854821461,61087662970.4137
Slovenia,si,2022,8.83369886749452,59927702746.2843,28373.8382265999,4.011,6.51715101546723,2.69923755687375,-1.03019750160202,58905498955.8115
Slovenia,si,2023,7.44687717385838,69148468417.3208,32610.110922729,3.652,10.0501057520513,2.11259184318999,4.47248441339547,68204657444.1747
Sweden,se,2010,1.15798802715628,492753255885.718,52542.8274141037,8.61,1.03025947287551,5.75073584322725,5.92503947637938,507279464550.298
Sweden,se,2011,2.9611507382214,570541353128.724,60379.7748160321,7.804,1.11730008631683,3.16391048145204,5.51025822994298,583474661753.753
Sweden,se,2012,0.888377506923638,549742183874.355,57749.8251328664,7.976,0.949517917737836,-0.414465721070883,5.53301807097919,562604589238.968
Sweden,se,2013,-0.0442929701485858,584128116410.29,60844.2767113975,8.052,1.01164751434032,1.13771649797086,4.33477452937431,597558478787.775
Sweden,se,2014,-0.179638494114635,577730245154.162,59583.7140001673,7.954,1.83270691050184,2.2957638087284,3.25046610689162,589823904990.464
Sweden,se,2015,-0.0467847449832812,501698263620.663,51197.9529341175,7.432,2.25343232544076,4.41014067579341,2.59383978182218,505274264709.006
Sweden,se,2016,0.984269244577992,514218206628.325,51820.3972482676,6.99,1.65202001199931,2.34974080432539,1.84679598887557,515550957283.109
Sweden,se,2017,1.79449904665589,536083940228.684,53300.8587281785,6.718,2.22655133855243,1.82515601494717,2.07432570613665,543698522015.555
Sweden,se,2018,1.95353530127028,551312498430.164,54181.9069780904,6.365,2.61612019490897,1.90296458840773,2.19206475154498,561279115315.834
Sweden,se,2019,1.78415097403835,532169294165.94,51773.0464558993,6.833,2.42065007708676,2.54964785253048,5.32712064769757,547611418095.424
Sweden,se,2020,0.497367318853572,545147614972.141,52653.7565934247,8.291,1.79366288715698,-2.00533750353763,5.7975833223945,564371291338.878
Sweden,se,2021,2.16319736447153,637186904843.636,61174.9680215622,8.722,2.7406333444759,5.9375085730744,6.70313387861944,663252463172.592
Sweden,se,2022,8.36929098869189,579895717343.956,55296.9371472535,7.392,5.78193714856063,1.45928850757269,4.72576156484506,604826974545.303
Sweden,se,2023,8.54862489748902,584960475767.32,55516.836477474,7.611,6.14906969650426,-0.310670184725893,6.97807095420788,606603219320.577
Eswatini,sz,2010,4.50923691774369,4438765085.93784,3992.95199562618,26.736,3.19717545893681,3.79375496828149,-8.74814249319525,4212614314.93267
Eswatini,sz,2011,6.10742714590251,4820478680.18375,4312.34243414155,25.987,5.34094513529033,2.2472297610679,-5.8442028934161,4528146052.15826
Eswatini,sz,2012,8.93964682788212,4886551483.93374,4347.99569336631,25.128,8.74837350194572,5.39663069666719,4.91018584462683,4571223253.09633
Eswatini,sz,2013,5.62130623468948,4418333192.47449,3910.0639762073,24.448,2.38017574836624,3.86121379766628,11.0226707628731,4220959256.99447
Eswatini,sz,2014,5.68134885776447,4250545460.94523,3740.69277623691,23.828,6.31006367634119,1.71688783296895,12.047539811251,4063414218.60234
Eswatini,sz,2015,4.95124493704919,3878174403.5524,3393.53367834668,23.285,5.72703207972572,1.35489493183989,13.7519336554713,3718654174.1525
Eswatini,sz,2016,7.8472745908568,3705918654.13708,3223.92004062357,22.718,6.51814335933494,3.5289979506086,8.02557916075404,3500764833.27805
Eswatini,sz,2017,6.22137528933118,4437538381.32249,3831.42595273032,24.523,5.89607425928853,2.46505860491378,6.14751617904165,4142435668.52221
Eswatini,sz,2018,4.81506167461513,4659474399.74018,3986.10557163026,26.369,3.50177180405096,0.769171433736886,1.30340249223708,4339197362.55768
Eswatini,sz,2019,2.59801620311077,4594818143.27624,3894.32951592818,28.138,2.54846036774322,4.96212142479391,3.83354009105268,4112925340.93876
Eswatini,sz,2020,,4105756862.55271,3442.3216527415,32.944,4.86403113991642,-2.88706296038356,6.59907530715042,3719044112.00409
Eswatini,sz,2021,,4737671576.32851,3926.48687364215,34.153,0.167992453327443,3.39933858133693,2.64513343871852,4375150957.8119
Eswatini,sz,2022,,4695372785.0814,3852.08573272946,35.359,9.76589853061334,-0.0676192583464115,-3.00236156588613,4318606144.38706
Eswatini,sz,2023,,4442875788.08505,3610.60879677551,35.086,1.62022800466512,5.01490471257054,2.42037953381641,4134403562.18995
Sint Maarten (Dutch part),sx,2010,1.33857621672882,892290502.793296,26403.8143692163,,1.12875903023384,3.19999269219366,,858994413.407821
Sint Maarten (Dutch part),sx,2011,4.58475435650401,936089385.47486,27317.5178881974,,0.295015877945247,4.60000341415395,-0.482155645738833,903200726.256983
Sint Maarten (Dutch part),sx,2012,4.01518421081576,985865921.787709,28149.0997855041,,3.87309650875972,1.39054456773131,9.39570465234884,955047094.972067
Sint Maarten (Dutch part),sx,2013,2.5286478853837,1022905027.93296,28529.7324687053,,2.41867590016453,1.30673103459678,0.422119060622617,1000318938.54749
Sint Maarten (Dutch part),sx,2014,1.88675466275266,1361811508.37989,37134.912423099,,31.0605071174675,1.58038221539113,-8.13613939959859,1318694469.27374
Sint Maarten (Dutch part),sx,2015,0.330027165141066,1417888715.0838,37839.6283815163,,4.00778518211102,0.105813149997005,1.28485944638437,1376294134.07821
Sint Maarten (Dutch part),sx,2016,0.111682655737579,1427017206.70391,37308.6147795736,,-0.320844612000187,0.96775836306881,-1.86269692206363,1391252793.29609
Sint Maarten (Dutch part),sx,2017,2.19201010962985,1353212122.90503,34701.3058494468,,2.55581757014862,-7.53521399882428,3.48114676740387,1326983575.41899
Sint Maarten (Dutch part),sx,2018,,1259200446.92737,31708.3110124742,,-0.096963578940688,-6.85698299227944,5.93015272305455,1230764692.73743
Sint Maarten (Dutch part),sx,2019,,1407880446.92737,34861.469528968,,0.759240923003787,10.9650009352392,-11.7225151374585,1358106648.04469
Sint Maarten (Dutch part),sx,2020,,1236428100.55866,30150.8998380477,,1.31368166079125,-13.3167887221567,-23.4917218241245,1205403240.22346
Sint Maarten (Dutch part),sx,2021,,1353071061.45251,32548.4366854902,,4.64369866790126,4.57759677933345,-23.0189555338875,1312181062.88268
Sint Maarten (Dutch part),sx,2022,,1537088715.0838,36476.6300833859,,3.46083611779808,9.80000111145777,-3.70725232653415,1490391842.50279
Sint Maarten (Dutch part),sx,2023,,1627776949.27374,38077.5444869761,,2.02312138728323,3.8,-7.16884829145813,1578734672.13966
Seychelles,sc,2010,-2.40463875108227,981616542.328454,10934.79494629,,-2.11971044632016,4.50513204312067,-21.8405252938197,927738128.966303
Seychelles,sc,2011,2.55926772230953,1058918707.26124,12110.0937461973,,1.06438138123271,9.5097833517957,-28.452136390485,985285911.545984
Seychelles,sc,2012,7.11037062326403,1089407839.19709,12337.1554669388,,10.4372838765698,3.1106784939243,-14.8074270420075,1086240639.70667
Seychelles,sc,2013,4.33893848329099,1333160407.38516,14821.2921476077,,5.64023151837689,1.25373496242949,-11.8972428115469,1250774894.19448
Seychelles,sc,2014,1.38583454581263,1387577870.08161,15188.1902175113,,6.43587163230623,4.0636918123521,-22.3701856914691,1299831890.29165
Seychelles,sc,2015,4.04194410725617,1432403352.12944,15333.1051727105,,-1.00318641871358,8.9140088750469,-17.8847188907867,1349188913.11165
Seychelles,sc,2016,-1.01548191697626,1568513348.14463,16566.9946042294,,-2.29456846888873,12.1175272453913,-2.61384777681389,1459330975.169
Seychelles,sc,2017,2.85679575568437,1675370641.01416,17480.3651911372,,2.33249048759716,6.95416218794271,-2.20368065340164,1562444817.2832
Seychelles,sc,2018,3.70291839111568,1784313926.76807,18440.2340460932,,3.44738196587787,4.93947272254312,-2.34133369670356,1699144648.12567
Seychelles,sc,2019,1.80709400809982,1868690096.73454,19141.5118743615,,0.126950238609624,5.5142920737342,-2.842387489846,1794024905.13602
Seychelles,sc,2020,1.20266463987123,1382551751.56908,14041.4754074575,,5.23042858538314,-11.7398608281732,-12.5301883307748,1333464346.73047
Seychelles,sc,2021,9.76909936973542,1487173794.80528,14982.9111487767,,2.75005993802337,0.552281631207279,-10.7699576448461,1424837754.71952
Seychelles,sc,2022,2.6260363285129,2057968519.83091,17167.1909760833,,1.52239094163566,14.9768513322959,-6.88290172207539,1994563783.75784
Seychelles,sc,2023,-1.03530088431952,2141450171.13932,17879.2396545075,,-0.932509493159856,3.16171435490999,-7.24715426737782,2124655768.52687
Syrian Arab Republic,sy,2010,4.3974138315007,61390830874.7007,2730.61477118949,8.61,6.8992650940543,5.19190584075331,-0.598441929825769,57408366910.3825
Syrian Arab Republic,sy,2011,4.7531638888563,67539428159.4474,2952.14349372257,8.627,11.5740778155847,2.8500028435797,,62976957811.7152
Syrian Arab Republic,sy,2012,36.7022953364139,43190318032.5627,1897.66115018696,13.8,26.2462552485551,-26.3390170772532,,41500139065.8099
Syrian Arab Republic,sy,2013,40.0318378290723,21361254635.051,985.892669227054,14.5,31.7701939095293,-26.3000876615061,,20440062129.0977
Syrian Arab Republic,sy,2014,10.9271141804297,21502061465.9498,1060.59105886854,14.783,37.0945840345087,-10.310339909053,,20679218993.0952
Syrian Arab Republic,sy,2015,38.4611429599733,16466863117.0009,847.731631942565,14.243,38.2145477487644,-4.179791613232,,15846726811.9009
Syrian Arab Republic,sy,2016,47.7051615298923,12597854877.4254,656.3490586313,13.795,36.8710415587113,-6.4055907393619,,12131412781.9446
Syrian Arab Republic,sy,2017,18.0752696281771,16369843352.3453,851.502005254153,13.597,37.2209382232321,-0.723281777470547,,15776320913.866
Syrian Arab Republic,sy,2018,0.940983843906769,21497782867.6426,1098.0668642357,13.497,13.1879402830296,1.39317607830837,,20708643151.976
Syrian Arab Republic,sy,2019,13.4175653228571,22583045060.0821,1109.53926036049,13.36,19.8313540100224,1.22070522070523,,21724169919.4071
Syrian Arab Republic,sy,2020,,12047752036.091,572.355289831901,15.191,61.5864142890263,-0.697154504235129,,11545828324.1689
Syrian Arab Republic,sy,2021,,14353205678.4991,663.614245706815,14.877,118.274086326127,1.85421590064124,,13831790420.3696
Syrian Arab Republic,sy,2022,,23622827079.5047,1051.67149587463,13.268,112.14365352308,0.732781301861365,,22818123249.5906
Syrian Arab Republic,sy,2023,,,,13.187,,,,
Turks and Caicos Islands,tc,2010,,686787800.0,23093.843101651,,,,,
Turks and Caicos Islands,tc,2011,,728789600.0,23626.7133501913,,,,,
Turks and Caicos Islands,tc,2012,,727161000.0,22633.9527500233,,0.756185324269183,-0.97229935533214,,
Turks and Caicos Islands,tc,2013,,754238000.0,22412.2069354887,,2.62467548724537,1.07087701348118,,
Turks and Caicos Islands,tc,2014,,841070000.0,23996.2910128388,,2.57677899551956,8.71129658152685,12.8234206601412,789570000.0
Turks and Caicos Islands,tc,2015,,942070000.0,25736.101625461,,0.623168365108711,11.3148341336331,16.3000886180621,879070000.0
Turks and Caicos Islands,tc,2016,,1032452000.0,26946.4178520162,,2.18440361611209,7.25118054973062,23.9314905056886,991352000.0
Turks and Caicos Islands,tc,2017,,1028941663.2,25779.6122366146,,2.21538461538462,-2.5,3.40310184293133,1031041663.2
Turks and Caicos Islands,tc,2018,,1128749004.5304,27160.1579568902,,3.87215550797131,5.61059358355325,15.300944527611,1125949004.5304
Turks and Caicos Islands,tc,2019,,1177285211.72521,27273.4376992357,,-0.959943373384348,5.31092524837173,,1149285211.72521
Turks and Caicos Islands,tc,2020,,774653669.315186,17452.6578046047,,-10.1302434239062,-26.782932872099,,774953669.315186
Turks and Caicos Islands,tc,2021,,1045782453.5755,23114.7902123091,,23.8242458240874,9.02549747146406,,1050982453.5755
Turks and Caicos Islands,tc,2022,,1228794382.95121,26802.0673752091,,10.6403018542625,6.19999948551566,,1225894382.95121
Turks and Caicos Islands,tc,2023,,1402054390.94734,30348.8114409139,,12.7470391990364,1.19999674543641,,1342454390.94734
Chad,td,2010,-2.07786574641866,10668103554.1192,866.439680905028,0.878,6.3911950513067,13.5501008595489,,10312400156.7342
Chad,td,2011,2.0292405367826,12172308851.0395,954.316872911808,0.905,8.58039895814788,0.0828697984381961,,11856127557.8128
Chad,td,2012,7.51662364663833,12367362757.1342,936.141444963822,0.9,1.09724571223187,8.88257607170316,,12067689658.1783
Chad,td,2013,0.222671564624642,12953534866.4286,946.129583097771,0.948,-4.14136740417744,5.70000136285864,,12362321620.2327
Chad,td,2014,1.68197313925661,13940767218.5849,982.527563074226,0.933,0.645785332472741,6.89998504532166,,13336601200.4318
Chad,td,2015,4.37712665065654,10950392256.9543,747.588448455507,0.974,-8.48001725832678,2.76767568484473,,10618477308.952
Chad,td,2016,-0.792440525236016,10097778098.1707,668.078636142918,1.047,-1.40083927949904,-6.25552708545281,,9911697343.60347
Chad,td,2017,-1.53709962980849,10000394381.0177,640.117048532702,1.116,0.0282519135155042,-2.98869598553931,,9869508104.40075
Chad,td,2018,4.27462198610545,11239167898.3395,695.642393675941,1.135,5.01465777807508,2.37403780037786,,11075018517.4464
Chad,td,2019,-0.971939175419317,11314951091.7283,678.142035723965,1.084,2.85603411987745,3.24718191743429,,11140998348.157
Chad,td,2020,4.4641443723286,10715396042.3343,622.095543396442,1.707,-5.45489640763718,-1.60000673705524,,10561570203.5702
Chad,td,2021,-0.772844370359139,11779981332.8631,660.747192555507,1.548,7.16657628897821,-1.16918700397552,,11605895381.7118
Chad,td,2022,5.78802687843616,12396807588.4082,671.720147647873,1.096,15.145121891457,2.80434074839411,,12212890617.6323
Chad,td,2023,10.8363568399842,13149325362.3347,680.639877912029,1.074,-0.936604165489314,4.12231962001739,,12956602270.3902
Togo,tg,2010,1.44594517430866,4746389531.6959,704.987164181378,2.383,-0.0933359947250096,5.85435269410561,-4.21167550941686,4722896939.13225
Togo,tg,2011,3.56351472903954,5422442166.44146,783.989380490906,1.982,2.81959506363634,5.82325223658786,-5.57134245747162,5656293246.14731
Togo,tg,2012,2.57718174055848,5413544658.41535,762.392047587088,2.03,1.75039252974665,6.30269542069151,-5.4330212905541,5419520492.56511
Togo,tg,2013,1.82539475909171,6021732977.26584,826.543259457126,2.085,1.68327590063203,5.8242658324455,-9.4394411347699,6046989121.21464
Togo,tg,2014,0.19087507624975,6393318261.82712,855.585284856656,2.142,0.479875773843148,5.6332402182029,-7.17107850784041,6439476563.92261
Togo,tg,2015,2.58500390801595,5755461035.38026,751.052405084336,2.204,2.20271127261411,5.46803129272737,-8.0102115497044,5887730069.0691
Togo,tg,2016,1.28544847051417,6071170959.12093,772.581787093976,2.968,1.45776475423236,4.21489560925825,-7.19180252354326,6114776688.37141
Togo,tg,2017,-0.981889868943119,6387422517.69225,792.765487219069,3.744,-0.88495153357762,4.00813326162304,-1.51302493622226,6392420306.8336
Togo,tg,2018,0.927755426457183,7029300383.08031,851.130806891807,2.898,0.454262222511389,4.7950602703237,-2.6297295084107,7048636180.15906
Togo,tg,2019,0.674652770077436,6992700101.37188,826.260654099894,2.036,0.01194354395939,4.92292591685973,-0.792877888994647,7014819501.26785
Togo,tg,2020,1.69928463299408,7400284167.78479,853.578220263722,2.225,1.93311361980237,1.99215501870344,-0.280228713572482,7443023219.44051
Togo,tg,2021,4.1862150652352,8342243645.94438,939.613373786407,2.333,2.46636746396649,5.99087610392314,,8360888241.21407
Togo,tg,2022,7.96757361617945,8169476148.95692,898.758154410712,1.965,4.15581315078867,5.75954251521733,,8209395367.78443
Togo,tg,2023,5.48928568141124,9171261837.57103,985.697512629974,1.948,2.59456529883668,6.40792215636242,,9210663736.52824
Thailand,th,2010,3.24758842443723,341104766329.17,4973.86288823778,0.622,4.08098922673743,7.51339053261624,3.36732467219253,326815388832.283
Thailand,th,2011,3.80879058139634,370818739623.622,5373.6232832898,0.66,3.7430981204437,0.840132083053334,2.54217096328341,361875003955.99
Thailand,th,2012,3.01489950334994,397558325278.579,5725.52802835463,0.58,1.90914444199674,7.24279620249642,-1.23233637957653,379342666424.563
Thailand,th,2013,2.18488618530678,420333654592.547,6018.08244729255,0.249,1.77874589235417,2.68749556320556,-2.10153458942232,393467486312.148
Thailand,th,2014,1.8951418189878,407339040197.651,5801.1978916205,0.576,1.44146536528029,0.984468863619426,2.8582840987004,386381481702.815
Thailand,th,2015,-0.900424963291569,401296238228.084,5688.85335397884,0.597,0.722113573412514,3.13404724911635,6.91581517168622,380594916735.618
Thailand,th,2016,0.188149704448234,413366349747.508,5833.57715617098,0.688,2.63616761998928,3.43515771692182,10.5083543932086,393948949386.684
Thailand,th,2017,0.665631893135106,456356813536.764,6413.09182530343,0.83,1.8999449899777,4.1776810321001,9.63103019182142,435913240648.276
Thailand,th,2018,1.06389754183015,506754208404.485,7099.77650081458,0.765,1.42858616420727,4.22287028746071,5.61986314598972,482264933708.604
Thailand,th,2019,0.706728601314311,543976691793.886,7605.69657797759,0.716,1.01442340642497,2.11455779628278,7.03272640328298,523977887377.21
Thailand,th,2020,-0.845937147357041,500461898480.246,6985.64393892574,1.099,-1.29877505741581,-6.05003846851622,4.18282861454669,489367035950.047
Thailand,th,2021,1.23039541318384,506256494297.34,7058.0694998852,1.215,1.77107226345396,1.56818176501186,-2.11799444006618,488672219203.916
Thailand,th,2022,6.07741228434321,495645210972.751,6909.35997481451,0.94,4.76699578735654,2.46276934050356,-3.46252016627717,481390360909.718
Thailand,th,2023,1.22802623546169,514968699239.005,7182.02525812415,0.733,1.22023811822058,1.88725725050934,1.43923468240437,503339156913.529
Tajikistan,tj,2010,6.44531440780658,5642221099.17704,737.338883219356,11.542,12.4616677349709,6.49999908585235,-10.2987565843148,6969749692.10775
Tajikistan,tj,2011,12.4315490430406,6522756255.012,833.601978202852,11.557,13.3243555693147,7.40000059956709,-6.33655867344341,8316624763.05171
Tajikistan,tj,2012,5.83116601031462,7633036903.07634,952.452819695469,11.444,11.8685155888293,7.49999946321525,-8.92695486705109,9744488621.92436
Tajikistan,tj,2013,5.00964645344951,8448411318.25417,1028.19704279396,11.417,3.63300945054496,7.39999974700379,-10.4728821493758,11112718542.523
Tajikistan,tj,2014,6.10442765129667,9112605459.32845,1081.54402932039,11.439,4.76666135833671,6.70000069016253,-3.47271227917375,11296415927.1155
Tajikistan,tj,2015,5.7145594964971,8271431485.07484,956.916310930656,11.485,6.86625094979701,6.01930331771186,-5.76773865149509,9797996695.50327
Tajikistan,tj,2016,6.00458082322139,6992416096.89018,788.710481734485,11.5,0.541389756844993,6.89999999999999,-4.15917376644493,8081792570.51881
Tajikistan,tj,2017,,7536402852.85802,829.45714764957,11.487,9.80546714084267,7.10000041864309,2.10935261893798,8637196303.70133
Tajikistan,tj,2018,,7764999999.45362,834.288404578801,11.437,2.49222755648458,7.5999988895536,-4.889664631378,8990673043.81483
Tajikistan,tj,2019,,8300813599.3084,871.022372934846,11.419,3.65868395013121,7.40000016310556,-2.23224918510585,9631287021.79045
Tajikistan,tj,2020,,8133963550.65742,834.311715460625,12.321,1.65596010469615,4.40000111553493,4.34918092627649,9498106073.45013
Tajikistan,tj,2021,,8937805347.13963,896.748053372182,12.333,10.0445095549154,9.39999955037523,8.22937866606437,10758910057.1676
Tajikistan,tj,2022,,10713525200.3998,1052.17949484894,11.634,8.26227281475744,8.00000033846364,15.2573634253921,14210918854.2368
Tajikistan,tj,2023,,12060602008.8478,1160.81187026311,11.546,2.18821998125314,8.29999921651935,4.84239885438264,15143750556.1562
Turkmenistan,tm,2010,,22583157894.7368,4058.53937000739,4.0,2.30608815331743,9.19999998805483,,20689157894.7368
Turkmenistan,tm,2011,,29233333333.3333,5143.61929334647,4.002,12.8574543671204,14.6999999278723,,26406333333.3333
Turkmenistan,tm,2012,,35164210526.3158,6053.8748468749,3.986,8.27008408241873,11.0999999615545,,31835210526.3158
Turkmenistan,tm,2013,,39197543859.6491,6599.64529055481,3.983,1.15244583252145,10.200000101399,,35782543859.6491
Turkmenistan,tm,2014,,43524210526.3158,7164.14536184006,4.0,0.669180966750076,10.2999999705459,,39603210526.3158
Turkmenistan,tm,2015,,35799714285.7143,5759.497903834,4.016,-5.15329778752206,6.49999990951666,,33705628571.4286
Turkmenistan,tm,2016,,36169428571.4286,5686.98040962764,4.031,-4.86560287903114,6.1999999664301,,35225885714.2857
Turkmenistan,tm,2017,,37926285714.2857,5828.4816623489,4.044,-1.54244268478659,6.50000004682975,,36352285714.2857
Turkmenistan,tm,2018,,40765428571.4286,6125.05169712085,4.044,1.21087594013873,6.19999994137119,,39048469257.1429
Turkmenistan,tm,2019,,45232857142.8571,6648.0348960628,4.043,4.38275226849976,6.30000004226711,,44588356857.1429
Turkmenistan,tm,2020,,45818000000.0,6592.60146027748,4.501,-4.34974180757671,5.900000048526,,45566594285.7143
Turkmenistan,tm,2021,,50007428571.4286,7051.20211079213,4.459,2.77178000998204,6.20000001747076,,49698385714.2857
Turkmenistan,tm,2022,,58972000000.0,8156.35211950774,4.109,11.0418828298503,6.19999993621698,,58199983628.5714
Turkmenistan,tm,2023,,60628857142.8571,8232.65225980002,4.099,-3.2837127112537,6.30015758549871,,60128502821.6963
Timor-Leste,tl,2010,6.76597680236481,881909300.0,813.060177250597,3.301,10.9637989502854,9.33151176629212,189.51829330378,3324140000.0
Timor-Leste,tl,2011,13.499840238577,1042534600.0,939.045241112693,3.384,11.5656732746114,5.95853971210654,225.032885152328,4581072400.0
Timor-Leste,tl,2012,11.8003096701544,1160555000.0,1022.61903188429,3.468,6.1604670783707,4.86062186827468,235.750605362852,4318281900.0
Timor-Leste,tl,2013,11.0849085109954,1395727400.0,1204.56841532931,3.564,16.6427681770437,3.10436683211147,171.239439829776,4151960900.0
Timor-Leste,tl,2014,0.726275016139465,1447535200.0,1224.74957758801,3.618,-0.72805110472585,4.47249846569638,76.4167145421127,3337734900.0
Timor-Leste,tl,2015,0.552796026277853,1590282400.0,1319.59297370991,3.678,7.20272656720353,2.48004040218397,14.1369482552281,2788459200.0
Timor-Leste,tl,2016,-1.33853876185163,1640464600.0,1335.54390089814,4.657,0.141367073258863,3.00993062553351,-32.4953735667323,2220458200.0
Timor-Leste,tl,2017,0.557215537430361,1584878400.0,1266.17767952941,4.248,-0.212799455428609,-3.18241522489195,-21.3947164358606,2257643600.0
Timor-Leste,tl,2018,2.63647201015892,1555988600.0,1219.46598597604,3.778,-1.36269499343967,-0.466502170658785,-12.2846134533332,2235769200.0
Timor-Leste,tl,2019,0.958812739703141,2032550400.0,1562.36458881813,3.097,5.16428345869988,24.2128840085001,26.381513142775,2869483800.0
Timor-Leste,tl,2020,0.495499215459571,2162619200.0,1630.86935439232,2.782,-19.2266531049002,31.7257416721413,21.229617232887,2368614800.0
Timor-Leste,tl,2021,3.69792094666786,3624889700.0,2684.82704373402,2.344,59.0838497110713,5.363126627216,42.0530540476572,3463610300.0
Timor-Leste,tl,2022,7.00530945399787,3208594000.0,2343.24524664152,1.537,11.4585263071185,-20.584244040573,14.7729942622211,3056814200.0
Timor-Leste,tl,2023,8.42035103310377,2079916900.0,1502.51963828284,1.521,-20.8334380271277,-18.1178133769718,-0.833268209094825,2435124200.0
Tonga,to,2010,3.53491239189831,366887376.561955,3416.08358065135,1.513,7.72157994907818,0.824396747198833,-23.8321094601899,378823249.172885
Tonga,to,2011,6.27075302995691,414143823.181648,3849.99370811237,1.602,0.475221374667939,6.70370138900074,-20.2517400322146,426159387.209592
Tonga,to,2012,1.14753853706055,471122970.872337,4384.17058321549,1.643,4.28459194493769,0.91976790274731,-14.8200258649119,484981739.31331
Tonga,to,2013,0.77562932236742,451788486.864637,4219.24659467526,1.754,-2.29125163479002,0.393913876447826,-9.47350622217522,463089490.25421
Tonga,to,2014,2.51087633253706,440997738.014078,4136.59013792529,1.92,0.0415389306808009,1.99054015465354,-6.26556406033615,444161208.653785
Tonga,to,2015,-1.05399831971283,437525514.240726,4123.90323993332,2.024,5.20195788917211,1.11374405685874,-10.9245843858579,442040672.627438
Tonga,to,2016,2.57815515245081,420828262.317922,3987.98626206287,2.046,2.97355538261547,6.59870436118344,-7.47105586203439,427456378.582314
Tonga,to,2017,7.51706283551115,459976850.268529,4365.92932788383,2.131,5.57528645959195,3.2023165092282,-7.16886524537565,478466492.219384
Tonga,to,2018,5.03209691984874,489714518.002333,4638.89774268789,2.248,4.93734088158944,0.68755058264442,-7.00705930095622,513202722.735666
Tonga,to,2019,1.17954334821808,494197841.113077,4676.84790348236,2.157,4.72800475373694,-0.208437487640992,-3.82718576475115,526879021.145671
Tonga,to,2020,-0.349737696727496,496856295.76752,4700.44932800575,2.699,0.43844596361491,1.78339492959161,-5.727860202779,532612592.38838
Tonga,to,2021,5.64051140636751,518228012.09129,4912.57950603175,2.111,2.47456266775067,0.362601971842835,-6.24863342333041,547916482.146257
Tonga,to,2022,10.9713652903022,518180042.241509,4933.07479143113,2.302,2.07802980858338,-2.30986002720401,-5.35510114772662,543800039.252933
Tonga,to,2023,6.35112980255189,,,2.262,,,-5.91407096220153,
Trinidad and Tobago,tt,2010,10.5492003179988,22157920592.3669,16815.424737361,4.033,12.7333361257462,3.32322471027371,18.8299588165597,21078421939.0831
Trinidad and Tobago,tt,2011,5.1071328926456,25433007437.1605,19151.0870229722,3.425,15.7297032514581,-0.294354409043763,18.5128374343258,22613153665.2749
Trinidad and Tobago,tt,2012,9.26028137068292,27334568806.1922,20472.3574298508,3.718,0.344697728081428,7.44682089326665,14.1451278264003,25038317529.0916
Trinidad and Tobago,tt,2013,5.19981740465611,28709859468.8597,21416.3660842916,2.683,1.65391111573305,3.53178737329638,19.405659029692,27143003981.7596
Trinidad and Tobago,tt,2014,5.68441814595659,29697674913.5408,22074.4263087858,2.477,-0.916060796862865,3.85363548289079,13.9893199285126,27974529430.4422
Trinidad and Tobago,tt,2015,4.66121598098264,27026750552.9647,20024.754663902,2.428,-8.73361424910222,-0.777459952231411,7.61153477599894,26787107495.4504
Trinidad and Tobago,tt,2016,3.07066742464024,23722678429.8078,17521.8007525013,3.207,-0.741516049133921,-7.52713742248807,-3.27274488779744,23297537849.565
Trinidad and Tobago,tt,2017,1.88038440183532,24040211327.4898,17720.4972365332,3.394,8.21366055257951,-4.80082842878679,5.8618127618128,24089211146.7986
Trinidad and Tobago,tt,2018,1.01856930188822,24569257295.0918,18076.3565550233,3.498,2.68705726829177,-0.602464842311747,6.61738967605014,23869252229.184
Trinidad and Tobago,tt,2019,1.00054293027237,23775659262.5735,17431.0269266696,3.523,-3.81228212859769,0.3612724057636,4.29070730788455,23168661689.018
Trinidad and Tobago,tt,2020,0.598986330824643,20807716174.0546,15224.5083495616,4.206,-3.79188317365001,-9.07787689348437,-6.51878691125941,19752108819.1724
Trinidad and Tobago,tt,2021,2.05922746915458,24496397204.7176,17912.5106245714,4.446,19.0933595979048,-1.03742621022469,10.7334492622031,24104698950.8074
Trinidad and Tobago,tt,2022,5.82838638517959,30053446092.0128,22004.1997884125,4.383,20.8145233815985,1.48223484044745,17.449203574133,28331453485.7122
Trinidad and Tobago,tt,2023,4.62930242419968,27372285697.9477,20016.1503008736,4.21,-10.183883266448,1.34767518168188,12.4094289457996,27877385692.585
Tunisia,tn,2010,3.33897963601069,46206091937.9628,4291.86120891575,13.049,9.46502454900151,2.97113275066512,-4.55447131361941,44139124353.7795
Tunisia,tn,2011,3.24002842009531,48123325825.0739,4420.64772206537,18.334,4.57111406039029,-2.04663389535644,-7.0355658557361,45963001044.9054
Tunisia,tn,2012,4.6118443220664,47311401812.6733,4297.26782454273,17.63,4.66181078103054,4.21667711535632,-7.86572520912914,45406928007.8264
Tunisia,tn,2013,5.31623531326689,48685446413.953,4369.79345826358,15.934,4.50027018979038,2.42993096446429,-7.9667784790268,46623799470.4116
Tunisia,tn,2014,4.62555099534031,50271812920.612,4458.97895464547,14.259,4.66466047449812,3.09032803070775,-8.87794509825978,48568157921.8637
Tunisia,tn,2015,4.437371273215,45779494041.9295,4014.94773686432,15.159,4.2138400764201,0.967703108220121,-8.57094815049074,44599350028.6752
Tunisia,tn,2016,3.62939937384381,44360072680.4476,3847.80354448809,15.557,4.93496360110481,1.11742594891074,-8.52887305480808,43403523130.2312
Tunisia,tn,2017,5.30884839565844,42163530590.9462,3619.03247319953,15.33,4.71388569389377,2.23783867965943,-10.0143611259515,41171063372.4955
Tunisia,tn,2018,7.30759176031652,42686504459.801,3628.10366464236,15.459,7.92466367014788,2.62493010870395,-10.7946228980082,41650260477.7648
Tunisia,tn,2019,6.72007532863799,41905642418.825,3528.87213306798,17.153,7.13521222424285,1.58784665466504,-8.04912453318916,40813336000.5153
Tunisia,tn,2020,5.63415115897625,42491780918.361,3548.65363663803,17.656,6.80569317573834,-9.01193412390238,-6.01234016088557,41095052621.3235
Tunisia,tn,2021,5.706350208307,46812290143.344,3885.28166485296,16.611,4.51678033390613,4.7363207484732,-5.91736776692053,45582180787.9642
Tunisia,tn,2022,8.30646124447623,44579761022.8993,3678.40023411347,15.3,3.05495595357709,2.67331821840567,-8.9036859663426,43606718412.8313
Tunisia,tn,2023,9.32899597507865,48529595416.6533,3977.69516639644,15.106,8.88763642233521,0.0391565674939329,-2.28832177631159,47219686954.8424
Turkiye,tr,2010,8.56644420552976,776967266305.53,10622.7020439723,11.879,7.00928360259741,8.42710432276191,-5.74348520655076,770452267925.786
Turkiye,tr,2011,6.471879671151,838785289694.35,11300.7852215681,9.789,8.20084709330651,11.2001105833504,-8.87032723560426,831536291661.567
Turkiye,tr,2012,8.89156996512163,880555885492.269,11713.2849831139,9.21,7.42267328660553,4.78849271108008,-4.74654711740803,873967885708.304
Turkiye,tr,2013,7.49309030547693,957799120008.32,12578.1878632,9.713,6.2801096970818,8.48581699653026,-5.15024486549659,949181118917.851
Turkiye,tr,2014,8.85457271364324,938934609296.966,12165.220135038,9.901,7.38951863770303,4.9397151613658,-3.41983346678877,930726607714.177
Turkiye,tr,2015,7.67085364845877,864313810469.009,11049.9951100942,10.304,7.84491693010263,6.08448690443663,-2.47063042859543,854629812144.004
Turkiye,tr,2016,7.7751341532833,869682881593.041,10970.0458948862,10.899,8.13047807814451,3.32308420845746,-2.54886010397211,860501882366.186
Turkiye,tr,2017,11.1443110840765,858988492853.742,10695.550196231,10.919,10.9824216683285,7.50199748917491,-4.09144014062876,848260493929.361
Turkiye,tr,2018,16.3324638988928,778972108040.602,9568.83506330228,10.956,16.5122765099312,3.0131703931215,-1.87464991997362,767897107698.872
Turkiye,tr,2019,15.1768215720022,761005915750.925,9215.44049888114,13.73,13.8677568970462,0.818514526726673,1.972915018037,749161915105.152
Turkiye,tr,2020,12.2789574462574,720338490327.248,8638.73903848102,13.148,14.7893415893496,1.85987303976462,-4.30020058846608,711744489823.581
Turkiye,tr,2021,19.5964926913324,819865223976.115,9743.21277804855,11.969,28.9730004765532,11.4393956926566,-0.758783250962872,809183224524.79
Turkiye,tr,2022,72.3088359891207,907118434653.505,10674.504157865,10.465,96.0361986700836,5.53342787492781,-5.10220035575386,898339434432.342
Turkiye,tr,2023,53.8594087593315,1118252964260.77,13105.6585678319,9.388,68.233934158098,5.11116818488702,-3.56600887942747,1107012964203.48
Tuvalu,tv,2010,,32105408.4771121,3024.8170790571,,-0.568181818181813,-2.22222222222223,-43.6491917216297,51201338.5203443
Tuvalu,tv,2011,0.5005807431527,39196957.4908996,3636.08139989792,,1.64133738601822,6.81818181818181,-60.8777544681156,58228111.8516127
Tuvalu,tv,2012,,39345579.4723758,3598.46163091053,,2.17391304347827,-2.12765957446808,16.3382480187047,51075325.0410799
Tuvalu,tv,2013,,38615890.6320745,3510.21640142483,,0.877192982456165,4.34782608695652,2.84622026743526,59123245.5111441
Tuvalu,tv,2014,,38760982.6540096,3528.85858102782,,7.5,0.0,-0.479895040010853,51169635.1870398
Tuvalu,tv,2015,,36811936.0824587,3357.83417700071,,3.20315928038613,10.4166666666667,-33.5990747275474,56981796.8732392
Tuvalu,tv,2016,,41629064.2232388,3808.69755015909,,8.16326530612245,5.66037735849056,29.6446004102969,60537505.5567367
Tuvalu,tv,2017,,45276595.3533146,4165.66338700106,,2.96996222836934,2.44839285714286,2.07288116287233,62753169.5532811
Tuvalu,tv,2018,,48015259.8751356,4466.12034928245,,7.29559359114998,1.38728384151602,60.9224209820659,69534791.9773583
Tuvalu,tv,2019,,54123198.5662913,5115.13075950206,,6.43874385090449,13.8220984406966,-22.1743644674463,72178098.5424471
Tuvalu,tv,2020,,51746594.3148543,4976.11254109571,,0.890825244312992,-4.27493206901397,16.3497212467754,70406824.1018247
Tuvalu,tv,2021,,60196405.7138393,5905.08198095343,,4.68476572711678,1.8041359113616,24.1420712684925,81175820.1474733
Tuvalu,tv,2022,,59065982.0873657,5911.32727055301,,5.54755647980927,0.677309361438304,4.59319167015377,79595592.3155465
Tuvalu,tv,2023,,62280311.5852172,6344.7750188689,,6.0040987048763,3.85280919517032,,84217404.1356413
Tanzania,tz,2010,6.20015595647403,32012892919.37,736.530151367188,3.029,9.42871625296149,6.33652342666889,-6.90590514874114,31435805579.9127
Tanzania,tz,2011,12.6909694699162,34657140096.4836,775.392761230469,3.47,12.1984228784034,7.67215543486064,-12.6408334198025,34013428042.1638
Tanzania,tz,2012,16.0010938506338,39650394362.9287,861.969909667969,3.222,10.4838939974038,4.50015356010131,-9.49381708629511,39080121049.558
Tanzania,tz,2013,7.87072364573959,45648857242.315,963.05712890625,2.93,9.66618357795825,6.78158560065316,-10.92678991973,44945732449.6345
Tanzania,tz,2014,6.13161432988012,49986726460.6805,1022.74841308594,2.125,6.05084588935551,6.73246186832483,-9.97575000776711,49453645654.0675
Tanzania,tz,2015,5.58816952959298,47413919817.124,939.127319335938,2.159,7.59136402332241,6.16062877406682,-5.52279532317806,46684218023.5751
Tanzania,tz,2016,5.17476629301493,49774409374.4538,953.0107421875,2.23,7.47203366759727,6.86711619644551,-2.44651727173222,48817192683.2253
Tanzania,tz,2017,5.31871605228931,53274884532.7886,986.674011230469,2.303,2.63812393333545,6.76227716834148,-2.77340665420784,52339432682.9388
Tanzania,tz,2018,3.49445848856181,57003712892.0858,1023.10626220703,2.393,3.04136223867999,5.46808181528009,-4.05030922232883,56365032376.3658
Tanzania,tz,2019,3.4642805799902,61026731925.9213,1063.32250976563,2.496,2.2804089300173,5.79999999996723,-2.19615506388311,60012994185.1719
Tanzania,tz,2020,3.29029062798325,66068737786.0639,1117.41528320313,2.781,6.42301399038681,1.99196460647855,-2.2076210603596,64804138398.1066
Tanzania,tz,2021,3.69091958802199,70655628147.8986,1159.85656738281,2.821,2.67430327389397,4.32138429480482,-3.36023268162551,69464087924.3544
Tanzania,tz,2022,4.35027204269101,75769974505.0106,1207.85302734375,2.588,2.76261483337198,4.56600576430955,-7.23534153367144,74376313109.1194
Tanzania,tz,2023,3.79923291384916,79062403820.892,1224.48962402344,2.582,2.74821189393757,5.06952353203394,-3.74173192675319,77553169188.701
Uganda,ug,2010,3.97655288478168,26673441430.7857,823.488144282,3.619,5.63761163813462,5.63761163749757,-6.03511814570154,26231034498.6906
Uganda,ug,2011,16.5643496174515,27871725241.4723,835.620060555838,3.528,9.39165549203732,9.3916554927176,-7.48878445953837,27440502305.144
Uganda,ug,2012,12.6790377224659,27305915910.7877,795.222867553127,3.551,3.83745560625658,3.83745560605229,-6.06312638733373,26729090962.4985
Uganda,ug,2013,4.90520875694557,28915786516.6123,818.285427416713,1.91,3.58690582613154,3.58690582623025,-6.05719389968621,28273784943.6244
Uganda,ug,2014,3.07570668958641,32612397257.4458,896.054795546394,2.348,5.10630732385718,5.10630732539796,-6.64160843323991,31865562076.8959
Uganda,ug,2015,5.58968606251725,32387183730.1002,862.934610355811,2.679,5.18785986456285,5.18785986002466,-5.09288758031744,31759208103.9823
Uganda,ug,2016,5.70637504616212,29203988696.2626,752.696571725656,3.008,4.78100029080551,4.78100029254482,-2.72563968618806,28691910472.5653
Uganda,ug,2017,5.20971705914209,30744473841.424,765.218332297361,3.428,4.64905081962502,3.13140551723596,-4.8845443027942,30021045436.8951
Uganda,ug,2018,2.61601190952274,32927025619.6795,792.16570022814,3.25,4.44338527166425,6.30392378262997,-6.33133624612692,32000683481.9778
Uganda,ug,2019,2.867588034469,35348155095.4215,822.057058189153,3.06,3.00001181631713,6.43874503276439,-7.44751739629259,34432253660.8401
Uganda,ug,2020,3.31332289544502,37600368241.6657,845.766463890124,3.831,2.72148444149991,2.95130642218098,-9.56953393880005,36830875672.5288
Uganda,ug,2021,2.20457204757414,40529788748.6737,882.791717542504,3.422,2.54511929619305,3.53658034070898,-8.89447024348966,39643093796.5922
Uganda,ug,2022,7.1957888597581,45565333210.9108,963.067314117178,2.886,4.92228673099149,4.58802192181773,-8.91895156607101,44595747451.055
Uganda,ug,2023,5.35094804280395,48768955863.3175,1002.30913917142,2.787,6.74801516641013,5.33697295511469,-7.72302776084858,47796257769.3044
Ukraine,ua,2010,9.37293105078978,141209170427.233,3039.63232421875,8.1,13.6732282073329,4.09200436668087,-2.13583862214825,135958427544.398
Ukraine,ua,2011,7.95572466274652,169333835201.554,3656.69799804688,7.851,14.1819086626365,5.44528081048476,-6.04309232577169,161004939653.442
Ukraine,ua,2012,0.568727971803862,182591753827.949,3951.34228515625,7.529,7.98256111045039,0.152314967200653,-7.85084742299342,180602773435.061
Ukraine,ua,2013,-0.238948626045407,190498811460.028,4129.89697265625,7.17,4.30879343709354,0.045439094492707,-8.67092024008033,187716627048.668
Ukraine,ua,2014,12.0718562874251,133503871861.723,3054.908203125,9.27,15.9017375254406,-10.0788949856211,-3.44259678457888,131977538852.591
Ukraine,ua,2015,48.6998646434424,91030967789.0717,2094.47387695313,9.14,38.8816797571771,-9.77298721103519,5.53108477509173,94833354986.1847
Ukraine,ua,2016,13.9127101997797,93355869403.9223,2158.46118164063,9.35,17.097134924235,2.4409819445784,-1.99880308749136,94324077169.513
Ukraine,ua,2017,14.4383227488749,112090505081.739,2604.28759765625,9.5,22.0983174978017,2.35997228099491,-3.09838910750506,113717855579.016
Ukraine,ua,2018,10.9518559353178,130891088293.55,3059.0517578125,8.799,15.3985303493458,3.4883623420827,-4.9140091077667,132164741725.995
Ukraine,ua,2019,7.88671745611133,153883047509.577,3619.86157226563,8.194,8.24622626771318,3.19950386231294,-2.67995732261758,155795133939.49
Ukraine,ua,2020,2.73249209419427,156617722013.342,3709.76928710938,9.475,10.2949601365333,-3.7528179386597,3.36296552669264,160040031866.428
Ukraine,ua,2021,9.36313917695223,199765859570.935,4775.94580078125,9.834,24.8047567705188,3.44562065700251,-1.94327499620701,193966075658.275
Ukraine,ua,2022,20.1836366617478,161989520721.19,4199.6708984375,,34.9152851391436,-28.7585842132117,4.9237752939142,170470520722.365
Ukraine,ua,2023,12.8490222828559,178757021965.008,5069.703125,,18.4804556382296,5.32433537426355,-5.35027933161258,183755021981.851
Uruguay,uy,2010,6.69870886978132,41950361211.9581,12641.0576849008,7.158,5.74685698442181,7.8034096507169,-1.7421567938392,40447852178.1071
Uruguay,uy,2011,8.0928320630299,50342406067.0777,15132.2675725587,6.307,9.87542024568336,5.16213302463606,-2.61132861090732,48712391359.77
Uruguay,uy,2012,8.09776580573602,54232266358.7811,16259.5940814256,6.451,9.41291247372213,3.53817872056869,-3.7550569524485,50380210747.357
Uruguay,uy,2013,8.57513504005397,61337621933.7857,18335.2594772322,6.444,8.99924666884517,4.63753862902416,-3.28720935568054,58272697036.2874
Uruguay,uy,2014,8.87735333229828,61496186973.902,18322.4276767157,6.547,10.2206566034525,3.23879122952364,-2.98942522248202,57758605834.761
Uruguay,uy,2015,8.66626987079328,57680327998.6689,17125.9016800298,7.488,9.85542032172539,0.370741257681345,-0.255015059040964,55232403158.3431
Uruguay,uy,2016,9.6394134763508,57480788390.2581,17009.7586944503,7.841,8.16545835238871,1.6897981652001,0.825062136386404,54820503514.2859
Uruguay,uy,2017,6.2180938256186,65006039994.56,19184.6626659717,7.89,5.68017140929055,1.74037648675632,0.0113261681498872,61449241065.8242
Uruguay,uy,2018,7.60653360377047,65344576348.2279,19249.9401532664,8.336,7.52556005706775,0.164777659980814,-0.460578522523158,61677734383.874
Uruguay,uy,2019,7.88198870879619,62222325807.0578,18315.7352857194,8.836,8.25633406013463,0.928351033363754,1.29326535028897,59174795690.0189
Uruguay,uy,2020,9.75640636078194,53668636567.8667,15789.6857422214,10.413,10.9766432085298,-7.38014184479323,-0.727725470261437,50779391680.7962
Uruguay,uy,2021,7.74791402314762,60760798595.5436,17888.211510172,9.328,11.1806219609622,5.56189279343275,-2.46165158976317,54661497469.5644
Uruguay,uy,2022,9.10437983075437,70164683290.3776,20691.9738991763,7.877,4.24465355140362,4.70725761465232,-3.71115949105198,63181504841.7918
Uruguay,uy,2023,5.86910359896119,77240830877.4597,22797.8111731861,8.355,3.4309701895517,0.3674751756175,-3.33526614947019,71753758290.6471
United States,us,2010,1.6400434423899,15048971000000.0,48650.6643227232,9.633,1.21528668186946,2.6951925838264,-2.87064145448882,15185160000000.0
United States,us,2011,3.156841568622,15599732000000.0,50065.9789470675,8.949,2.06310947543149,1.56440685438301,-2.91862065322661,15861958000000.0
United States,us,2012,2.06933726526067,16253970000000.0,51784.4114692048,8.069,1.8621649281277,2.28911338767897,-2.57236847367136,16640301000000.0
United States,us,2013,1.46483265562717,16880683000000.0,53409.7507774372,7.375,1.70188036067233,2.11783009919849,-2.01090797096302,17140708000000.0
United States,us,2014,1.62222297740817,17608138000000.0,55304.3155317137,6.168,1.74161805258845,2.52381981441982,-2.10117617206317,17984237000000.0
United States,us,2015,0.118627135552451,18295019000000.0,57040.2082136605,5.28,0.928042794757729,2.94555045455233,-2.2325584903738,18608138000000.0
United States,us,2016,1.26158320570536,18804913000000.0,58206.6141931844,4.869,0.950322479212474,1.81945147474293,-2.10699725119707,18983369000000.0
United States,us,2017,2.13011000365961,19612102000000.0,60322.2614241747,4.355,1.79080328489228,2.45762230322211,-1.87442427129943,19837150000000.0
United States,us,2018,2.44258329692817,20656516000000.0,63201.0458483771,3.896,2.29089027694276,2.96650506916633,-2.12935714812701,20883383000000.0
United States,us,2019,1.81221007526021,21539982000000.0,65604.6815198734,3.669,1.65046566913496,2.58382533018855,-2.05082808332895,21764838000000.0
United States,us,2020,1.23358439630629,21354105000000.0,64411.3731779373,8.055,1.32883273821459,-2.16302913866514,-2.81541652061746,21458070000000.0
United States,us,2021,4.69785886363742,23681171000000.0,71318.3073592183,5.349,4.56598550261971,6.05505293304576,-3.66529172058257,23832230000000.0
United States,us,2022,8.00279982052121,26006893000000.0,78035.1753604212,3.65,7.12948085421044,2.51237531983308,-3.8916721040072,26231750000000.0
United States,us,2023,4.11633838374488,27720709000000.0,82769.4122114216,3.638,3.59839135378053,2.88755600906016,-3.26607086420481,27576136000000.0
Uzbekistan,uz,2010,,49765676402.4495,1753.20730243278,5.36,48.5816899500968,7.5971679610016,4.57873837700296,50620430026.2665
Uzbekistan,uz,2011,13.7797446476602,60178909297.208,2087.86386135694,4.96,21.6265099361492,7.52513989422977,4.62538550929309,61313053176.5864
Uzbekistan,uz,2012,13.2088026688373,67517349212.0609,2307.34649117185,4.87,15.3987947017455,7.10244488706955,1.79063211759422,68310411486.0245
Uzbekistan,uz,2013,11.8414333622049,73180037914.9104,2461.97947403595,4.86,11.9878914787951,7.29655036964023,1.79798249224148,74402142414.1827
Uzbekistan,uz,2014,9.28309356162695,80845385809.4529,2674.9628382103,5.09,14.024917632322,6.87383844082959,2.56777659798885,81960281654.2022
Uzbekistan,uz,2015,8.75188196737508,86196264755.3105,2803.19018021751,5.15,10.5006995149485,7.21877350826054,1.03912867157671,87622912878.4217
Uzbekistan,uz,2016,8.130886695236,86138288644.171,2753.37951427589,5.16,8.93036849322681,5.93215079992144,0.24755111491788,86990975030.9007
Uzbekistan,uz,2017,13.8757425441635,69703222282.7278,2190.60411562888,5.83,33.6793703839334,4.39527463345708,2.12025210569774,70916116486.5204
Uzbekistan,uz,2018,17.5241796514055,58695899092.1083,1813.08530813664,5.389,25.8811586348502,5.5591957292327,-6.12166433969794,60203452154.7622
Uzbekistan,uz,2019,14.5257359560687,67293639798.3996,2041.38480729431,4.932,17.5760106233835,6.77992399653822,-5.00972224414465,68029857950.0186
Uzbekistan,uz,2020,12.8677297362606,66443265418.3086,1978.28051860763,5.293,10.6103382243685,1.56334277259953,-4.55709801917972,66603341567.8173
Uzbekistan,uz,2021,10.8492397508122,77340060003.0347,2258.51964119278,5.364,13.6929732776911,8.0346831263811,-6.33246372299443,77697421134.9422
Uzbekistan,uz,2022,11.4466436998836,90095926567.4359,2578.66689394219,4.49,14.4626563512753,6.00134232206508,-3.15990083649044,90999134200.6793
Uzbekistan,uz,2023,9.95659071258018,101591769702.343,2849.51461071911,4.46,12.6585380276262,6.29141635081155,-7.67757089689965,100818361933.577
St. Vincent and the Grenadines,vc,2010,0.747109026311474,720447888.888889,6551.96835992405,19.966,5.58059737402084,-4.47046793507802,-26.3254736856601,708168962.962963
St. Vincent and the Grenadines,vc,2011,3.1860311155246,713796370.37037,6527.68996854448,20.049,-0.318904485659587,-0.60627665148327,-22.3322580316271,700854000.0
St. Vincent and the Grenadines,vc,2012,2.59844414147101,730032592.592593,6713.80768643865,19.867,1.09274185566588,1.16911218376478,-25.3027530049806,726213444.444444
St. Vincent and the Grenadines,vc,2013,0.805127804267928,764781259.259259,7072.46737188939,19.367,2.24218127684152,2.4624841721544,-24.7266517767588,761060481.481481
St. Vincent and the Grenadines,vc,2014,0.193858560794015,770900000.0,7168.82875342911,19.249,-0.444631190605605,1.25025436927181,-25.2076799475115,738996296.296296
St. Vincent and the Grenadines,vc,2015,-1.73361194953959,786555555.555555,7353.73556054184,19.141,-0.73197382986011,2.78316119435202,-15.5812824807684,766874074.074074
St. Vincent and the Grenadines,vc,2016,-0.149641647633284,814303703.703704,7656.90042881178,19.028,-0.593519522361845,4.14593168183934,-13.0833803977971,806337037.037037
St. Vincent and the Grenadines,vc,2017,2.15333648840511,844040740.740741,7988.04445019298,19.006,2.17154353020716,1.44883063367161,-11.8946710104421,839422222.222222
St. Vincent and the Grenadines,vc,2018,2.32414485367921,884329629.62963,8428.12677153069,18.984,1.54854733183845,3.1756114423991,-10.3037962472728,882574074.074074
St. Vincent and the Grenadines,vc,2019,0.91306972532459,910766666.666667,8743.33202133753,19.235,2.31247061564642,0.661727443679865,-2.3874056452236,908962962.962963
St. Vincent and the Grenadines,vc,2020,-0.628131309354654,869111111.111111,8395.09988902412,20.636,-0.866950860241658,-3.73914599187015,-15.8111087104748,861218518.518518
St. Vincent and the Grenadines,vc,2021,1.57272932500558,872225925.925926,8481.30537359541,20.341,-0.392447955296817,0.75379707990075,-23.6489081999652,855333333.333333
St. Vincent and the Grenadines,vc,2022,5.66009779226552,966492592.592592,9471.14627317673,19.417,3.40404091410261,7.1598328657349,-20.6651510425249,958674074.074074
St. Vincent and the Grenadines,vc,2023,4.56457719814894,1065962962.96296,10520.4441534791,18.574,4.03314414454677,6.01610914506236,-16.926516973003,1058555555.55556
"Venezuela, RB",ve,2010,28.1874647092039,393192354510.653,13646.3046622664,7.112,45.9432686985893,-1.48879125078348,1.42042436378266,388341431499.169
"Venezuela, RB",ve,2011,26.0902123160959,316482190800.364,10843.9229703167,6.902,28.1491909528854,4.17642535923927,5.1636396849605,308493145268.459
"Venezuela, RB",ve,2012,21.0689956331876,381286237847.667,12901.4171582274,6.601,14.0594300642861,5.62595697508641,0.678230616084593,371208188282.47
"Venezuela, RB",ve,2013,40.6394275161589,371005379786.566,12403.1466957582,7.54,35.5026746348335,1.34309403607476,1.24095235563662,359262387418.641
"Venezuela, RB",ve,2014,62.1686499794829,482359318767.703,15943.6127197163,6.821,40.4404901065548,-3.89438647450662,1.01977919957402,476933862544.158
"Venezuela, RB",ve,2015,121.738085297503,,,6.137,,,,
"Venezuela, RB",ve,2016,254.948534781816,,,5.319,,,,
"Venezuela, RB",ve,2017,,,,5.045,,,,
"Venezuela, RB",ve,2018,,,,5.46,,,,
"Venezuela, RB",ve,2019,,,,5.876,,,,
"Venezuela, RB",ve,2020,,,,7.53,,,,
"Venezuela, RB",ve,2021,,,,7.037,,,,
"Venezuela, RB",ve,2022,,,,5.707,,,,
"Venezuela, RB",ve,2023,,,,5.485,,,,
British Virgin Islands,vg,2010,,,,,,,,
British Virgin Islands,vg,2011,,,,,,,,
British Virgin Islands,vg,2012,,,,,,,,
British Virgin Islands,vg,2013,,,,,,,,
British Virgin Islands,vg,2014,,,,,,,,
British Virgin Islands,vg,2015,,,,,,,,
British Virgin Islands,vg,2016,,,,,,,,
British Virgin Islands,vg,2017,,,,,,,,
British Virgin Islands,vg,2018,,,,,,,,
British Virgin Islands,vg,2019,,,,,,,,
British Virgin Islands,vg,2020,,,,,,,,
British Virgin Islands,vg,2021,,,,,,,,
British Virgin Islands,vg,2022,,,,,,,,
British Virgin Islands,vg,2023,,,,,,,,
Virgin Islands (U.S.),vi,2010,,4324000000.0,39905.1284180994,11.742,2.31766890279064,0.596383224317051,,
Virgin Islands (U.S.),vi,2011,,4223000000.0,38997.1373164651,12.041,6.3929376734505,-8.20424555364315,,
Virgin Islands (U.S.),vi,2012,,4089000000.0,37795.3192590675,12.109,13.6632725550557,-14.8125,,
Virgin Islands (U.S.),vi,2013,,3738000000.0,34597.9766940328,12.55,-2.45302713987473,-6.28515529469308,,
Virgin Islands (U.S.),vi,2014,,3565000000.0,33045.3643795999,12.64,-2.90516617398133,-1.77453027139875,,
Virgin Islands (U.S.),vi,2015,,3663000000.0,34007.3529411765,12.422,3.18757755421872,-0.425079702444208,,
Virgin Islands (U.S.),vi,2016,,3798000000.0,35324.9748874586,12.515,2.05180352239177,1.6008537886873,,
Virgin Islands (U.S.),vi,2017,,3794000000.0,35365.0693039774,12.217,0.634642014315531,-0.735294117647058,,
Virgin Islands (U.S.),vi,2018,,3923000000.0,36663.2087550584,12.407,1.4937415019437,1.87830687830687,,
Virgin Islands (U.S.),vi,2019,,4121000000.0,38633.5298915336,12.551,2.07837613911349,2.90833549727343,,
Virgin Islands (U.S.),vi,2020,,4229000000.0,39787.3741650202,15.191,4.305187418871,-1.61493817814787,,
Virgin Islands (U.S.),vi,2021,,4507000000.0,42571.0777368471,14.273,2.80323919722554,3.66760707873814,,
Virgin Islands (U.S.),vi,2022,,4672000000.0,44320.909185774,13.007,5.03826726070469,-1.31123206333498,,
Virgin Islands (U.S.),vi,2023,,,,12.32,,,,
Viet Nam,vn,2010,9.20746648778413,147201173196.979,1683.16182443979,1.114,42.3032672488557,6.42324482239482,-2.90486815229253,142634239839.849
Viet Nam,vn,2011,18.6777322770707,172595049183.925,1950.92504174913,0.999,21.4136792818177,6.41316889681683,0.136736251193688,167761189190.507
Viet Nam,vn,2012,9.09470339557192,195590661129.249,2185.11767654291,1.027,9.07766069025038,5.5045447041189,4.82078231422777,189361661225.274
Viet Nam,vn,2013,6.59267475899192,213708811665.34,2359.51736472828,1.316,4.03852363752276,5.55351081026072,3.62409015316054,206372010776.926
Viet Nam,vn,2014,4.08455446637617,233451469642.519,2546.38464459903,1.256,3.69813796808818,6.42224312118567,4.00897026449707,224605804804.237
Viet Nam,vn,2015,0.631200905175754,239258328381.741,2577.56885340113,1.848,-1.71651170749655,6.98715430598611,-0.853052854546214,227116870128.414
Viet Nam,vn,2016,2.66824816969082,257096001177.982,2735.0604380416,1.848,1.81953592779914,6.69000892660424,0.243099852637275,242953110901.302
Viet Nam,vn,2017,3.52025688811617,281353605986.903,2956.10992127753,1.874,4.36292014766431,6.94019037359206,-0.586095207209378,264356106349.992
Viet Nam,vn,2018,3.53962805942641,310106478394.659,3222.31003125366,1.161,3.62664730027259,7.46500685572751,1.90236367538642,294286042195.288
Viet Nam,vn,2019,2.7958236745225,334365270496.667,3440.90025375434,1.681,2.42322694229267,7.35926270105006,3.91824395534242,317567408001.614
Viet Nam,vn,2020,3.22093436652514,346615738537.796,3534.03953482647,2.103,1.46747814810814,2.86541320912272,4.34486906553373,331798335389.682
Viet Nam,vn,2021,1.83471554810444,366474752771.009,3704.1935590038,2.385,2.88076792900642,2.55372852648131,-1.26284279203588,347725576769.191
Viet Nam,vn,2022,3.15650749963129,410324028883.325,4116.38576094153,1.523,4.05124231712631,8.12351446767343,0.341681183969525,390409525932.523
Viet Nam,vn,2023,3.25289282667662,429716969043.572,4282.08851724506,1.645,1.90623130183931,5.0464307361882,6.01163134364857,407253969043.888
Vanuatu,vu,2010,2.76269469477348,670712979.682038,2815.18828985779,4.685,1.47170880333948,1.25886720329326,-6.28849949641009,649212987.003579
Vanuatu,vu,2011,0.8737931047811,770153588.218833,3163.1861645138,4.821,2.7869098819283,3.13980290023412,-7.91488480979288,751132267.723025
Vanuatu,vu,2012,1.34740362877658,747839697.746593,3004.78416664293,4.951,-0.464035692443744,1.01004768692042,-9.17502386187912,704726363.513696
Vanuatu,vu,2013,1.45893371757921,758304466.245339,2979.79608084399,5.058,3.00718624960781,0.463390415135095,-0.679551096968484,757991099.241082
Vanuatu,vu,2014,0.798863838097023,772315983.81843,2967.70667006774,5.15,1.3918106721694,3.13686729438693,0.548343688130672,784484132.738753
Vanuatu,vu,2015,2.48326875660439,730870802.967051,2746.59171880997,5.254,5.86381979755184,0.366522075389213,-15.6844403857538,743900571.329259
Vanuatu,vu,2016,0.842069084035061,780889605.899977,2869.9996909076,5.261,1.57698407705098,4.68875636558563,-9.02402419853687,798348793.731274
Vanuatu,vu,2017,3.08452624403546,880061833.690341,3159.92716050347,5.287,5.36408692920448,6.31730538443077,-8.04743378288885,882373246.921585
Vanuatu,vu,2018,2.33096379566866,914736985.430944,3206.68930842127,5.326,3.20664527462094,2.90023027256446,3.23643954970647,941313836.51795
Vanuatu,vu,2019,2.76252019386111,936526267.622513,3207.44650452083,5.444,3.27936283046665,3.24118765540442,7.82580551277015,1070449523.89253
Vanuatu,vu,2020,5.32935073101715,909421043.508407,3042.98711598286,4.046,2.78534184329737,-4.99249142889525,-6.36202228392834,1013095042.46837
Vanuatu,vu,2021,2.34328358208953,950394006.532514,3107.20312858002,4.766,0.699715546543558,-1.55229489129462,-7.93891667204483,1087394696.32946
Vanuatu,vu,2022,6.67930581887121,1022219297.50335,3265.39645133096,5.143,11.2255171861908,1.9160570121628,-12.4662029314868,1179535221.15768
Vanuatu,vu,2023,11.1825017088175,1126313359.21923,3515.23633611798,5.082,11.3100213269124,2.21294177094788,,1281011717.85655
Samoa,ws,2010,0.777007268777692,680260907.153983,3524.2479246203,5.621,-5.14594346625773,6.1247199226125,-9.04869884205239,660391187.349794
Samoa,ws,2011,5.23541591478434,744097050.169115,3821.50678264479,5.68,-0.909859896408477,3.84907794660396,-10.9186849756524,716182120.904322
Samoa,ws,2012,2.0490188352116,773141661.165548,3934.60320799981,8.752,4.02647526320095,-3.73213020890266,-0.996591960794168,746301096.848522
Samoa,ws,2013,0.61008572090503,797736334.281305,4023.5254013825,8.773,2.34629009874605,0.107293276488932,-5.60710703051041,770254910.765476
Samoa,ws,2014,-0.40681608842489,796683519.593842,3982.68080202084,8.72,0.853113222017427,0.659923768782861,-5.83183311325534,766889272.264399
Samoa,ws,2015,0.724470134874729,824150498.653536,4084.36083819933,8.9,3.96466639608224,3.8503618166494,-1.54215771746014,807830609.604773
Samoa,ws,2016,1.30471869303179,843924796.697421,4147.07097674888,9.062,2.24475651909437,7.9838628784713,-4.5540235736258,825243379.633969
Samoa,ws,2017,1.74989677484705,884844384.463214,4307.59381964907,9.4,0.304905422515247,1.40628239971301,-1.07027554451417,858933636.429606
Samoa,ws,2018,4.19745888663752,878448433.404342,4231.81409469194,8.639,1.09758340635358,-0.609647103380141,2.68908513860988,849320886.656242
Samoa,ws,2019,0.982326569888117,912950466.064906,4351.94234943706,7.838,1.49948619479095,4.45185891688691,3.73223650537796,877132815.606518
Samoa,ws,2020,-1.56891247740895,868898358.266437,4099.6600907147,7.435,1.22360923994052,-3.10844401053139,-8.71582198203278,838366843.735625
Samoa,ws,2021,3.13320473174494,843923638.733018,3947.64517905415,6.612,-0.401252917375643,-7.07883094291508,-13.5611890300086,829263325.780194
Samoa,ws,2022,10.9618822286844,832945205.637185,3869.46639492144,5.048,5.63837728809762,-5.30629089966979,-8.89697504523242,812472950.556034
Samoa,ws,2023,7.92164684826777,938189443.830393,4330.17840531329,4.977,8.71088435704601,8.58409121817338,4.25995036799314,924520032.609436
Kosovo,xk,2010,3.48050763735842,5343950556.07185,2987.54519574464,,6.39240138953099,4.93995095961395,-12.6780403682768,5433365636.62902
Kosovo,xk,2011,7.3364177131527,6341613609.97976,3538.94759838576,,6.30376606515529,6.31981022896761,-13.3320955733888,6496425181.02376
Kosovo,xk,2012,2.47673782156533,6163484244.63408,3410.65550749316,,3.52540286006931,1.71219595890548,-6.16059038170407,6360842590.23715
Kosovo,xk,2013,1.76732428354892,6735328609.6594,3704.55872781672,,0.353127123761723,5.34079911900278,-3.58059218169538,6896736547.82222
Kosovo,xk,2014,0.428957808324092,7074394734.88431,3902.49424360946,,1.60143890288818,3.34880478431623,-7.09051727977766,7225543489.81305
Kosovo,xk,2015,-0.536929392740659,6295848422.71573,3520.62850699375,,0.607840658633862,5.91623128345211,-8.69442568888461,6398632302.81728
Kosovo,xk,2016,0.273169431045468,6682677289.98994,3759.44959067104,,0.779254169265613,5.57177504731632,-7.93442547946963,6765147256.92673
Kosovo,xk,2017,1.48823430592319,7180764703.35718,4009.31799347588,,0.440019143256507,4.82565565298054,-5.26348154548199,7324662733.87212
Kosovo,xk,2018,1.05379773654991,7878759714.82322,4384.18624084947,,1.49891925129965,3.40663227056285,-7.62173638381964,8012300817.33829
Kosovo,xk,2019,2.67599202639893,7899737577.47286,4415.99716107514,,0.962960139069509,4.75680057007834,-5.66136623459618,8079554105.61387
Kosovo,xk,2020,0.198227922994854,7717145217.81247,4310.88824737367,,1.38110717217515,-5.34027547826166,-7.01174200597718,7904028034.98675
Kosovo,xk,2021,3.35369139207997,9413403724.01899,5270.42670206205,,6.11553993082821,10.7456560819583,-8.6934605029825,9592462889.33813
Kosovo,xk,2022,11.5805104542012,9354903061.8898,5290.94747224687,,7.1987107549258,4.27849895827543,-10.5108858226077,9476376882.92131
Kosovo,xk,2023,4.94432438791283,10468219225.4869,5960.15820477447,,4.56377769107739,4.06762701436438,-7.4997493779851,10683305468.7416
"Yemen, Rep.",ye,2010,11.1748338605044,30906749533.221,1155.20305261418,12.779,23.6162920182449,7.70230703961865,-3.41069923528219,29087765768.4776
"Yemen, Rep.",ye,2011,19.5435617131144,32726417878.391,1186.47500581215,13.311,18.1136666696716,-12.7148968954117,-1.61143995618416,30388993336.2956
"Yemen, Rep.",ye,2012,9.88538714484871,35401331609.5916,1245.05068272078,13.473,5.89315892251292,2.3929902093532,-0.94521109936014,33831688609.8425
"Yemen, Rep.",ye,2013,10.9684421500198,40415233436.1767,1378.75002954928,13.673,9.20895704915077,4.82351906650533,-3.78691356368033,38599633436.1767
"Yemen, Rep.",ye,2014,8.10472583623915,43228585321.3272,1430.16420964026,13.467,7.16332422002795,-0.188690232450909,-3.44275275189167,40801643750.2909
"Yemen, Rep.",ye,2015,,42444489522.2303,1362.17379435676,17.9,46.4762512255778,-27.9945462536875,-7.12936963148351,41437133275.7215
"Yemen, Rep.",ye,2016,,31317824943.2073,975.359406696353,18.416,0.134410844260984,-9.37512381761694,-7.72391066709866,30921701659.4956
"Yemen, Rep.",ye,2017,,26842228828.5629,811.165963877611,18.603,18.5535661652076,-5.07179563883867,,26106000074.582
"Yemen, Rep.",ye,2018,,21606160783.9845,633.887206000087,17.584,14.8536647661831,0.752447587579127,,20996364431.2515
"Yemen, Rep.",ye,2019,,,623.376164898164,17.202,,,,
"Yemen, Rep.",ye,2020,,,559.564672794182,17.953,,,,
"Yemen, Rep.",ye,2021,,,522.173512705812,18.287,,,,
"Yemen, Rep.",ye,2022,,,615.70207931388,17.363,,,,
"Yemen, Rep.",ye,2023,,,477.409028678688,17.091,,,,
South Africa,za,2010,4.06749555950263,417363822801.713,7973.47195771517,24.683,6.12843243160444,3.03973288127956,-1.29901805615596,409232529965.626
South Africa,za,2011,5.0008533879502,458199494830.834,8646.05571071635,24.639,5.53905643151262,3.16855627858818,-2.01967628513274,447479678691.973
South Africa,za,2012,5.73797139141739,434400545085.811,8076.97678479741,24.727,4.68520638813985,2.39623238465745,-4.68373643403848,423516734077.151
South Africa,za,2013,5.78016910069176,400886013595.573,7331.65467384919,24.561,5.84411140067347,2.48546800826588,-5.33837274756912,391194711860.894
South Africa,za,2014,6.13282953059149,381198869776.106,6856.73137092522,24.89,5.36654618468381,1.41382645223793,-4.81243259488483,371745234720.224
South Africa,za,2015,4.51869094892506,346709790458.563,6112.27382485974,25.149,5.54552812339873,1.32186223678229,-4.31028688643788,338766618711.13
South Africa,za,2016,6.60290842394872,323585509674.481,5651.20585165749,26.536,6.9521719608848,0.664552307858116,-2.63361451678798,315294109648.646
South Africa,za,2017,5.18618655524149,381448814653.456,6618.33508255701,27.035,5.47332197481477,1.15794695181735,-2.37436753188649,370872987853.886
South Africa,za,2018,4.50987264867388,405260723892.517,6914.1780318076,26.906,3.99329508509443,1.55678384721676,-3.00051939426577,393942734756.111
South Africa,za,2019,4.10285075461156,389330032224.269,6533.71121032856,28.468,4.61352469052481,0.25993557687633,-2.61999067483039,379611912078.734
South Africa,za,2020,3.23238831615113,337974655408.055,5580.60383075189,29.217,5.3913943350576,-6.1689177146757,2.00352275153333,332348812405.049
South Africa,za,2021,4.61874544887136,420886877628.703,6843.39941886204,34.007,6.53869058287115,4.95503259440756,3.73044877034516,412864533620.666
South Africa,za,2022,7.03987272546482,406920004594.074,6523.41097815853,33.268,4.99247138395964,1.91147996033504,-0.461509368787066,398453691164.869
South Africa,za,2023,6.0752438457966,380699271814.508,6022.5425418935,32.098,4.80427142532388,0.698485194788034,-1.6136668878188,375533190780.566
Zambia,zm,2010,8.50176133365265,20265559483.8548,1451.10616017155,13.19,13.9509131934519,10.2982233241213,7.52549147652086,18902559483.8548
Zambia,zm,2011,6.4293968107234,23459515275.5776,1624.86817763443,10.545,11.1074132686175,5.56925219263019,4.65823655766585,22302537247.7215
Zambia,zm,2012,6.57589970757698,25503060420.026,1710.05061343728,7.85,6.99222724900214,7.59738104901994,5.37898486156035,25071084452.0428
Zambia,zm,2013,6.97767605490307,28037239462.7142,1820.71854827391,7.264,9.73089122030567,5.05753695047252,-0.575955750525117,26888392774.4326
Zambia,zm,2014,7.80687553566333,27141023558.0829,1707.48573136694,6.571,5.44052458126617,4.69328316376705,-1.4270939600475,26589065800.1625
Zambia,zm,2015,10.1105928909618,21251216798.7762,1295.87788680068,5.942,6.65929211357343,2.92037511217961,-3.61227207947561,20839208733.1386
Zambia,zm,2016,17.8697300795268,20958412538.3093,1239.08527877713,5.239,13.5761011694227,3.75510031678988,-4.55168827542136,20311304651.4334
Zambia,zm,2017,6.57731154205644,25873601260.8353,1483.46577328065,4.529,10.0728370854916,3.52586277149926,-1.68127057617849,24726787496.7166
Zambia,zm,2018,7.4945719272852,26311507273.6735,1463.89997855593,5.033,7.41157094843257,4.03449389667165,-1.30116677554112,25904703273.4567
Zambia,zm,2019,9.15031644316296,23308667781.2258,1258.98619844462,5.542,7.63347048076743,1.44130602603785,0.603690808802687,22904080806.827
Zambia,zm,2020,15.7330604721369,18137764930.651,951.644316655957,6.033,13.9138706178858,-2.78505506545167,11.790957110182,17628788924.0422
Zambia,zm,2021,22.0207676245777,22096416932.0089,1127.16077872857,5.199,25.1427776148297,6.23492204726448,11.9003513535048,20174571689.6587
Zambia,zm,2022,10.9932039209136,29163782140.4858,1447.12310138035,5.995,6.14031838965083,5.21122360356247,3.74784661580664,27416151733.2391
Zambia,zm,2023,10.884531691282,27577956471.244,1330.72780576709,5.905,7.09462960303757,5.36794285493059,-2.11297552403751,26271802177.2987
Zimbabwe,zw,2010,3.02267002518892,12041655200.0,901.554443558321,5.447,2.57553601961588,21.4520609184971,-13.7471605529572,11074562500.0
Zimbabwe,zw,2011,3.4661297281749,14101920300.0,1037.25491018154,5.368,2.17176103182936,14.6202072551987,-19.4974720305215,12515356900.0
Zimbabwe,zw,2012,3.72532666110646,17114849900.0,1238.60109002194,5.061,4.85594551850788,15.7448770803376,-13.3076220412174,15245882400.0
Zimbabwe,zw,2013,1.63495041543822,19091020000.0,1362.30066802685,4.943,8.09114024983452,3.1967308868621,-13.8743823030977,17220872400.0
Zimbabwe,zw,2014,-0.19778481012661,19495519600.0,1372.21278071456,4.774,0.624974485152464,1.48454262162193,-11.9711528506992,17300432200.0
Zimbabwe,zw,2015,-2.43096842383404,19963120600.0,1386.42284717709,5.377,0.367419652771034,2.02364999592871,-7.99809536960013,17604879500.0
Zimbabwe,zw,2016,-1.54366960054161,20548678100.0,1407.41536437554,5.886,2.01409473434026,0.900955396308504,-3.39413798529091,18002592300.0
Zimbabwe,zw,2017,0.893962316050027,51074660513.3715,3448.08253696926,6.344,199.324940858088,4.08026390333053,-0.530970477956574,49083524563.1561
Zimbabwe,zw,2018,10.6188658669575,34156069918.0609,2271.8533351306,6.793,3.55429024176341,5.00986678330221,-4.03918326353945,33442898974.5351
Zimbabwe,zw,2019,255.304990757856,25717409842.4479,1684.02790388182,7.373,225.394648207397,-6.33244640703352,3.57917851669349,25261574788.7573
Zimbabwe,zw,2020,557.201817362051,26867936444.6826,1730.41348946953,8.621,604.945864228018,-7.81695064681365,4.08017788104783,26329744652.409
Zimbabwe,zw,2021,98.5461050920624,27240515108.8049,1724.38773104902,9.54,113.294980646573,8.46801689759531,1.27829974854611,26621784726.578
Zimbabwe,zw,2022,104.705170628667,32789751736.3323,2040.55245910726,10.087,266.987151680516,6.13926326513234,0.930064172591628,32026941089.1516
Zimbabwe,zw,2023,,35231367885.8554,2156.0340040333,8.759,921.535651645931,5.33673049519527,0.379995091063515,34796066708.9415
